legislation_id,title,document_type,proposed_domain,proposed_subdomain,classification_confidence,classification_reasons,scope_status,pdf_match_status,local_pdf,text_layer_status,ocr_required,official_gazette_date,official_gazette_number,source_url,human_domain,human_subdomain,validity_status,approved_for_active_rag,reviewed_by,review_notes
22979,YOLA ELVERİŞLİLİK MUAYENESİ VE MUAYENE SONUCU BELİRLENEN EKSİKLİKLERE İLİŞKİN KUSUR GRUPLARI YÖNERGESİ,Yönerge,road_transport,general,0.95,road_transport: 'yola elverişlilik muayenesi' (+9),review_required,matched,Ulaştırma ve Altyapı Bakanlığı/Ulaştırma ve Altyapı Bakanlığı/Yönerge/22979_YOLA ELVERİŞLİLİK MUAYENESİ VE MUAYENE SONUCU BELİRLENEN EKSİKLİKLERE.pdf,available,False,0001-01-01T00:00:00,,https://kms.kaysis.gov.tr/Home/Goster/22979,,,needs_verification,false,,
23169,KARAYOLU DÜZENLEME GENEL MÜDÜRLÜĞÜ EMRİYLE UBAK İZİN BELGELERİ DAĞITIM ESASLARI YÖNERGESİ,Yönerge,road_transport,international_permissions,0.98,road_transport: 'karayolu düzenleme genel müdürlüğü' (+9) | road_transport: 'ubak izin' (+7),review_required,matched,Ulaştırma ve Altyapı Bakanlığı/Ulaştırma ve Altyapı Bakanlığı/Yönerge/23169_KARAYOLU DÜZENLEME GENEL MÜDÜRLÜĞÜ EMRİYLE UBAK İZİN BELGELERİ DAĞITI.pdf,available,False,0001-01-01T00:00:00,,https://kms.kaysis.gov.tr/Home/Goster/23169,,,needs_verification,false,,
23424,KARAYOLUYLA TEHLİKELİ MADDE TAŞIYAN ARAÇ ŞOFÖRLERİNE YÖNELİK MESLEKİ YETERLİLİK EĞİTİMİ YÖNERGESİ,Yönerge,road_transport,dangerous_goods,0.97,road_transport: 'araç şoför' (+5) | road_transport: 'mesleki yeterlilik' (+5),review_required,matched,Ulaştırma ve Altyapı Bakanlığı/Ulaştırma ve Altyapı Bakanlığı/Yönerge/23424_KARAYOLUYLA TEHLİKELİ MADDE TAŞIYAN ARAÇ ŞOFÖRLERİNE YÖNELİK MESLEKİ.pdf,available,False,0001-01-01T00:00:00,,https://kms.kaysis.gov.tr/Home/Goster/23424,,,needs_verification,false,,
23597,2011/KUGM-17/ARAÇ MUAYENE GENELGESİ,Kurum Genelgesi,road_transport,vehicle_inspection,0.92,road_transport: 'araç muayene' (+8),review_required,matched,Ulaştırma ve Altyapı Bakanlığı/Ulaştırma ve Altyapı Bakanlığı/Kurum Genelgesi/23597_2011KUGM-17ARAÇ MUAYENE GENELGESİ.pdf,available,False,0001-01-01T00:00:00,,https://kms.kaysis.gov.tr/Home/Goster/23597,,,needs_verification,false,,
23657,KARA ULAŞTIRMASI GENEL MÜDÜRLÜĞÜNÜN 2009/KUGM-19/EŞYA SAYILI GENELGESİ,Kurum Genelgesi,road_transport,general,0.95,road_transport: 'kara ulaştırması genel müdürlüğü' (+9),review_required,matched,Ulaştırma ve Altyapı Bakanlığı/Ulaştırma ve Altyapı Bakanlığı/Kurum Genelgesi/23657_KARA ULAŞTIRMASI GENEL MÜDÜRLÜĞÜNÜN 2009KUGM-19EŞYA SAYILI GENELGESİ.pdf,available,False,0001-01-01T00:00:00,,https://kms.kaysis.gov.tr/Home/Goster/23657,,,needs_verification,false,,
31817,ORMAN YANGINLARININ ÖNLENMESİ VE SÖNDÜRÜLMESİNDE GÖREVLİLERİN GÖRECEKLERİ İŞLER HAKKINDA YÖNETMELİK,Bakanlar Kurulu Yönetmeliği,unknown,unknown,0.0,Başlıkta güvenilir bir alan göstergesi bulunamadı.,review_required,matched,Ulaştırma ve Altyapı Bakanlığı/Ulaştırma ve Altyapı Bakanlığı/Bakanlar Kurulu Yönetmeliği/31817_ORMAN YANGINLARININ ÖNLENMESİ VE SÖNDÜRÜLMESİNDE GÖREVLİLERİN GÖRECEK.pdf,available,False,1976-10-09T00:00:00,15729,https://kms.kaysis.gov.tr/Home/Goster/31817,,,needs_verification,false,,
33024,DIŞ HATLARA SEFER YAPAN GEMİLERE GİRİŞ VE ÇIKIŞIN DÜZENLENMESİ HAKKINDA YÖNETMELİK,Bakanlar Kurulu Yönetmeliği,maritime,maritime,0.9,maritime: 'gemi' (+7),out_of_scope,matched,Ulaştırma ve Altyapı Bakanlığı/Ulaştırma ve Altyapı Bakanlığı/Bakanlar Kurulu Yönetmeliği/33024_DIŞ HATLARA SEFER YAPAN GEMİLERE GİRİŞ VE ÇIKIŞIN DÜZENLENMESİ HAKKIN.pdf,available,False,1961-11-18T00:00:00,10961,https://kms.kaysis.gov.tr/Home/Goster/33024,,,needs_verification,false,,
33344,KARAYOLU SINIR KAPILARI İLE ULUSLARARASI TRAFİĞE AÇIK HAVA LİMANLARINDA GÜVENLİĞİN VE BU YERLERE HİZMET VEREN KURULUŞLAR ARASINDA İŞBİRLİĞİ VE EŞGÜDÜM SAĞLANMASI HAKKINDA YÖNETMELİK,Bakanlar Kurulu Yönetmeliği,aviation,aviation,0.64,aviation: 'hava liman' (+7) | Birden fazla ulaşım alanı işareti bulundu; insan kapsam kontrolü zorunlu (maritime=6).,review_required,matched,Ulaştırma ve Altyapı Bakanlığı/Ulaştırma ve Altyapı Bakanlığı/Bakanlar Kurulu Yönetmeliği/33344_KARAYOLU SINIR KAPILARI İLE ULUSLARARASI TRAFİĞE AÇIK HAVA LİMANLARIN.pdf,available,False,1979-07-14T00:00:00,16696,https://kms.kaysis.gov.tr/Home/Goster/33344,,,needs_verification,false,,
35430,GEMİ SÖKÜM YÖNETMELİĞİ,Kurum Yönetmeliği,maritime,maritime,0.9,maritime: 'gemi' (+7),out_of_scope,matched,Ulaştırma ve Altyapı Bakanlığı/Ulaştırma ve Altyapı Bakanlığı/Kurum Yönetmeliği/35430_GEMİ SÖKÜM YÖNETMELİĞİ.pdf,available,False,2004-03-08T00:00:00,25396,https://kms.kaysis.gov.tr/Home/Goster/35430,,,needs_verification,false,,
35431,GEMİLERDEN ATIK ALINMASI VE ATIKLARIN KONTROLÜ YÖNETMELİĞİ,Kurum Yönetmeliği,maritime,maritime,0.9,maritime: 'gemi' (+7),out_of_scope,matched,Ulaştırma ve Altyapı Bakanlığı/Ulaştırma ve Altyapı Bakanlığı/Kurum Yönetmeliği/35431_GEMİLERDEN ATIK ALINMASI VE ATIKLARIN KONTROLÜ YÖNETMELİĞİ.pdf,available,False,2004-12-26T00:00:00,25682,https://kms.kaysis.gov.tr/Home/Goster/35431,,,needs_verification,false,,
35433,KUMKAPI BALIKÇI BARINAĞI YÖNETMELİĞİ,Kurum Yönetmeliği,maritime,maritime,0.9,maritime: 'balıkçı barınağı' (+7),out_of_scope,matched,Ulaştırma ve Altyapı Bakanlığı/Ulaştırma ve Altyapı Bakanlığı/Kurum Yönetmeliği/35433_KUMKAPI BALIKÇI BARINAĞI YÖNETMELİĞİ.pdf,available,False,1978-04-29T00:00:00,16273,https://kms.kaysis.gov.tr/Home/Goster/35433,,,needs_verification,false,,
35435,PROFESYONEL SUALTIADAMLARI YÖNETMELİĞİ,Kurum Yönetmeliği,maritime,maritime,0.9,maritime: 'sualtı' (+7),out_of_scope,matched,Ulaştırma ve Altyapı Bakanlığı/Ulaştırma ve Altyapı Bakanlığı/Kurum Yönetmeliği/35435_PROFESYONEL SUALTIADAMLARI YÖNETMELİĞİ.pdf,ocr_required,True,1997-09-02T00:00:00,23098,https://kms.kaysis.gov.tr/Home/Goster/35435,,,needs_verification,false,,
35436,TELSİZ OPERATÖR YETERLİKLERİ VE SINAV YÖNETMELİĞİ,Kurum Yönetmeliği,communications,communications,0.9,communications: 'telsiz' (+7),out_of_scope,matched,Ulaştırma ve Altyapı Bakanlığı/Ulaştırma ve Altyapı Bakanlığı/Kurum Yönetmeliği/35436_TELSİZ OPERATÖR YETERLİKLERİ VE SINAV YÖNETMELİĞİ.pdf,available,False,2004-06-04T00:00:00,25482,https://kms.kaysis.gov.tr/Home/Goster/35436,,,needs_verification,false,,
35437,TÜRK ULUSLARARASI GEMİ SİCİLİ YÖNETMELİĞİ,Kurum Yönetmeliği,maritime,maritime,0.9,maritime: 'gemi' (+7),out_of_scope,matched,Ulaştırma ve Altyapı Bakanlığı/Ulaştırma ve Altyapı Bakanlığı/Kurum Yönetmeliği/35437_TÜRK ULUSLARARASI GEMİ SİCİLİ YÖNETMELİĞİ.pdf,available,False,2000-06-23T00:00:00,24088,https://kms.kaysis.gov.tr/Home/Goster/35437,,,needs_verification,false,,
35515,TÜRK SİLÂHLI KUVVETLERİ DALGIÇLIK YÖNETMELİĞİ,Kurum Yönetmeliği,maritime,maritime,0.9,maritime: 'dalgıç' (+7),out_of_scope,matched,Ulaştırma ve Altyapı Bakanlığı/Ulaştırma ve Altyapı Bakanlığı/Kurum Yönetmeliği/35515_TÜRK SİLÂHLI KUVVETLERİ DALGIÇLIK YÖNETMELİĞİ.pdf,available,False,2001-07-14T00:00:00,24462,https://kms.kaysis.gov.tr/Home/Goster/35515,,,needs_verification,false,,
35638,"GEMİ ADAMLARININ İKAMET YERLERİ, SAĞLIK VE İAŞELERİNE DAİR YÖNETMELİK",Kurum Yönetmeliği,maritime,maritime,0.9,maritime: 'gemi' (+7),out_of_scope,matched,"Ulaştırma ve Altyapı Bakanlığı/Ulaştırma ve Altyapı Bakanlığı/Kurum Yönetmeliği/35638_GEMİ ADAMLARININ İKAMET YERLERİ, SAĞLIK VE İAŞELERİNE DAİR YÖNETMELİK.pdf",available,False,1989-12-20T00:00:00,20378,https://kms.kaysis.gov.tr/Home/Goster/35638,,,needs_verification,false,,
35989,KARAYOLU TAŞIMACILIK FAALİYETLERİ MESLEKİ YETERLİLİK EĞİTİMİ YÖNETMELİĞİ,Kurum Yönetmeliği,road_transport,professional_competence,0.98,road_transport: 'karayolu taşıma' (+10) | road_transport: 'karayolu taşımacılık' (+10) | road_transport: 'mesleki yeterlilik' (+5),review_required,matched,Ulaştırma ve Altyapı Bakanlığı/Ulaştırma ve Altyapı Bakanlığı/Kurum Yönetmeliği/35989_KARAYOLU TAŞIMACILIK FAALİYETLERİ MESLEKİ YETERLİLİK EĞİTİMİ YÖNETMEL.pdf,available,False,2004-09-03T00:00:00,25572,https://kms.kaysis.gov.tr/Home/Goster/35989,,,needs_verification,false,,
36500,KARAYOLLARI TRAFİK YÖNETMELİĞİ,Kurum Yönetmeliği,kgm_infrastructure,general,0.92,kgm_infrastructure: 'karayolları trafik' (+8),review_required,matched,Ulaştırma ve Altyapı Bakanlığı/Ulaştırma ve Altyapı Bakanlığı/Kurum Yönetmeliği/36500_KARAYOLLARI TRAFİK YÖNETMELİĞİ.pdf,available,False,1997-07-18T00:00:00,23053,https://kms.kaysis.gov.tr/Home/Goster/36500,,,needs_verification,false,,
36616,GEZI TEKNELERI YÖNETMELIĞININ 8 INCI MADDESINDE YER ALAN UYUMLAŞTIRILMIŞ ULUSAL STANDARTLARIN LISTESININ YAYIMLANMASINA İLIŞKIN TEBLIĞ (2005/2),Tebliğ,maritime,maritime,0.87,maritime: 'tekne' (+6),out_of_scope,matched,Ulaştırma ve Altyapı Bakanlığı/Ulaştırma ve Altyapı Bakanlığı/Tebliğ/36616_GEZI TEKNELERI YÖNETMELIĞININ 8 INCI MADDESINDE YER ALAN UYUMLAŞTIRIL.pdf,available,False,2005-06-29T00:00:00,25860,https://kms.kaysis.gov.tr/Home/Goster/36616,,,needs_verification,false,,
36812,TÜRK TELEKOM PERSONELİ BİRİKTİRME VE YARDIM SANDIĞI GENEL YÖNETMELİĞİ,Kurum Yönetmeliği,communications,communications,0.64,communications: 'telekom' (+8) | Birden fazla ulaşım alanı işareti bulundu; insan kapsam kontrolü zorunlu (internal_administration=7).,review_required,matched,Ulaştırma ve Altyapı Bakanlığı/Ulaştırma ve Altyapı Bakanlığı/Kurum Yönetmeliği/36812_TÜRK TELEKOM PERSONELİ BİRİKTİRME VE YARDIM SANDIĞI GENEL YÖNETMELİĞİ.pdf,available,False,2003-10-07T00:00:00,25252,https://kms.kaysis.gov.tr/Home/Goster/36812,,,needs_verification,false,,
37045,GEMİ TEÇHİZATI YÖNETMELİĞİ,Kurum Yönetmeliği,maritime,maritime,0.9,maritime: 'gemi' (+7),out_of_scope,matched,Ulaştırma ve Altyapı Bakanlığı/Ulaştırma ve Altyapı Bakanlığı/Kurum Yönetmeliği/37045_GEMİ TEÇHİZATI YÖNETMELİĞİ.pdf,available,False,2005-10-23T00:00:00,25975,https://kms.kaysis.gov.tr/Home/Goster/37045,,,needs_verification,false,,
37147,DÖKME YÜK GEMİLERİNİN GÜVENLİ BİR ŞEKİLDE YÜKLENMESİ VE BOŞALTILMASI HAKKINDA YÖNETMELİK,Kurum Yönetmeliği,maritime,maritime,0.9,maritime: 'gemi' (+7),out_of_scope,matched,Ulaştırma ve Altyapı Bakanlığı/Ulaştırma ve Altyapı Bakanlığı/Kurum Yönetmeliği/37147_DÖKME YÜK GEMİLERİNİN GÜVENLİ BİR ŞEKİLDE YÜKLENMESİ VE BOŞALTILMASI.pdf,available,False,2005-12-31T00:00:00,26040,https://kms.kaysis.gov.tr/Home/Goster/37147,,,needs_verification,false,,
37208,DENİZCİLİK EĞİTİMİ DENETLEME VE KALİTE STANDARTLARI ESASLARI HAKKINDA YÖNETMELİK,Kurum Yönetmeliği,maritime,maritime,0.98,maritime: 'denizcilik' (+8) | maritime: 'denizci' (+7),out_of_scope,matched,Ulaştırma ve Altyapı Bakanlığı/Ulaştırma ve Altyapı Bakanlığı/Kurum Yönetmeliği/37208_DENİZCİLİK EĞİTİMİ DENETLEME VE KALİTE STANDARTLARI ESASLARI HAKKINDA.pdf,ocr_required,True,2006-02-13T00:00:00,26079,https://kms.kaysis.gov.tr/Home/Goster/37208,,,needs_verification,false,,
37230,BALIKÇI GEMİLERİNİN EMNİYETİ HAKKINDA YÖNETMELİK,Kurum Yönetmeliği,maritime,maritime,0.9,maritime: 'gemi' (+7),out_of_scope,matched,Ulaştırma ve Altyapı Bakanlığı/Ulaştırma ve Altyapı Bakanlığı/Kurum Yönetmeliği/37230_BALIKÇI GEMİLERİNİN EMNİYETİ HAKKINDA YÖNETMELİK.pdf,available,False,2006-02-23T00:00:00,26089,https://kms.kaysis.gov.tr/Home/Goster/37230,,,needs_verification,false,,
37280,LİMAN DEVLETİ DENETİMİ YÖNETMELİĞİ,Kurum Yönetmeliği,maritime,maritime,0.87,maritime: 'liman' (+6),out_of_scope,matched,Ulaştırma ve Altyapı Bakanlığı/Ulaştırma ve Altyapı Bakanlığı/Kurum Yönetmeliği/37280_LİMAN DEVLETİ DENETİMİ YÖNETMELİĞİ.pdf,available,False,2006-03-26T00:00:00,26120,https://kms.kaysis.gov.tr/Home/Goster/37280,,,needs_verification,false,,
37310,SİVİL HAVACILIK İSTATİSTİKİ BİLGİLER YÖNETMELİĞİ(SHY-25),Kurum Yönetmeliği,aviation,aviation,0.98,aviation: 'havacılık' (+8) | aviation: 'sivil hava' (+8),out_of_scope,matched,Ulaştırma ve Altyapı Bakanlığı/Ulaştırma ve Altyapı Bakanlığı/Kurum Yönetmeliği/37310_SİVİL HAVACILIK İSTATİSTİKİ BİLGİLER YÖNETMELİĞİ(SHY-25).pdf,available,False,1986-03-08T00:00:00,19041,https://kms.kaysis.gov.tr/Home/Goster/37310,,,needs_verification,false,,
37311,SİVİL HAVA VASITALARI TESCİL YÖNETMELİĞİ (SHD-T.34),Kurum Yönetmeliği,aviation,aviation,0.92,aviation: 'sivil hava' (+8),out_of_scope,matched,Ulaştırma ve Altyapı Bakanlığı/Ulaştırma ve Altyapı Bakanlığı/Kurum Yönetmeliği/37311_SİVİL HAVA VASITALARI TESCİL YÖNETMELİĞİ (SHD-T.34).pdf,available,False,1967-06-02T00:00:00,12611,https://kms.kaysis.gov.tr/Home/Goster/37311,,,needs_verification,false,,
37376,DENİZ ÇEVRESİNİN PETROL VE DİĞER ZARARLI MADDELERLE KİRLENMESİNDE ACİL DURUMLARDA MÜDAHALE VE ZARARLARIN TAZMİNİ ESASLARINA DAİR KANUN KAPSAMINDA MAL VE HİZMET ALIMINA İLİŞKİN YÖNETMELİK,Kurum Yönetmeliği,maritime,maritime,0.92,maritime: 'deniz çevresi' (+8),out_of_scope,matched,Ulaştırma ve Altyapı Bakanlığı/Ulaştırma ve Altyapı Bakanlığı/Kurum Yönetmeliği/37376_DENİZ ÇEVRESİNİN PETROL VE DİĞER ZARARLI MADDELERLE KİRLENMESİNDE ACİ.pdf,available,False,2006-04-26T00:00:00,26150,https://kms.kaysis.gov.tr/Home/Goster/37376,,,needs_verification,false,,
37524,DALABİLİR DENİZ ARAÇLARI HAKKINDA YÖNETMELİK,Kurum Yönetmeliği,unknown,unknown,0.0,Başlıkta güvenilir bir alan göstergesi bulunamadı.,review_required,matched,Ulaştırma ve Altyapı Bakanlığı/Ulaştırma ve Altyapı Bakanlığı/Kurum Yönetmeliği/37524_DALABİLİR DENİZ ARAÇLARI HAKKINDA YÖNETMELİK.pdf,available,False,2006-06-23T00:00:00,26207,https://kms.kaysis.gov.tr/Home/Goster/37524,,,needs_verification,false,,
37537,EVRENSEL HİZMET GELİRLERİNİN TAHSİLİ VE GİDERLERİN YAPILMASINA İLİŞKİN USUL VE ESASLAR HAKKINDA YÖNETMELİK,Kurum Yönetmeliği,communications,communications,0.9,communications: 'evrensel hizmet' (+7),out_of_scope,matched,Ulaştırma ve Altyapı Bakanlığı/Ulaştırma ve Altyapı Bakanlığı/Kurum Yönetmeliği/37537_EVRENSEL HİZMET GELİRLERİNİN TAHSİLİ VE GİDERLERİN YAPILMASINA İLİŞKİ.pdf,available,False,2006-06-29T00:00:00,26213,https://kms.kaysis.gov.tr/Home/Goster/37537,,,needs_verification,false,,
37569,GEMİLERDE METEOROLOJİK RASAT YAPILMASI HAKKINDA YÖNETMELİK,Kurum Yönetmeliği,maritime,maritime,0.9,maritime: 'gemi' (+7),out_of_scope,matched,Ulaştırma ve Altyapı Bakanlığı/Ulaştırma ve Altyapı Bakanlığı/Kurum Yönetmeliği/37569_GEMİLERDE METEOROLOJİK RASAT YAPILMASI HAKKINDA YÖNETMELİK.pdf,available,False,2006-07-16T00:00:00,26230,https://kms.kaysis.gov.tr/Home/Goster/37569,,,needs_verification,false,,
37607,SOLAS VE MARPOL SÖZLEŞMELERİNE GÖRE BİLDİRİMLERE İLİŞKİN YÖNETMELİK,Kurum Yönetmeliği,maritime,maritime,0.9,maritime: 'marpol' (+7),out_of_scope,matched,Ulaştırma ve Altyapı Bakanlığı/Ulaştırma ve Altyapı Bakanlığı/Kurum Yönetmeliği/37607_SOLAS VE MARPOL SÖZLEŞMELERİNE GÖRE BİLDİRİMLERE İLİŞKİN YÖNETMELİK.pdf,available,False,2006-08-11T00:00:00,26256,https://kms.kaysis.gov.tr/Home/Goster/37607,,,needs_verification,false,,
37723,GEMİLERİN GENEL DENETİMİ VE BELGELENDİRİLMESİ HAKKINDA YÖNETMELİK,Kurum Yönetmeliği,maritime,maritime,0.9,maritime: 'gemi' (+7),out_of_scope,matched,Ulaştırma ve Altyapı Bakanlığı/Ulaştırma ve Altyapı Bakanlığı/Kurum Yönetmeliği/37723_GEMİLERİN GENEL DENETİMİ VE BELGELENDİRİLMESİ HAKKINDA YÖNETMELİK.pdf,available,False,2006-11-10T00:00:00,26342,https://kms.kaysis.gov.tr/Home/Goster/37723,,,needs_verification,false,,
37906,GEMİ TRAFİK HİZMETLERİ SİSTEMLERİNİN KURULMASINA VE İŞLETİLMESİNE İLİŞKİN YÖNETMELİK,Kurum Yönetmeliği,maritime,maritime,0.9,maritime: 'gemi' (+7),out_of_scope,matched,Ulaştırma ve Altyapı Bakanlığı/Ulaştırma ve Altyapı Bakanlığı/Kurum Yönetmeliği/37906_GEMİ TRAFİK HİZMETLERİ SİSTEMLERİNİN KURULMASINA VE İŞLETİLMESİNE İLİ.pdf,available,False,2007-02-18T00:00:00,26438,https://kms.kaysis.gov.tr/Home/Goster/37906,,,needs_verification,false,,
37948,ULUSLARARASI GEMİ VE LİMAN TESİSİ GÜVENLİK KODU UYGULAMA YÖNETMELİĞİ,Kurum Yönetmeliği,maritime,maritime,0.98,maritime: 'gemi' (+7) | maritime: 'liman' (+6),out_of_scope,matched,Ulaştırma ve Altyapı Bakanlığı/Ulaştırma ve Altyapı Bakanlığı/Kurum Yönetmeliği/37948_ULUSLARARASI GEMİ VE LİMAN TESİSİ GÜVENLİK KODU UYGULAMA YÖNETMELİĞİ.pdf,available,False,2007-03-20T00:00:00,26468,https://kms.kaysis.gov.tr/Home/Goster/37948,,,needs_verification,false,,
37983,KABOTAJDA ÇALIŞAN 400 GROS TONDAN KÜÇÜK PETROL TANKERLERİNE DAİR YÖNETMELİK,Kurum Yönetmeliği,maritime,maritime,0.98,maritime: 'kabotaj' (+7) | maritime: 'tanker' (+7),out_of_scope,matched,Ulaştırma ve Altyapı Bakanlığı/Ulaştırma ve Altyapı Bakanlığı/Kurum Yönetmeliği/37983_KABOTAJDA ÇALIŞAN 400 GROS TONDAN KÜÇÜK PETROL TANKERLERİNE DAİR YÖNE.pdf,available,False,2007-04-14T00:00:00,26493,https://kms.kaysis.gov.tr/Home/Goster/37983,,,needs_verification,false,,
38000,GEZİ TEKNELERİ YÖNETMELİĞİNİN 14 ÜNCÜ MADDESİNDE YER ALAN KAYIT SİSTEMİNE İLİŞKİN USUL VE ESASLAR İLE YÜKÜMLÜLÜKLERE İLİŞKİN TEBLİĞ (TEBLİĞ NO: 2007/1),Tebliğ,maritime,maritime,0.87,maritime: 'tekne' (+6),out_of_scope,matched,Ulaştırma ve Altyapı Bakanlığı/Ulaştırma ve Altyapı Bakanlığı/Tebliğ/38000_GEZİ TEKNELERİ YÖNETMELİĞİNİN 14 ÜNCÜ MADDESİNDE YER ALAN KAYIT SİSTE.pdf,available,False,2007-05-05T00:00:00,26513,https://kms.kaysis.gov.tr/Home/Goster/38000,,,needs_verification,false,,
38031,UÇAK MÜRETTEBATI BELGELERİNİN DÜZENLENMESİNE AİT ESASLAR HAKKINDA YÖNETMELİK,Kurum Yönetmeliği,aviation,aviation,0.9,aviation: 'uçak' (+7),out_of_scope,matched,Ulaştırma ve Altyapı Bakanlığı/Ulaştırma ve Altyapı Bakanlığı/Kurum Yönetmeliği/38031_UÇAK MÜRETTEBATI BELGELERİNİN DÜZENLENMESİNE AİT ESASLAR HAKKINDA YÖN.pdf,available,False,2003-06-27T00:00:00,25151,https://kms.kaysis.gov.tr/Home/Goster/38031,,,needs_verification,false,,
38062,GEMİLERDE BULUNAN GMDSS (KÜRESEL DENİZ TEHLİKE VE GÜVENLİK SİSTEMİ) TEÇHİZATINA KIYIDA BAKIM HİZMETİ VERECEK FİRMALARIN UYMAKLA YÜKÜMLÜ OLDUKLARI HUSUSLARA İLİŞKİN TEBLİĞ,Tebliğ,maritime,maritime,0.98,maritime: 'gmdss' (+8) | maritime: 'gemi' (+7),out_of_scope,matched,Ulaştırma ve Altyapı Bakanlığı/Ulaştırma ve Altyapı Bakanlığı/Tebliğ/38062_GEMİLERDE BULUNAN GMDSS (KÜRESEL DENİZ TEHLİKE VE GÜVENLİK SİSTEMİ) T.pdf,available,False,2007-06-20T00:00:00,26558,https://kms.kaysis.gov.tr/Home/Goster/38062,,,needs_verification,false,,
38124,"KIYI VE LİMAN YAPILARI, DEMİRYOLLARI, HAVA MEYDANLARI İNŞAATLARINA İLİŞKİN DEPREM TEKNİK YÖNETMELİĞİ",Kurum Yönetmeliği,railway,railway,0.64,railway: 'demiryolları' (+10) | Birden fazla ulaşım alanı işareti bulundu; insan kapsam kontrolü zorunlu (maritime=6).,review_required,matched,"Ulaştırma ve Altyapı Bakanlığı/Ulaştırma ve Altyapı Bakanlığı/Kurum Yönetmeliği/38124_KIYI VE LİMAN YAPILARI, DEMİRYOLLARI, HAVA MEYDANLARI İNŞAATLARINA İL.pdf",available,False,2007-08-18T00:00:00,26617,https://kms.kaysis.gov.tr/Home/Goster/38124,,,needs_verification,false,,
38155,OTOMATİK TANIMLAMA SİSTEMİ (AIS) KLAS-B CS CİHAZININ GEMİLERE DONATILMASINA VE ÖZELLİKLERİNE DAİR TEBLİĞ,Tebliğ,maritime,maritime,0.9,maritime: 'gemi' (+7),out_of_scope,matched,Ulaştırma ve Altyapı Bakanlığı/Ulaştırma ve Altyapı Bakanlığı/Tebliğ/38155_OTOMATİK TANIMLAMA SİSTEMİ (AIS) KLAS-B CS CİHAZININ GEMİLERE DONATIL.pdf,available,False,2007-09-11T00:00:00,26640,https://kms.kaysis.gov.tr/Home/Goster/38155,,,needs_verification,false,,
38173,TATVAN LİMAN YÖNETMELİĞİ,Kurum Yönetmeliği,maritime,maritime,0.87,maritime: 'liman' (+6),out_of_scope,matched,Ulaştırma ve Altyapı Bakanlığı/Ulaştırma ve Altyapı Bakanlığı/Kurum Yönetmeliği/38173_TATVAN LİMAN YÖNETMELİĞİ.pdf,available,False,2007-10-01T00:00:00,26660,https://kms.kaysis.gov.tr/Home/Goster/38173,,,needs_verification,false,,
38211,BİR KISIM MOTORLU KARAYOLU TAŞITLARININ PİYASADAN ÇEKİLMESİNE İLİŞKİN TEBLİĞ (TEBLİĞ NO: 49),Tebliğ,road_transport,general,0.95,road_transport: 'motorlu karayolu taşıt' (+9),review_required,matched,Ulaştırma ve Altyapı Bakanlığı/Ulaştırma ve Altyapı Bakanlığı/Tebliğ/38211_BİR KISIM MOTORLU KARAYOLU TAŞITLARININ PİYASADAN ÇEKİLMESİNE İLİŞKİN.pdf,available,False,2007-11-17T00:00:00,26703,https://kms.kaysis.gov.tr/Home/Goster/38211,,,needs_verification,false,,
38245,YOLCU GEMİLERİNİN EMNİYETİNE VE GEMİLERDEKİ YOLCULARIN KAYIT ALTINA ALINMASINAİLİŞKİN YÖNETMELİK,Kurum Yönetmeliği,maritime,maritime,0.9,maritime: 'gemi' (+7),out_of_scope,matched,Ulaştırma ve Altyapı Bakanlığı/Ulaştırma ve Altyapı Bakanlığı/Kurum Yönetmeliği/38245_YOLCU GEMİLERİNİN EMNİYETİNE VE GEMİLERDEKİ YOLCULARIN KAYIT ALTINA A.pdf,available,False,2007-12-12T00:00:00,26728,https://kms.kaysis.gov.tr/Home/Goster/38245,,,needs_verification,false,,
38328,RO-RO YOLCU GEMİLERİ VE YÜKSEK HIZLI YOLCU TEKNELERİ YÖNETMELİĞİ,Kurum Yönetmeliği,maritime,maritime,0.98,maritime: 'gemi' (+7) | maritime: 'tekne' (+6),out_of_scope,matched,Ulaştırma ve Altyapı Bakanlığı/Ulaştırma ve Altyapı Bakanlığı/Kurum Yönetmeliği/38328_RO-RO YOLCU GEMİLERİ VE YÜKSEK HIZLI YOLCU TEKNELERİ YÖNETMELİĞİ.pdf,available,False,2008-01-30T00:00:00,26772,https://kms.kaysis.gov.tr/Home/Goster/38328,,,needs_verification,false,,
38521,AMATÖR DENİZCİ BELGESİ SINAVINA İLİŞKİN TEBLİĞ,Tebliğ,maritime,maritime,0.9,maritime: 'denizci' (+7),out_of_scope,matched,Ulaştırma ve Altyapı Bakanlığı/Ulaştırma ve Altyapı Bakanlığı/Tebliğ/38521_AMATÖR DENİZCİ BELGESİ SINAVINA İLİŞKİN TEBLİĞ.pdf,available,False,2008-07-13T00:00:00,26935,https://kms.kaysis.gov.tr/Home/Goster/38521,,,needs_verification,false,,
38709,PETROL TANKERLERİNİN ÇİFT CİDAR VEYA EŞDEĞER TASARIM ŞARTLARININ UYGULAMA ESASLARI VE KABOTAJDA ÇALIŞAN PETROL TANKERİ OPERASYONLARININ EMNİYETLİ YÜRÜTÜLMESİ HAKKINDA YÖNETMELİK,Kurum Yönetmeliği,maritime,maritime,0.98,maritime: 'kabotaj' (+7) | maritime: 'tanker' (+7),out_of_scope,matched,Ulaştırma ve Altyapı Bakanlığı/Ulaştırma ve Altyapı Bakanlığı/Kurum Yönetmeliği/38709_PETROL TANKERLERİNİN ÇİFT CİDAR VEYA EŞDEĞER TASARIM ŞARTLARININ UYGU.pdf,available,False,2008-11-03T00:00:00,27043,https://kms.kaysis.gov.tr/Home/Goster/38709,,,needs_verification,false,,
38919,GEMİLERİN TONİLATOLARINI ÖLÇME YÖNETMELİĞİ,Kurum Yönetmeliği,maritime,maritime,0.9,maritime: 'gemi' (+7),out_of_scope,matched,Ulaştırma ve Altyapı Bakanlığı/Ulaştırma ve Altyapı Bakanlığı/Kurum Yönetmeliği/38919_GEMİLERİN TONİLATOLARINI ÖLÇME YÖNETMELİĞİ.pdf,available,False,2009-03-12T00:00:00,27167,https://kms.kaysis.gov.tr/Home/Goster/38919,,,needs_verification,false,,
38923,KIYI TESİSİ YAPIM TALEPLERİNİN DEĞERLENDİRİLMESİNEDAİR TEBLİĞ (TEBLİĞ NO: 2009/2),Tebliğ,maritime,maritime,0.9,maritime: 'kıyı tesis' (+7),out_of_scope,matched,Ulaştırma ve Altyapı Bakanlığı/Ulaştırma ve Altyapı Bakanlığı/Tebliğ/38923_KIYI TESİSİ YAPIM TALEPLERİNİN DEĞERLENDİRİLMESİNEDAİR TEBLİĞ (TEBLİĞ.pdf,available,False,2009-03-15T00:00:00,27170,https://kms.kaysis.gov.tr/Home/Goster/38923,,,needs_verification,false,,
38927,BİR KISIM MOTORLU KARAYOLU TAŞITLARININ PİYASADAN ÇEKİLMESİNE İLİŞKİN TEBLİĞ (TEBLİĞ NO: 56),Tebliğ,road_transport,general,0.95,road_transport: 'motorlu karayolu taşıt' (+9),review_required,matched,Ulaştırma ve Altyapı Bakanlığı/Ulaştırma ve Altyapı Bakanlığı/Tebliğ/38927_BİR KISIM MOTORLU KARAYOLU TAŞITLARININ PİYASADAN ÇEKİLMESİNE İLİŞKİN.pdf,available,False,2009-03-19T00:00:00,27174,https://kms.kaysis.gov.tr/Home/Goster/38927,,,needs_verification,false,,
39009,SEYİR YARDIMCILARI YÖNETMELİĞİ,Kurum Yönetmeliği,unknown,unknown,0.0,Başlıkta güvenilir bir alan göstergesi bulunamadı.,review_required,matched,Ulaştırma ve Altyapı Bakanlığı/Ulaştırma ve Altyapı Bakanlığı/Kurum Yönetmeliği/39009_SEYİR YARDIMCILARI YÖNETMELİĞİ.pdf,available,False,2009-05-25T00:00:00,27238,https://kms.kaysis.gov.tr/Home/Goster/39009,,,needs_verification,false,,
39302,ULUSLARARASI EMNİYET YÖNETİMİ KODUNUN TÜRK BAYRAKLI GEMİLERE VE İŞLETMECİLERİNE UYGULANMASINA DAİR YÖNETMELİK,Kurum Yönetmeliği,maritime,maritime,0.9,maritime: 'gemi' (+7),out_of_scope,matched,Ulaştırma ve Altyapı Bakanlığı/Ulaştırma ve Altyapı Bakanlığı/Kurum Yönetmeliği/39302_ULUSLARARASI EMNİYET YÖNETİMİ KODUNUN TÜRK BAYRAKLI GEMİLERE VE İŞLET.pdf,available,False,2009-10-27T00:00:00,27389,https://kms.kaysis.gov.tr/Home/Goster/39302,,,needs_verification,false,,
39309,DENİZ ÇEVRESİNİN PETROL VE DİĞER ZARARLI MADDELERLE KİRLENMESİNDE ACİL DURUMLARDA MÜDAHALE GÖREVİ VERİLEBİLECEK ŞİRKET/KURUM/KURULUŞLARIN SEÇİMİNE VE YETKİ BELGESİ BULUNAN ŞİRKET/KURUM/KURULUŞLAR İLE KIYI TESİSLERİNİN ÇALIŞMA USULLERİNE İLİŞKİN TEBLİĞ (TEBLİĞ NO: 2009/4),Tebliğ,maritime,maritime,0.98,maritime: 'deniz çevresi' (+8) | maritime: 'kıyı tesis' (+7),out_of_scope,matched,Ulaştırma ve Altyapı Bakanlığı/Ulaştırma ve Altyapı Bakanlığı/Tebliğ/39309_DENİZ ÇEVRESİNİN PETROL VE DİĞER ZARARLI MADDELERLE KİRLENMESİNDE ACİ.pdf,available,False,2009-10-30T00:00:00,27391,https://kms.kaysis.gov.tr/Home/Goster/39309,,,needs_verification,false,,
39337,GEMİLERİN TEKNİK YÖNETMELİĞİ,Kurum Yönetmeliği,maritime,maritime,0.9,maritime: 'gemi' (+7),out_of_scope,matched,Ulaştırma ve Altyapı Bakanlığı/Ulaştırma ve Altyapı Bakanlığı/Kurum Yönetmeliği/39337_GEMİLERİN TEKNİK YÖNETMELİĞİ.pdf,available,False,2009-11-17T00:00:00,27409,https://kms.kaysis.gov.tr/Home/Goster/39337,,,needs_verification,false,,
39525,DENİZCİLERE MAHSUS KIYAFET YÖNETMELİĞİ,Kurum Yönetmeliği,maritime,maritime,0.9,maritime: 'denizci' (+7),out_of_scope,matched,Ulaştırma ve Altyapı Bakanlığı/Ulaştırma ve Altyapı Bakanlığı/Kurum Yönetmeliği/39525_DENİZCİLERE MAHSUS KIYAFET YÖNETMELİĞİ.pdf,available,False,2010-02-28T00:00:00,27507,https://kms.kaysis.gov.tr/Home/Goster/39525,,,needs_verification,false,,
39923,BİR KISIM MOTORLU KARAYOLU TAŞITLARININ PİYASADAN ÇEKİLMESİNE İLİŞKİN TEBLİĞ (TEBLİĞ NO: 62),Tebliğ,road_transport,general,0.95,road_transport: 'motorlu karayolu taşıt' (+9),review_required,matched,Ulaştırma ve Altyapı Bakanlığı/Ulaştırma ve Altyapı Bakanlığı/Tebliğ/39923_BİR KISIM MOTORLU KARAYOLU TAŞITLARININ PİYASADAN ÇEKİLMESİNE İLİŞKİN.pdf,available,False,2010-11-04T00:00:00,27749,https://kms.kaysis.gov.tr/Home/Goster/39923,,,needs_verification,false,,
39929,İNTERNET ALAN ADLARI YÖNETMELİĞİ,Kurum Yönetmeliği,communications,communications,0.84,communications: 'internet' (+5),out_of_scope,matched,Ulaştırma ve Altyapı Bakanlığı/Ulaştırma ve Altyapı Bakanlığı/Kurum Yönetmeliği/39929_İNTERNET ALAN ADLARI YÖNETMELİĞİ.pdf,available,False,2010-11-07T00:00:00,27752,https://kms.kaysis.gov.tr/Home/Goster/39929,,,needs_verification,false,,
39948,DENİZ ALACAKLARINA İLİŞKİN GEMİLERİN SİGORTALANDIRILMASI VE DENETLENMESİ HAKKINDA YÖNETMELİK,Kurum Yönetmeliği,maritime,maritime,0.9,maritime: 'gemi' (+7),out_of_scope,matched,Ulaştırma ve Altyapı Bakanlığı/Ulaştırma ve Altyapı Bakanlığı/Kurum Yönetmeliği/39948_DENİZ ALACAKLARINA İLİŞKİN GEMİLERİN SİGORTALANDIRILMASI VE DENETLENM.pdf,available,False,2010-11-14T00:00:00,27759,https://kms.kaysis.gov.tr/Home/Goster/39948,,,needs_verification,false,,
40231,"TRAFİK İDARİ PARA CEZASI KARAR TUTANAKLARININ DÜZENLENMESİNDE, TAHSİLİNDE VE TAKİBİNDE UYGULANACAK USUL VE ESASLAR HAKKINDA YÖNETMELİK",Kurum Yönetmeliği,unknown,unknown,0.0,Başlıkta güvenilir bir alan göstergesi bulunamadı.,review_required,matched,"Ulaştırma ve Altyapı Bakanlığı/Ulaştırma ve Altyapı Bakanlığı/Kurum Yönetmeliği/40231_TRAFİK İDARİ PARA CEZASI KARAR TUTANAKLARININ DÜZENLENMESİNDE, TAHSİL.pdf",available,False,2011-04-06T00:00:00,27897,https://kms.kaysis.gov.tr/Home/Goster/40231,,,needs_verification,false,,
41038,GEMİ ACENTELERİ YÖNETMELİĞİ,Kurum Yönetmeliği,maritime,maritime,0.9,maritime: 'gemi' (+7),out_of_scope,matched,Ulaştırma ve Altyapı Bakanlığı/Ulaştırma ve Altyapı Bakanlığı/Kurum Yönetmeliği/41038_GEMİ ACENTELERİ YÖNETMELİĞİ.pdf,available,False,2012-03-05T00:00:00,28224,https://kms.kaysis.gov.tr/Home/Goster/41038,,,needs_verification,false,,
41724,LİMANLAR YÖNETMELİĞİ,Kurum Yönetmeliği,maritime,maritime,0.87,maritime: 'liman' (+6),out_of_scope,matched,Ulaştırma ve Altyapı Bakanlığı/Ulaştırma ve Altyapı Bakanlığı/Kurum Yönetmeliği/41724_LİMANLAR YÖNETMELİĞİ.pdf,ocr_required,True,2012-10-31T00:00:00,28453,https://kms.kaysis.gov.tr/Home/Goster/41724,,,needs_verification,false,,
41739,ARAÇLARIN YÜKLENMESİNE İLİŞKİN ÖLÇÜ VE USULLER İLE TARTI VE BOYUT ÖLÇÜM TOLERANSLARI HAKKINDA YÖNETMELİK,Kurum Yönetmeliği,road_transport,general,0.92,road_transport: 'araçların yüklenmesi' (+8),review_required,matched,Ulaştırma ve Altyapı Bakanlığı/Ulaştırma ve Altyapı Bakanlığı/Kurum Yönetmeliği/41739_ARAÇLARIN YÜKLENMESİNE İLİŞKİN ÖLÇÜ VE USULLER İLE TARTI VE BOYUT ÖLÇ.pdf,available,False,2012-11-08T00:00:00,28461,https://kms.kaysis.gov.tr/Home/Goster/41739,,,needs_verification,false,,
41765,KARAYOLU YOLCU TAŞIMACILIĞINDA KULLANILAN TERMİNALLERE İLİŞKİN TAVAN ÜCRET TARİFELERİ HAKKINDA TEBLİĞ (TEBLİĞ NO: 65),Tebliğ,road_transport,passenger_transport,0.98,road_transport: 'yolcu taşımacılığı' (+8) | road_transport: 'terminal' (+5) | road_transport: 'tavan ücret' (+4),review_required,matched,Ulaştırma ve Altyapı Bakanlığı/Ulaştırma ve Altyapı Bakanlığı/Tebliğ/41765_KARAYOLU YOLCU TAŞIMACILIĞINDA KULLANILAN TERMİNALLERE İLİŞKİN TAVAN.pdf,available,False,2012-11-17T00:00:00,28470,https://kms.kaysis.gov.tr/Home/Goster/41765,,,needs_verification,false,,
41766,BİR KISIM MOTORLU KARAYOLU TAŞITLARININ PİYASADAN ÇEKİLMESİNE İLİŞKİN TEBLİĞ (TEBLİĞ NO: 66),Tebliğ,road_transport,general,0.95,road_transport: 'motorlu karayolu taşıt' (+9),review_required,matched,Ulaştırma ve Altyapı Bakanlığı/Ulaştırma ve Altyapı Bakanlığı/Tebliğ/41766_BİR KISIM MOTORLU KARAYOLU TAŞITLARININ PİYASADAN ÇEKİLMESİNE İLİŞKİN.pdf,available,False,2012-11-17T00:00:00,28470,https://kms.kaysis.gov.tr/Home/Goster/41766,,,needs_verification,false,,
41889,SABİT VE MOBİL HABERLEŞME ALTYAPISI VEYA ŞEBEKELERİNDE KULLANILAN HER TÜRLÜ KABLO VE BENZERİ GERECİN TAŞINMAZLARDAN GEÇİRİLMESİNE İLİŞKİN YÖNETMELİK,Kurum Yönetmeliği,communications,communications,0.92,communications: 'haberleşme' (+8),out_of_scope,matched,Ulaştırma ve Altyapı Bakanlığı/Ulaştırma ve Altyapı Bakanlığı/Kurum Yönetmeliği/41889_SABİT VE MOBİL HABERLEŞME ALTYAPISI VEYA ŞEBEKELERİNDE KULLANILAN HER.pdf,available,False,2012-12-27T00:00:00,28510,https://kms.kaysis.gov.tr/Home/Goster/41889,,,needs_verification,false,,
42073,DENİZ TİCARETİ İSTATİSTİKLERİNİ DÜZENLEME YÖNETMELİĞİ,Kurum Yönetmeliği,maritime,maritime,0.92,maritime: 'deniz ticareti' (+8),out_of_scope,matched,Ulaştırma ve Altyapı Bakanlığı/Ulaştırma ve Altyapı Bakanlığı/Kurum Yönetmeliği/42073_DENİZ TİCARETİ İSTATİSTİKLERİNİ DÜZENLEME YÖNETMELİĞİ.pdf,available,False,2013-03-01T00:00:00,28574,https://kms.kaysis.gov.tr/Home/Goster/42073,,,needs_verification,false,,
42139,ULAŞTIRMA VE HABERLEŞME UZMANLIĞI İLE DENİZCİLİK UZMANLIĞI YÖNETMELİĞİ,Kurum Yönetmeliği,maritime,maritime,0.98,maritime: 'denizcilik' (+8) | maritime: 'denizci' (+7),out_of_scope,matched,Ulaştırma ve Altyapı Bakanlığı/Ulaştırma ve Altyapı Bakanlığı/Kurum Yönetmeliği/42139_ULAŞTIRMA VE HABERLEŞME UZMANLIĞI İLE DENİZCİLİK UZMANLIĞI YÖNETMELİĞ.pdf,available,False,2013-03-27T00:00:00,28600,https://kms.kaysis.gov.tr/Home/Goster/42139,,,needs_verification,false,,
42551,DENİZCİLİK KOORDİNASYON KOMİSYONU YÖNETMELİĞİ,Kurum Yönetmeliği,maritime,maritime,0.98,maritime: 'denizcilik' (+8) | maritime: 'denizci' (+7),out_of_scope,matched,Ulaştırma ve Altyapı Bakanlığı/Ulaştırma ve Altyapı Bakanlığı/Kurum Yönetmeliği/42551_DENİZCİLİK KOORDİNASYON KOMİSYONU YÖNETMELİĞİ.pdf,available,False,2013-08-02T00:00:00,28726,https://kms.kaysis.gov.tr/Home/Goster/42551,,,needs_verification,false,,
42581,GEÇİCİ VE YABANCI PLAKALI TAŞITLARDAN ALINACAK GEÇİŞ ÜCRETLERİNE İLİŞKİN TEBLİĞ (TEBLİĞ NO: 68),Tebliğ,kgm_infrastructure,tolling,0.84,kgm_infrastructure: 'geçiş ücret' (+5),review_required,matched,Ulaştırma ve Altyapı Bakanlığı/Ulaştırma ve Altyapı Bakanlığı/Tebliğ/42581_GEÇİCİ VE YABANCI PLAKALI TAŞITLARDAN ALINACAK GEÇİŞ ÜCRETLERİNE İLİŞ.pdf,available,False,2013-08-07T00:00:00,28731,https://kms.kaysis.gov.tr/Home/Goster/42581,,,needs_verification,false,,
42861,"SİBER OLAYLARA MÜDAHALE EKİPLERİNİN KURULUŞ, GÖREV VE ÇALIŞMALARINA DAİR USUL VE ESASLAR HAKKINDA TEBLİĞ",Tebliğ,communications,communications,0.9,communications: 'siber olay' (+7),out_of_scope,matched,"Ulaştırma ve Altyapı Bakanlığı/Ulaştırma ve Altyapı Bakanlığı/Tebliğ/42861_SİBER OLAYLARA MÜDAHALE EKİPLERİNİN KURULUŞ, GÖREV VE ÇALIŞMALARINA D.pdf",available,False,2013-11-11T00:00:00,28818,https://kms.kaysis.gov.tr/Home/Goster/42861,,,needs_verification,false,,
42972,"ULAŞTIRMA, DENİZCİLİK VE HABERLEŞME BAKANLIĞI İNTERNET GELİŞTİRME KURULU YÖNETMELİĞİ",Kurum Yönetmeliği,maritime,maritime,0.64,maritime: 'denizcilik' (+8) | maritime: 'denizci' (+7) | Birden fazla ulaşım alanı işareti bulundu; insan kapsam kontrolü zorunlu (communications=13).,review_required,matched,"Ulaştırma ve Altyapı Bakanlığı/Ulaştırma ve Altyapı Bakanlığı/Kurum Yönetmeliği/42972_ULAŞTIRMA, DENİZCİLİK VE HABERLEŞME BAKANLIĞI İNTERNET GELİŞTİRME KUR.pdf",available,False,2013-12-14T00:00:00,28851,https://kms.kaysis.gov.tr/Home/Goster/42972,,,needs_verification,false,,
43183,"ULAŞTIRMA, DENİZCİLİK VE HABERLEŞME BAKANLIĞI HUKUK MÜŞAVİRLİĞİ VE AVUKATLIK SINAV VE ATAMA YÖNETMELİĞİ",Kurum Yönetmeliği,maritime,maritime,0.98,maritime: 'denizcilik' (+8) | maritime: 'denizci' (+7),out_of_scope,matched,"Ulaştırma ve Altyapı Bakanlığı/Ulaştırma ve Altyapı Bakanlığı/Kurum Yönetmeliği/43183_ULAŞTIRMA, DENİZCİLİK VE HABERLEŞME BAKANLIĞI HUKUK MÜŞAVİRLİĞİ VE AV.pdf",available,False,2014-02-11T00:00:00,28910,https://kms.kaysis.gov.tr/Home/Goster/43183,,,needs_verification,false,,
43375,HAVA SAHASININ ESNEK KULLANIMI YÖNETMELİĞİ (SHY-FUA),Kurum Yönetmeliği,aviation,aviation,0.9,aviation: 'hava sahası' (+7),out_of_scope,matched,Ulaştırma ve Altyapı Bakanlığı/Ulaştırma ve Altyapı Bakanlığı/Kurum Yönetmeliği/43375_HAVA SAHASININ ESNEK KULLANIMI YÖNETMELİĞİ (SHY-FUA).pdf,available,False,2014-04-18T00:00:00,28976,https://kms.kaysis.gov.tr/Home/Goster/43375,,,needs_verification,false,,
43611,"HAZİNE TAŞINMAZLARININ TERSANE, TEKNE İMAL VE ÇEKEK YERİ YATIRIMLARINA TAHSİSİNE İLİŞKİN YÖNETMELİK",Kurum Yönetmeliği,maritime,maritime,0.98,maritime: 'tersane' (+7) | maritime: 'tekne' (+6),out_of_scope,matched,"Ulaştırma ve Altyapı Bakanlığı/Ulaştırma ve Altyapı Bakanlığı/Kurum Yönetmeliği/43611_HAZİNE TAŞINMAZLARININ TERSANE, TEKNE İMAL VE ÇEKEK YERİ YATIRIMLARIN.pdf",available,False,2014-07-04T00:00:00,29050,https://kms.kaysis.gov.tr/Home/Goster/43611,,,needs_verification,false,,
43829,BAĞLAMA KÜTÜĞÜ UYGULAMA YÖNETMELİĞİ,Kurum Yönetmeliği,unknown,unknown,0.0,Başlıkta güvenilir bir alan göstergesi bulunamadı.,review_required,matched,Ulaştırma ve Altyapı Bakanlığı/Ulaştırma ve Altyapı Bakanlığı/Kurum Yönetmeliği/43829_BAĞLAMA KÜTÜĞÜ UYGULAMA YÖNETMELİĞİ.pdf,available,False,2014-09-25T00:00:00,29130,https://kms.kaysis.gov.tr/Home/Goster/43829,,,needs_verification,false,,
44311,ARAŞTIRMA GELİŞTİRME PROJELERİNİN DESTEKLENMESİNE İLİŞKİN YÖNETMELİK,Kurum Yönetmeliği,unknown,unknown,0.0,Başlıkta güvenilir bir alan göstergesi bulunamadı.,review_required,matched,Ulaştırma ve Altyapı Bakanlığı/Ulaştırma ve Altyapı Bakanlığı/Kurum Yönetmeliği/44311_ARAŞTIRMA GELİŞTİRME PROJELERİNİN DESTEKLENMESİNE İLİŞKİN YÖNETMELİK.pdf,available,False,2015-02-27T00:00:00,29280,https://kms.kaysis.gov.tr/Home/Goster/44311,,,needs_verification,false,,
45239,HAVACILIK VE UZAY TEKNOLOJİLERİ GENEL MÜDÜRLÜĞÜNÜN 2013/1 SAYILI GENELGESİ,Kurum Genelgesi,aviation,aviation,0.92,aviation: 'havacılık' (+8),out_of_scope,matched,Ulaştırma ve Altyapı Bakanlığı/Ulaştırma ve Altyapı Bakanlığı/Kurum Genelgesi/45239_HAVACILIK VE UZAY TEKNOLOJİLERİ GENEL MÜDÜRLÜĞÜNÜN 20131 SAYILI GENEL.pdf,available,False,0001-01-01T00:00:00,,https://kms.kaysis.gov.tr/Home/Goster/45239,,,needs_verification,false,,
45241,HAVACILIK VE UZAY TEKNOLOJİLERİ GENEL MÜDÜRLÜĞÜNÜN 2013/2 SAYILI GENELGESİ,Kurum Genelgesi,aviation,aviation,0.92,aviation: 'havacılık' (+8),out_of_scope,matched,Ulaştırma ve Altyapı Bakanlığı/Ulaştırma ve Altyapı Bakanlığı/Kurum Genelgesi/45241_HAVACILIK VE UZAY TEKNOLOJİLERİ GENEL MÜDÜRLÜĞÜNÜN 20132 SAYILI GENEL.pdf,available,False,0001-01-01T00:00:00,,https://kms.kaysis.gov.tr/Home/Goster/45241,,,needs_verification,false,,
45242,HAVACILIK VE UZAY TEKNOLOJİLERİ GENEL MÜDÜRLÜĞÜNÜN 2013/3 SAYILI GENELGESİ,Kurum Genelgesi,aviation,aviation,0.92,aviation: 'havacılık' (+8),out_of_scope,matched,Ulaştırma ve Altyapı Bakanlığı/Ulaştırma ve Altyapı Bakanlığı/Kurum Genelgesi/45242_HAVACILIK VE UZAY TEKNOLOJİLERİ GENEL MÜDÜRLÜĞÜNÜN 20133 SAYILI GENEL.pdf,available,False,0001-01-01T00:00:00,,https://kms.kaysis.gov.tr/Home/Goster/45242,,,needs_verification,false,,
45243,HAVACILIK VE UZAY TEKNOLOJİLERİ GENEL MÜDÜRLÜĞÜNÜN 2014/1 SAYILI GENELGESİ,Kurum Genelgesi,aviation,aviation,0.92,aviation: 'havacılık' (+8),out_of_scope,matched,Ulaştırma ve Altyapı Bakanlığı/Ulaştırma ve Altyapı Bakanlığı/Kurum Genelgesi/45243_HAVACILIK VE UZAY TEKNOLOJİLERİ GENEL MÜDÜRLÜĞÜNÜN 20141 SAYILI GENEL.pdf,available,False,0001-01-01T00:00:00,,https://kms.kaysis.gov.tr/Home/Goster/45243,,,needs_verification,false,,
45244,HAVACILIK VE UZAY TEKNOLOJİLERİ GENEL MÜDÜRLÜĞÜNÜN 2015/1 SAYILI GENELGESİ,Kurum Genelgesi,aviation,aviation,0.92,aviation: 'havacılık' (+8),out_of_scope,matched,Ulaştırma ve Altyapı Bakanlığı/Ulaştırma ve Altyapı Bakanlığı/Kurum Genelgesi/45244_HAVACILIK VE UZAY TEKNOLOJİLERİ GENEL MÜDÜRLÜĞÜNÜN 20151 SAYILI GENEL.pdf,available,False,0001-01-01T00:00:00,,https://kms.kaysis.gov.tr/Home/Goster/45244,,,needs_verification,false,,
45265,"ULAŞTIRMA, DENİZCİLİK VE HABERLEŞME BAKANLIĞI GÜVENLİK SORUŞTURMASI VE ARŞİV ARAŞTIRMASI YÖNERGESİ",Yönerge,maritime,maritime,0.98,maritime: 'denizcilik' (+8) | maritime: 'denizci' (+7),out_of_scope,matched,"Ulaştırma ve Altyapı Bakanlığı/Ulaştırma ve Altyapı Bakanlığı/Yönerge/45265_ULAŞTIRMA, DENİZCİLİK VE HABERLEŞME BAKANLIĞI GÜVENLİK SORUŞTURMASI V.pdf",ocr_required,True,0001-01-01T00:00:00,,https://kms.kaysis.gov.tr/Home/Goster/45265,,,needs_verification,false,,
45270,TALİMAT,Talimat / Talimatname / İç Emir,unknown,unknown,0.0,Başlıkta güvenilir bir alan göstergesi bulunamadı.,review_required,matched,Ulaştırma ve Altyapı Bakanlığı/Ulaştırma ve Altyapı Bakanlığı/Talimat Talimatname İç Emir/45270_TALİMAT.pdf,ocr_required,True,0001-01-01T00:00:00,,https://kms.kaysis.gov.tr/Home/Goster/45270,,,needs_verification,false,,
45275,İŞÇİ OLARAK ÇALIŞAN PERSONELİN YILLIK İZİN KULLANIMINA İLİŞKİN TALİMAT,Talimat / Talimatname / İç Emir,internal_administration,internal_administration,0.9,internal_administration: 'personel' (+7),out_of_scope,matched,Ulaştırma ve Altyapı Bakanlığı/Ulaştırma ve Altyapı Bakanlığı/Talimat Talimatname İç Emir/45275_İŞÇİ OLARAK ÇALIŞAN PERSONELİN YILLIK İZİN KULLANIMINA İLİŞKİN TALİMA.pdf,ocr_required,True,0001-01-01T00:00:00,,https://kms.kaysis.gov.tr/Home/Goster/45275,,,needs_verification,false,,
45286,BAZ İSTASYONU GENELGESİ 2012,Kurum Genelgesi,communications,communications,0.92,communications: 'baz istasyonu' (+8),out_of_scope,matched,Ulaştırma ve Altyapı Bakanlığı/Ulaştırma ve Altyapı Bakanlığı/Kurum Genelgesi/45286_BAZ İSTASYONU GENELGESİ 2012.pdf,available,False,0001-01-01T00:00:00,,https://kms.kaysis.gov.tr/Home/Goster/45286,,,needs_verification,false,,
45295,GENELGE (2015/HGM-1),Kurum Genelgesi,unknown,unknown,0.0,Başlıkta güvenilir bir alan göstergesi bulunamadı.,review_required,matched,Ulaştırma ve Altyapı Bakanlığı/Ulaştırma ve Altyapı Bakanlığı/Kurum Genelgesi/45295_GENELGE (2015HGM-1).pdf,available,False,0001-01-01T00:00:00,,https://kms.kaysis.gov.tr/Home/Goster/45295,,,needs_verification,false,,
45302,"HABERLEŞME GENEL MÜDÜRLÜĞÜNÜN TEŞKİLAT, GÖREV VE SORUMLULUKLARININ BELİRLENMESİNE İLİŞKİN YÖNERGE",Yönerge,communications,communications,0.64,communications: 'haberleşme' (+8) | Birden fazla ulaşım alanı işareti bulundu; insan kapsam kontrolü zorunlu (internal_administration=5).,review_required,matched,"Ulaştırma ve Altyapı Bakanlığı/Ulaştırma ve Altyapı Bakanlığı/Yönerge/45302_HABERLEŞME GENEL MÜDÜRLÜĞÜNÜN TEŞKİLAT, GÖREV VE SORUMLULUKLARININ BE.pdf",available,False,0001-01-01T00:00:00,,https://kms.kaysis.gov.tr/Home/Goster/45302,,,needs_verification,false,,
45332,SABİT VE MOBİL HABERLEŞME ALT YAPISI VE ŞEBEKELERİNDE KULLANILAN HER TÜRLÜ KABLO VE BENZERİ GERECİN TAŞINMAZLARDAN GEÇİRİLMESİNE İLİŞKİN YÖNETMELİĞİN UYGULANMASI HAKKINDA USUL VE ESASLAR,Esas ve Usuller,communications,communications,0.92,communications: 'haberleşme' (+8),out_of_scope,matched,Ulaştırma ve Altyapı Bakanlığı/Ulaştırma ve Altyapı Bakanlığı/Esas ve Usuller/45332_SABİT VE MOBİL HABERLEŞME ALT YAPISI VE ŞEBEKELERİNDE KULLANILAN HER.pdf,available,False,0001-01-01T00:00:00,,https://kms.kaysis.gov.tr/Home/Goster/45332,,,needs_verification,false,,
45371,2009/KUGM-01 SAYILI GENELGE,Kurum Genelgesi,unknown,unknown,0.0,Başlıkta güvenilir bir alan göstergesi bulunamadı.,review_required,matched,Ulaştırma ve Altyapı Bakanlığı/Ulaştırma ve Altyapı Bakanlığı/Kurum Genelgesi/45371_2009KUGM-01 SAYILI GENELGE.pdf,available,False,0001-01-01T00:00:00,,https://kms.kaysis.gov.tr/Home/Goster/45371,,,needs_verification,false,,
45375,1992 PETROL KİRLİLİĞİNDEN DOĞAN ZARARIN HUKUKİ SORUMLULUĞU İLE İLGİLİ ULUSLARARASI SÖZLEŞME (CLC 92)SERTİFİKASININ DÜZENLENMESİNE VE DENETİMİNE YÖNELİK USUL VE ESASLARIN BELİRLENMESİNE İLİŞKİN YÖNERGE,Yönerge,unknown,unknown,0.0,Başlıkta güvenilir bir alan göstergesi bulunamadı.,review_required,matched,Ulaştırma ve Altyapı Bakanlığı/Ulaştırma ve Altyapı Bakanlığı/Yönerge/45375_1992 PETROL KİRLİLİĞİNDEN DOĞAN ZARARIN HUKUKİ SORUMLULUĞU İLE İLGİLİ.pdf,available,False,0001-01-01T00:00:00,,https://kms.kaysis.gov.tr/Home/Goster/45375,,,needs_verification,false,,
45382,2001 GEMİ YAKITLARINDAN KAYNAKLANAN PETROL KİRLİLİĞİ ZARARININ HUKUKİ SORUMLULUĞU HAKKINDA ULUSLARARASI SÖZLEŞME (BUNKER 2001) SERTİFİKASININ DÜZENLENMESİNE VE DENETİMİNE YÖNELİK USUL VE ESASLARIN BELİRLENMESİNE İLİŞKİN YÖNERGE,Yönerge,maritime,maritime,0.9,maritime: 'gemi' (+7),out_of_scope,matched,Ulaştırma ve Altyapı Bakanlığı/Ulaştırma ve Altyapı Bakanlığı/Yönerge/45382_2001 GEMİ YAKITLARINDAN KAYNAKLANAN PETROL KİRLİLİĞİ ZARARININ HUKUKİ.pdf,available,False,0001-01-01T00:00:00,,https://kms.kaysis.gov.tr/Home/Goster/45382,,,needs_verification,false,,
45390,GEMİ ADAMLARININ KARAYA ÇIKIŞLARI KONULU 2014/259 SAYILI UYGULAMA TALİMATI,Talimat / Talimatname / İç Emir,maritime,maritime,0.9,maritime: 'gemi' (+7),out_of_scope,matched,Ulaştırma ve Altyapı Bakanlığı/Ulaştırma ve Altyapı Bakanlığı/Talimat Talimatname İç Emir/45390_GEMİ ADAMLARININ KARAYA ÇIKIŞLARI KONULU 2014259 SAYILI UYGULAMA TALİ.pdf,available,False,0001-01-01T00:00:00,,https://kms.kaysis.gov.tr/Home/Goster/45390,,,needs_verification,false,,
45392,ÖTV'SİZ YAKIT UYGULAMA TALİMATI,Talimat / Talimatname / İç Emir,unknown,unknown,0.0,Başlıkta güvenilir bir alan göstergesi bulunamadı.,review_required,matched,Ulaştırma ve Altyapı Bakanlığı/Ulaştırma ve Altyapı Bakanlığı/Talimat Talimatname İç Emir/45392_ÖTV'SİZ YAKIT UYGULAMA TALİMATI.pdf,available,False,0001-01-01T00:00:00,,https://kms.kaysis.gov.tr/Home/Goster/45392,,,needs_verification,false,,
45396,"ULAŞTIRMA, DENİZCİLİK VE HABERLEŞME BAKANLIĞI BİLGİ GÜVENLİĞİ POLİTİKALARI YÖNERGESİ",Yönerge,maritime,maritime,0.98,maritime: 'denizcilik' (+8) | maritime: 'denizci' (+7),out_of_scope,matched,"Ulaştırma ve Altyapı Bakanlığı/Ulaştırma ve Altyapı Bakanlığı/Yönerge/45396_ULAŞTIRMA, DENİZCİLİK VE HABERLEŞME BAKANLIĞI BİLGİ GÜVENLİĞİ POLİTİK.pdf",ocr_required,True,0001-01-01T00:00:00,,https://kms.kaysis.gov.tr/Home/Goster/45396,,,needs_verification,false,,
45401,"ULAŞTIRMA, DENİZCİLİK VE HABERLEŞME BAKANLIĞI HİZMET İÇİ EĞİTİM YÖNETMELİĞİ",Kurum Yönetmeliği,maritime,maritime,0.98,maritime: 'denizcilik' (+8) | maritime: 'denizci' (+7),out_of_scope,matched,"Ulaştırma ve Altyapı Bakanlığı/Ulaştırma ve Altyapı Bakanlığı/Kurum Yönetmeliği/45401_ULAŞTIRMA, DENİZCİLİK VE HABERLEŞME BAKANLIĞI HİZMET İÇİ EĞİTİM YÖNET.pdf",available,False,0001-01-01T00:00:00,,https://kms.kaysis.gov.tr/Home/Goster/45401,,,needs_verification,false,,
45403,"ULAŞTIRMA, DENİZCİLİK VE HABERLEŞME BAKANLIĞI İZİN YÖNERGESİ",Yönerge,maritime,maritime,0.98,maritime: 'denizcilik' (+8) | maritime: 'denizci' (+7),out_of_scope,matched,"Ulaştırma ve Altyapı Bakanlığı/Ulaştırma ve Altyapı Bakanlığı/Yönerge/45403_ULAŞTIRMA, DENİZCİLİK VE HABERLEŞME BAKANLIĞI İZİN YÖNERGESİ.pdf",ocr_required,True,0001-01-01T00:00:00,,https://kms.kaysis.gov.tr/Home/Goster/45403,,,needs_verification,false,,
45408,2013/KDGM-10/MYB SAYILI GENELGE,Kurum Genelgesi,unknown,unknown,0.0,Başlıkta güvenilir bir alan göstergesi bulunamadı.,review_required,matched,Ulaştırma ve Altyapı Bakanlığı/Ulaştırma ve Altyapı Bakanlığı/Kurum Genelgesi/45408_2013KDGM-10MYB SAYILI GENELGE.pdf,available,False,0001-01-01T00:00:00,,https://kms.kaysis.gov.tr/Home/Goster/45408,,,needs_verification,false,,
45419,BAŞBAKANLIK DENİZCİLİK MÜSTEŞARLIĞININ 2011/41 SAYILI GENELGESİ,Kurum Genelgesi,maritime,maritime,0.98,maritime: 'denizcilik' (+8) | maritime: 'denizci' (+7),out_of_scope,matched,Ulaştırma ve Altyapı Bakanlığı/Ulaştırma ve Altyapı Bakanlığı/Kurum Genelgesi/45419_BAŞBAKANLIK DENİZCİLİK MÜSTEŞARLIĞININ 201141 SAYILI GENELGESİ.pdf,available,False,0001-01-01T00:00:00,,https://kms.kaysis.gov.tr/Home/Goster/45419,,,needs_verification,false,,
45422,BAŞBAKANLIK DENİZCİLİK MÜSTEŞARLIĞININ 2011/42 SAYILI GENELGESİ,Kurum Genelgesi,maritime,maritime,0.98,maritime: 'denizcilik' (+8) | maritime: 'denizci' (+7),out_of_scope,matched,Ulaştırma ve Altyapı Bakanlığı/Ulaştırma ve Altyapı Bakanlığı/Kurum Genelgesi/45422_BAŞBAKANLIK DENİZCİLİK MÜSTEŞARLIĞININ 201142 SAYILI GENELGESİ.pdf,available,False,0001-01-01T00:00:00,,https://kms.kaysis.gov.tr/Home/Goster/45422,,,needs_verification,false,,
45425,BAŞBAKANLIK DENİZCİLİK MÜSTEŞARLIĞI'NIN 2010/09 SAYILI GENELGESİ,Kurum Genelgesi,maritime,maritime,0.98,maritime: 'denizcilik' (+8) | maritime: 'denizci' (+7),out_of_scope,matched,Ulaştırma ve Altyapı Bakanlığı/Ulaştırma ve Altyapı Bakanlığı/Kurum Genelgesi/45425_BAŞBAKANLIK DENİZCİLİK MÜSTEŞARLIĞI'NIN 201009 SAYILI GENELGESİ.pdf,ocr_required,True,0001-01-01T00:00:00,,https://kms.kaysis.gov.tr/Home/Goster/45425,,,needs_verification,false,,
45429,BAŞBAKANLIK DENİZCİLİK MÜSTEŞARLIĞI'NIN 2009/06 SAYILI GENELGESİ,Kurum Genelgesi,maritime,maritime,0.98,maritime: 'denizcilik' (+8) | maritime: 'denizci' (+7),out_of_scope,matched,Ulaştırma ve Altyapı Bakanlığı/Ulaştırma ve Altyapı Bakanlığı/Kurum Genelgesi/45429_BAŞBAKANLIK DENİZCİLİK MÜSTEŞARLIĞI'NIN 200906 SAYILI GENELGESİ.pdf,available,False,0001-01-01T00:00:00,,https://kms.kaysis.gov.tr/Home/Goster/45429,,,needs_verification,false,,
45432,T.C. BAŞBAKANLIK DENİZCİLİK MÜSTEŞARLIĞI'NIN 2011/46 SAYILI GENELGESİ,Kurum Genelgesi,maritime,maritime,0.98,maritime: 'denizcilik' (+8) | maritime: 'denizci' (+7),out_of_scope,matched,Ulaştırma ve Altyapı Bakanlığı/Ulaştırma ve Altyapı Bakanlığı/Kurum Genelgesi/45432_T.C. BAŞBAKANLIK DENİZCİLİK MÜSTEŞARLIĞI'NIN 201146 SAYILI GENELGESİ.pdf,available,False,0001-01-01T00:00:00,,https://kms.kaysis.gov.tr/Home/Goster/45432,,,needs_verification,false,,
45434,BAŞBAKANLIK DENİZCİLİK MÜSTEŞARLIĞI'NIN 2011/47 SAYILI GENELGESİ,Kurum Genelgesi,maritime,maritime,0.98,maritime: 'denizcilik' (+8) | maritime: 'denizci' (+7),out_of_scope,matched,Ulaştırma ve Altyapı Bakanlığı/Ulaştırma ve Altyapı Bakanlığı/Kurum Genelgesi/45434_BAŞBAKANLIK DENİZCİLİK MÜSTEŞARLIĞI'NIN 201147 SAYILI GENELGESİ.pdf,available,False,0001-01-01T00:00:00,,https://kms.kaysis.gov.tr/Home/Goster/45434,,,needs_verification,false,,
45436,BAŞBAKANLIK DENİZCİLİK MÜSTEŞARLIĞININ 2011/48 SAYILI GENELGESİ,Kurum Genelgesi,maritime,maritime,0.98,maritime: 'denizcilik' (+8) | maritime: 'denizci' (+7),out_of_scope,matched,Ulaştırma ve Altyapı Bakanlığı/Ulaştırma ve Altyapı Bakanlığı/Kurum Genelgesi/45436_BAŞBAKANLIK DENİZCİLİK MÜSTEŞARLIĞININ 201148 SAYILI GENELGESİ.pdf,available,False,0001-01-01T00:00:00,,https://kms.kaysis.gov.tr/Home/Goster/45436,,,needs_verification,false,,
45438,DENİZ VE İÇSULAR DÜZENLEME GENEL MÜDÜRLÜĞÜ'NÜN 2013/9 SAYILI UYGULAMA TALİMATI,Talimat / Talimatname / İç Emir,maritime,maritime,0.98,maritime: 'deniz ve içsular' (+12),out_of_scope,matched,Ulaştırma ve Altyapı Bakanlığı/Ulaştırma ve Altyapı Bakanlığı/Talimat Talimatname İç Emir/45438_DENİZ VE İÇSULAR DÜZENLEME GENEL MÜDÜRLÜĞÜ'NÜN 20139 SAYILI UYGULAMA.pdf,available,False,0001-01-01T00:00:00,,https://kms.kaysis.gov.tr/Home/Goster/45438,,,needs_verification,false,,
45441,DENİZ VE İÇSULAR DÜZENLEME GENEL MÜDÜRLÜĞÜ'NÜN 2013/10 SAYILI VE COSPAS-SARSAT EPIRB CİHAZLARI İLE İLGİLİ HİZMET VE DÜZENLEMELER KONULU UYGULAMA TALİMATI,Talimat / Talimatname / İç Emir,maritime,maritime,0.98,maritime: 'deniz ve içsular' (+12),out_of_scope,matched,Ulaştırma ve Altyapı Bakanlığı/Ulaştırma ve Altyapı Bakanlığı/Talimat Talimatname İç Emir/45441_DENİZ VE İÇSULAR DÜZENLEME GENEL MÜDÜRLÜĞÜ'NÜN 201310 SAYILI VE COSPA.pdf,available,False,0001-01-01T00:00:00,,https://kms.kaysis.gov.tr/Home/Goster/45441,,,needs_verification,false,,
45443,DENİZ VE İÇSULAR DÜZENLEME GENEL MÜDÜRLÜĞÜ'NÜN 2013/11 SAYILI VE ARAMA VE KURTARMA HİZMETLERİNDE GECİKMELERİN ÖNLENMESİ KONULU UYGULAMA TALİMATI,Talimat / Talimatname / İç Emir,maritime,maritime,0.98,maritime: 'deniz ve içsular' (+12),out_of_scope,matched,Ulaştırma ve Altyapı Bakanlığı/Ulaştırma ve Altyapı Bakanlığı/Talimat Talimatname İç Emir/45443_DENİZ VE İÇSULAR DÜZENLEME GENEL MÜDÜRLÜĞÜ'NÜN 201311 SAYILI VE ARAMA.pdf,available,False,0001-01-01T00:00:00,,https://kms.kaysis.gov.tr/Home/Goster/45443,,,needs_verification,false,,
45448,DENİZ VE İÇSULAR DÜZENLEME GENEL MÜDÜRLÜĞÜ'NÜN 2013/16 SAYILI UYGULAMA TALİMATI,Talimat / Talimatname / İç Emir,maritime,maritime,0.98,maritime: 'deniz ve içsular' (+12),out_of_scope,matched,Ulaştırma ve Altyapı Bakanlığı/Ulaştırma ve Altyapı Bakanlığı/Talimat Talimatname İç Emir/45448_DENİZ VE İÇSULAR DÜZENLEME GENEL MÜDÜRLÜĞÜ'NÜN 201316 SAYILI UYGULAMA.pdf,available,False,0001-01-01T00:00:00,,https://kms.kaysis.gov.tr/Home/Goster/45448,,,needs_verification,false,,
45449,DENİZ VE İÇSULAR DÜZENLEME GENEL MÜDÜRLÜĞÜ'NÜN 2013/17 SAYILI VE GMDSS MASTER PLAN VE GLOBAL SAR PLAN GÜNCELLEMELERİ UYGULAMA TALİMATI,Talimat / Talimatname / İç Emir,maritime,maritime,0.98,maritime: 'deniz ve içsular' (+12) | maritime: 'gmdss' (+8),out_of_scope,matched,Ulaştırma ve Altyapı Bakanlığı/Ulaştırma ve Altyapı Bakanlığı/Talimat Talimatname İç Emir/45449_DENİZ VE İÇSULAR DÜZENLEME GENEL MÜDÜRLÜĞÜ'NÜN 201317 SAYILI VE GMDSS.pdf,available,False,0001-01-01T00:00:00,,https://kms.kaysis.gov.tr/Home/Goster/45449,,,needs_verification,false,,
45457,KARA ULAŞTIRMASI GENEL MÜDÜRLÜĞÜNÜN 2009/KUGM-23/YOLCU SAYILI GENELGESİ,Kurum Genelgesi,road_transport,general,0.95,road_transport: 'kara ulaştırması genel müdürlüğü' (+9),review_required,matched,Ulaştırma ve Altyapı Bakanlığı/Ulaştırma ve Altyapı Bakanlığı/Kurum Genelgesi/45457_KARA ULAŞTIRMASI GENEL MÜDÜRLÜĞÜNÜN 2009KUGM-23YOLCU SAYILI GENELGESİ.pdf,ocr_required,True,0001-01-01T00:00:00,,https://kms.kaysis.gov.tr/Home/Goster/45457,,,needs_verification,false,,
45462,DENİZ VE İÇSULAR DÜZENLEME GENEL MÜDÜRLÜĞÜ'NÜN 2013/61 SAYILI VE AKILLI TELEFONLAR VE DİĞER BİLGİSAYAR CİHAZLARI ARAMA KURTARMA UYGULAMALARI KONULU UYGULAMA TALİMAI,Talimat / Talimatname / İç Emir,maritime,maritime,0.98,maritime: 'deniz ve içsular' (+12),out_of_scope,matched,Ulaştırma ve Altyapı Bakanlığı/Ulaştırma ve Altyapı Bakanlığı/Talimat Talimatname İç Emir/45462_DENİZ VE İÇSULAR DÜZENLEME GENEL MÜDÜRLÜĞÜ'NÜN 201361 SAYILI VE AKILL.pdf,available,False,0001-01-01T00:00:00,,https://kms.kaysis.gov.tr/Home/Goster/45462,,,needs_verification,false,,
45463,DENİZ VE İÇSULAR DÜZENLEME GENEL MÜDÜRLÜĞÜ'NÜN 2013/62 SAYILI VE CANKURTARMA İŞARETLERİ VE TEHLİKEDEKİ ŞAHISLARA YARDIM USULLERİ KONULU UYGULAMA TALİMATI,Talimat / Talimatname / İç Emir,maritime,maritime,0.98,maritime: 'deniz ve içsular' (+12),out_of_scope,matched,Ulaştırma ve Altyapı Bakanlığı/Ulaştırma ve Altyapı Bakanlığı/Talimat Talimatname İç Emir/45463_DENİZ VE İÇSULAR DÜZENLEME GENEL MÜDÜRLÜĞÜ'NÜN 201362 SAYILI VE CANKU.pdf,available,False,0001-01-01T00:00:00,,https://kms.kaysis.gov.tr/Home/Goster/45463,,,needs_verification,false,,
45464,KARA ULAŞTIRMASI GENEL MÜDÜRLÜĞÜNÜN 2009/KUGM-24/YOLCU SAYILI GENELGESİ,Kurum Genelgesi,road_transport,general,0.95,road_transport: 'kara ulaştırması genel müdürlüğü' (+9),review_required,matched,Ulaştırma ve Altyapı Bakanlığı/Ulaştırma ve Altyapı Bakanlığı/Kurum Genelgesi/45464_KARA ULAŞTIRMASI GENEL MÜDÜRLÜĞÜNÜN 2009KUGM-24YOLCU SAYILI GENELGESİ.pdf,ocr_required,True,0001-01-01T00:00:00,,https://kms.kaysis.gov.tr/Home/Goster/45464,,,needs_verification,false,,
45467,DENİZ VE İÇSULAR DÜZENLEME GENEL MÜDÜRLÜĞÜ'NÜN 2013/62 SAYILI CANKURTARMA İŞARETLERİ VE TEHLİKEDEKİ ŞAHISLARA YARDIM USULLERİ KONULU UYGULAMA TALİMATI,Talimat / Talimatname / İç Emir,maritime,maritime,0.98,maritime: 'deniz ve içsular' (+12),out_of_scope,matched,Ulaştırma ve Altyapı Bakanlığı/Ulaştırma ve Altyapı Bakanlığı/Talimat Talimatname İç Emir/45467_DENİZ VE İÇSULAR DÜZENLEME GENEL MÜDÜRLÜĞÜ'NÜN 201362 SAYILI CANKURTA.pdf,available,False,0001-01-01T00:00:00,,https://kms.kaysis.gov.tr/Home/Goster/45467,,,needs_verification,false,,
45469,"DENİZ VE İÇSULAR DÜZENLEME GENEL MÜDÜRLÜĞÜ'NÜN 2013/210 SAYILI VE DENİZDE YAKIT, YAĞ VE SU İKMAL OPERASYONLARI KONULU UYGULAMA TALİMATI",Talimat / Talimatname / İç Emir,maritime,maritime,0.98,maritime: 'deniz ve içsular' (+12),out_of_scope,matched,Ulaştırma ve Altyapı Bakanlığı/Ulaştırma ve Altyapı Bakanlığı/Talimat Talimatname İç Emir/45469_DENİZ VE İÇSULAR DÜZENLEME GENEL MÜDÜRLÜĞÜ'NÜN 2013210 SAYILI VE DENİ.pdf,available,False,0001-01-01T00:00:00,,https://kms.kaysis.gov.tr/Home/Goster/45469,,,needs_verification,false,,
45471,KARAYOLU DÜZENLEME GENEL MÜDÜRLÜĞÜNÜN 2012/KGM-05 SAYILI GENELGE,Kurum Genelgesi,road_transport,general,0.95,road_transport: 'karayolu düzenleme genel müdürlüğü' (+9),review_required,matched,Ulaştırma ve Altyapı Bakanlığı/Ulaştırma ve Altyapı Bakanlığı/Kurum Genelgesi/45471_KARAYOLU DÜZENLEME GENEL MÜDÜRLÜĞÜNÜN 2012KGM-05 SAYILI GENELGE.pdf,available,False,0001-01-01T00:00:00,,https://kms.kaysis.gov.tr/Home/Goster/45471,,,needs_verification,false,,
45472,DENİZ VE İÇSULAR DÜZENLEME GENEL MÜDÜRLÜĞÜ'NÜN 2013/210 SAYILI EK TALİMATI,Talimat / Talimatname / İç Emir,maritime,maritime,0.98,maritime: 'deniz ve içsular' (+12),out_of_scope,matched,Ulaştırma ve Altyapı Bakanlığı/Ulaştırma ve Altyapı Bakanlığı/Talimat Talimatname İç Emir/45472_DENİZ VE İÇSULAR DÜZENLEME GENEL MÜDÜRLÜĞÜ'NÜN 2013210 SAYILI EK TALİ.pdf,available,False,0001-01-01T00:00:00,,https://kms.kaysis.gov.tr/Home/Goster/45472,,,needs_verification,false,,
45474,DENİZ VE İÇSULAR DÜZENLEME GENEL MÜDÜRLÜĞÜ'NÜN 2013/231 SAYILI VE GEMİDE YAĞLI ATIK KİRLİLİĞİNİ ÖNLEME PLANI HK. KONULU UYGULAMA TALİMATI,Talimat / Talimatname / İç Emir,maritime,maritime,0.98,maritime: 'deniz ve içsular' (+12) | maritime: 'gemi' (+7),out_of_scope,matched,Ulaştırma ve Altyapı Bakanlığı/Ulaştırma ve Altyapı Bakanlığı/Talimat Talimatname İç Emir/45474_DENİZ VE İÇSULAR DÜZENLEME GENEL MÜDÜRLÜĞÜ'NÜN 2013231 SAYILI VE GEMİ.pdf,available,False,0001-01-01T00:00:00,,https://kms.kaysis.gov.tr/Home/Goster/45474,,,needs_verification,false,,
45476,KARAYOLU DÜZENLEME GENEL MÜDÜRLÜĞÜNÜN 2014/KDGM-07 SAYILI GENELGESİ,Kurum Genelgesi,road_transport,general,0.95,road_transport: 'karayolu düzenleme genel müdürlüğü' (+9),review_required,matched,Ulaştırma ve Altyapı Bakanlığı/Ulaştırma ve Altyapı Bakanlığı/Kurum Genelgesi/45476_KARAYOLU DÜZENLEME GENEL MÜDÜRLÜĞÜNÜN 2014KDGM-07 SAYILI GENELGESİ.pdf,available,False,0001-01-01T00:00:00,,https://kms.kaysis.gov.tr/Home/Goster/45476,,,needs_verification,false,,
45478,DENİZ VE İÇSULAR DÜZENLEME GENEL MÜDÜRLÜĞÜ'NÜN 2013/232 SAYILI VE YAĞ KAYIT DEFTERİNE OPERASYONLARIN KAYIT EDİLMESİ KONULU UYGULAMA TALİMATI,Talimat / Talimatname / İç Emir,maritime,maritime,0.98,maritime: 'deniz ve içsular' (+12),out_of_scope,matched,Ulaştırma ve Altyapı Bakanlığı/Ulaştırma ve Altyapı Bakanlığı/Talimat Talimatname İç Emir/45478_DENİZ VE İÇSULAR DÜZENLEME GENEL MÜDÜRLÜĞÜ'NÜN 2013232 SAYILI VE YAĞ.pdf,available,False,0001-01-01T00:00:00,,https://kms.kaysis.gov.tr/Home/Goster/45478,,,needs_verification,false,,
45480,KARAYOLU DÜZENLEME GENEL MÜDÜRLÜĞÜNÜN 2015/KDGM- 02/SAYILI GENELGESİ,Kurum Genelgesi,road_transport,general,0.95,road_transport: 'karayolu düzenleme genel müdürlüğü' (+9),review_required,matched,Ulaştırma ve Altyapı Bakanlığı/Ulaştırma ve Altyapı Bakanlığı/Kurum Genelgesi/45480_KARAYOLU DÜZENLEME GENEL MÜDÜRLÜĞÜNÜN 2015KDGM- 02SAYILI GENELGESİ.pdf,available,False,0001-01-01T00:00:00,,https://kms.kaysis.gov.tr/Home/Goster/45480,,,needs_verification,false,,
45481,KARA ULAŞTIRMASI GENEL MÜDÜRLÜĞÜNÜN 2010/KUGM-19/YOLCU SAYILI GENELGESİ,Kurum Genelgesi,road_transport,general,0.95,road_transport: 'kara ulaştırması genel müdürlüğü' (+9),review_required,matched,Ulaştırma ve Altyapı Bakanlığı/Ulaştırma ve Altyapı Bakanlığı/Kurum Genelgesi/45481_KARA ULAŞTIRMASI GENEL MÜDÜRLÜĞÜNÜN 2010KUGM-19YOLCU SAYILI GENELGESİ.pdf,ocr_required,True,0001-01-01T00:00:00,,https://kms.kaysis.gov.tr/Home/Goster/45481,,,needs_verification,false,,
45483,DENİZ VE İÇSULAR DÜZENLEME GENEL MÜDÜRLÜĞÜ'NÜN 2013/59 SAYILI VE GEMİLERDE BOZULMUŞ YÜKLERİN YÖNETİMİ KONULU UYGULAMA TALİMATI,Talimat / Talimatname / İç Emir,maritime,maritime,0.98,maritime: 'deniz ve içsular' (+12) | maritime: 'gemi' (+7),out_of_scope,matched,Ulaştırma ve Altyapı Bakanlığı/Ulaştırma ve Altyapı Bakanlığı/Talimat Talimatname İç Emir/45483_DENİZ VE İÇSULAR DÜZENLEME GENEL MÜDÜRLÜĞÜ'NÜN 201359 SAYILI VE GEMİL.pdf,available,False,0001-01-01T00:00:00,,https://kms.kaysis.gov.tr/Home/Goster/45483,,,needs_verification,false,,
45486,KARAYOLU DÜZENLEME GENEL MÜDÜRLÜĞÜNÜN 2014/KDGM- 10 SAYILI GENELGESİ,Kurum Genelgesi,road_transport,general,0.95,road_transport: 'karayolu düzenleme genel müdürlüğü' (+9),review_required,matched,Ulaştırma ve Altyapı Bakanlığı/Ulaştırma ve Altyapı Bakanlığı/Kurum Genelgesi/45486_KARAYOLU DÜZENLEME GENEL MÜDÜRLÜĞÜNÜN 2014KDGM- 10 SAYILI GENELGESİ.pdf,available,False,0001-01-01T00:00:00,,https://kms.kaysis.gov.tr/Home/Goster/45486,,,needs_verification,false,,
45495,KARAYOLU DÜZENLEME GENEL MÜDÜRLÜĞÜNÜN 2014/KDGM- 02 SAYILI GENELGESİ,Kurum Genelgesi,road_transport,general,0.95,road_transport: 'karayolu düzenleme genel müdürlüğü' (+9),review_required,matched,Ulaştırma ve Altyapı Bakanlığı/Ulaştırma ve Altyapı Bakanlığı/Kurum Genelgesi/45495_KARAYOLU DÜZENLEME GENEL MÜDÜRLÜĞÜNÜN 2014KDGM- 02 SAYILI GENELGESİ.pdf,available,False,0001-01-01T00:00:00,,https://kms.kaysis.gov.tr/Home/Goster/45495,,,needs_verification,false,,
45497,"DENİZ VE İÇSULAR DÜZENLEME GENEL MÜDÜRLÜĞÜ'NÜN 2013/60 SAYILI VE SİNTİNE SUYU ARITMA SİSTEMLERİNİN BAKIMI, İŞLETİLMESİ VE ONARIMI KONULU UYGULAMA TALİMATI",Talimat / Talimatname / İç Emir,maritime,maritime,0.98,maritime: 'deniz ve içsular' (+12),out_of_scope,matched,Ulaştırma ve Altyapı Bakanlığı/Ulaştırma ve Altyapı Bakanlığı/Talimat Talimatname İç Emir/45497_DENİZ VE İÇSULAR DÜZENLEME GENEL MÜDÜRLÜĞÜ'NÜN 201360 SAYILI VE SİNTİ.pdf,available,False,0001-01-01T00:00:00,,https://kms.kaysis.gov.tr/Home/Goster/45497,,,needs_verification,false,,
45498,DENİZ VE İÇSULAR DÜZENLEME GENEL MÜDÜRLÜĞÜ'NÜN 2013/65 SAYILI VE YARI KAPALI VE KAPALI DENİZ ALANLARINDA KRUVAZİYER GEMİLERDEN ATIK SULARIN DEŞARJI KONULU UYGULAMA TALİMATI,Talimat / Talimatname / İç Emir,maritime,maritime,0.98,maritime: 'deniz ve içsular' (+12) | maritime: 'gemi' (+7),out_of_scope,matched,Ulaştırma ve Altyapı Bakanlığı/Ulaştırma ve Altyapı Bakanlığı/Talimat Talimatname İç Emir/45498_DENİZ VE İÇSULAR DÜZENLEME GENEL MÜDÜRLÜĞÜ'NÜN 201365 SAYILI VE YARI.pdf,available,False,0001-01-01T00:00:00,,https://kms.kaysis.gov.tr/Home/Goster/45498,,,needs_verification,false,,
45501,DENİZ VE İÇSULAR DÜZENLEME GENEL MÜDÜRLÜĞÜ'NÜN 2013/68 SAYILI VE MARPOL EK VİN UYGULANMASI İÇİN 2012 IMO REHBERİ KONULU UYGULAMA TALİMATI,Talimat / Talimatname / İç Emir,maritime,maritime,0.98,maritime: 'deniz ve içsular' (+12) | maritime: 'marpol' (+7),out_of_scope,matched,Ulaştırma ve Altyapı Bakanlığı/Ulaştırma ve Altyapı Bakanlığı/Talimat Talimatname İç Emir/45501_DENİZ VE İÇSULAR DÜZENLEME GENEL MÜDÜRLÜĞÜ'NÜN 201368 SAYILI VE MARPO.pdf,available,False,0001-01-01T00:00:00,,https://kms.kaysis.gov.tr/Home/Goster/45501,,,needs_verification,false,,
45504,DENİZ VE İÇSULAR DÜZENLEME GENEL MÜDÜRLÜĞÜ'NÜN 2014/267 SAYILI VE MARPOL EK VI  KURAL 13 KONULU UYGULAMA TALİMATI,Talimat / Talimatname / İç Emir,maritime,maritime,0.98,maritime: 'deniz ve içsular' (+12) | maritime: 'marpol' (+7),out_of_scope,matched,Ulaştırma ve Altyapı Bakanlığı/Ulaştırma ve Altyapı Bakanlığı/Talimat Talimatname İç Emir/45504_DENİZ VE İÇSULAR DÜZENLEME GENEL MÜDÜRLÜĞÜ'NÜN 2014267 SAYILI VE MARP.pdf,available,False,0001-01-01T00:00:00,,https://kms.kaysis.gov.tr/Home/Goster/45504,,,needs_verification,false,,
45507,DENİZ VE İÇSULAR DÜZENLEME GENEL MÜDÜRLÜĞÜ'NÜN 2014/268 SAYILI VE MARPOL EK VI  KURAL 13 KONULU UYGULAMA TALİMATI,Talimat / Talimatname / İç Emir,maritime,maritime,0.98,maritime: 'deniz ve içsular' (+12) | maritime: 'marpol' (+7),out_of_scope,matched,Ulaştırma ve Altyapı Bakanlığı/Ulaştırma ve Altyapı Bakanlığı/Talimat Talimatname İç Emir/45507_DENİZ VE İÇSULAR DÜZENLEME GENEL MÜDÜRLÜĞÜ'NÜN 2014268 SAYILI VE MARP.pdf,available,False,0001-01-01T00:00:00,,https://kms.kaysis.gov.tr/Home/Goster/45507,,,needs_verification,false,,
45509,KARAYOLU DÜZENLEME GENEL MÜDÜRLÜĞÜNÜN 2012/KDGM- 07 SAYILI GENELGESİ,Kurum Genelgesi,road_transport,general,0.95,road_transport: 'karayolu düzenleme genel müdürlüğü' (+9),review_required,matched,Ulaştırma ve Altyapı Bakanlığı/Ulaştırma ve Altyapı Bakanlığı/Kurum Genelgesi/45509_KARAYOLU DÜZENLEME GENEL MÜDÜRLÜĞÜNÜN 2012KDGM- 07 SAYILI GENELGESİ.pdf,available,False,0001-01-01T00:00:00,,https://kms.kaysis.gov.tr/Home/Goster/45509,,,needs_verification,false,,
45513,DENİZ VE İÇSULAR DÜZENLEME GENEL MÜDÜRLÜĞÜ'NÜN 2014/269 SAYILI VE MARPOL EK VI KURAL 13 HK. KONULU UYGULAMA TALİMATI,Talimat / Talimatname / İç Emir,maritime,maritime,0.98,maritime: 'deniz ve içsular' (+12) | maritime: 'marpol' (+7),out_of_scope,matched,Ulaştırma ve Altyapı Bakanlığı/Ulaştırma ve Altyapı Bakanlığı/Talimat Talimatname İç Emir/45513_DENİZ VE İÇSULAR DÜZENLEME GENEL MÜDÜRLÜĞÜ'NÜN 2014269 SAYILI VE MARP.pdf,available,False,0001-01-01T00:00:00,,https://kms.kaysis.gov.tr/Home/Goster/45513,,,needs_verification,false,,
45529,DENİZ VE İÇSULAR DÜZENLEME GENEL MÜDÜRLÜĞÜ'NÜN 2006/7 SAYILI UYGULAMA TALİMATI,Kurum Genelgesi,maritime,maritime,0.98,maritime: 'deniz ve içsular' (+12),out_of_scope,matched,Ulaştırma ve Altyapı Bakanlığı/Ulaştırma ve Altyapı Bakanlığı/Kurum Genelgesi/45529_DENİZ VE İÇSULAR DÜZENLEME GENEL MÜDÜRLÜĞÜ'NÜN 20067 SAYILI UYGULAMA.pdf,available,False,0001-01-01T00:00:00,,https://kms.kaysis.gov.tr/Home/Goster/45529,,,needs_verification,false,,
45530,DENİZ VE İÇSULAR DÜZENLEME GENEL MÜDÜRLÜĞÜ'NÜN 31.10.2012 TARİHLİ LİMANLAR YÖNETMELİĞİNİN UYGULANMASI HK. UYGULAMA ESASI,Uygulama / Program Esasları,maritime,maritime,0.98,maritime: 'deniz ve içsular' (+12) | maritime: 'liman' (+6),out_of_scope,matched,Ulaştırma ve Altyapı Bakanlığı/Ulaştırma ve Altyapı Bakanlığı/Uygulama Program Esasları/45530_DENİZ VE İÇSULAR DÜZENLEME GENEL MÜDÜRLÜĞÜ'NÜN 31.10.2012 TARİHLİ LİM.pdf,available,False,0001-01-01T00:00:00,,https://kms.kaysis.gov.tr/Home/Goster/45530,,,needs_verification,false,,
45531,GEÇİŞ BELGELERİ DAĞITIM ESASLARI YÖNERGESİ,Yönerge,road_transport,international_permissions,0.87,road_transport: 'geçiş belgeleri' (+6),review_required,matched,Ulaştırma ve Altyapı Bakanlığı/Ulaştırma ve Altyapı Bakanlığı/Yönerge/45531_GEÇİŞ BELGELERİ DAĞITIM ESASLARI YÖNERGESİ.pdf,ocr_required,True,0001-01-01T00:00:00,,https://kms.kaysis.gov.tr/Home/Goster/45531,,,needs_verification,false,,
45533,UBAK İZİN BELGESİ DAĞITIM ESASLARI YÖNERGESİ,Yönerge,road_transport,international_permissions,0.9,road_transport: 'ubak izin' (+7),review_required,matched,Ulaştırma ve Altyapı Bakanlığı/Ulaştırma ve Altyapı Bakanlığı/Yönerge/45533_UBAK İZİN BELGESİ DAĞITIM ESASLARI YÖNERGESİ.pdf,available,False,0001-01-01T00:00:00,,https://kms.kaysis.gov.tr/Home/Goster/45533,,,needs_verification,false,,
45585,"T.C. ULAŞTIRMA, DENİZCİLİK VE HABERLEŞME BAKANLIĞI UHDESİNDE BULUNAN BİR KISIM İŞ VE İŞLEMLERİN TÜRKİYE ODALAR VE BORSALAR BİRLİĞİ TARAFINDAN YÜRÜTÜLMESİ AMACIYLA YAPILAN YETKİLENDİRMEYE İLİŞKİN PROTOKOL",Sözleşme / Protokol,maritime,maritime,0.98,maritime: 'denizcilik' (+8) | maritime: 'denizci' (+7),out_of_scope,matched,"Ulaştırma ve Altyapı Bakanlığı/Ulaştırma ve Altyapı Bakanlığı/Sözleşme Protokol/45585_T.C. ULAŞTIRMA, DENİZCİLİK VE HABERLEŞME BAKANLIĞI UHDESİNDE BULUNAN.pdf",available,False,0001-01-01T00:00:00,,https://kms.kaysis.gov.tr/Home/Goster/45585,,,needs_verification,false,,
45592,STRATEJİ GELİŞTİRME BAŞKANLIĞININ 2011/1 SAYILI GENELGESİ,Kurum Genelgesi,unknown,unknown,0.0,Başlıkta güvenilir bir alan göstergesi bulunamadı.,review_required,matched,Ulaştırma ve Altyapı Bakanlığı/Ulaştırma ve Altyapı Bakanlığı/Kurum Genelgesi/45592_STRATEJİ GELİŞTİRME BAŞKANLIĞININ 20111 SAYILI GENELGESİ.pdf,available,False,0001-01-01T00:00:00,,https://kms.kaysis.gov.tr/Home/Goster/45592,,,needs_verification,false,,
45593,"T.C.ULAŞTIRMA, DENİZCİLİK VE HABERLEŞME BAKANLIĞI MÜSTEŞARLIĞININ 2014/2 SAYILI GENELGESİ",Kurum Genelgesi,maritime,maritime,0.98,maritime: 'denizcilik' (+8) | maritime: 'denizci' (+7),out_of_scope,matched,"Ulaştırma ve Altyapı Bakanlığı/Ulaştırma ve Altyapı Bakanlığı/Kurum Genelgesi/45593_T.C.ULAŞTIRMA, DENİZCİLİK VE HABERLEŞME BAKANLIĞI MÜSTEŞARLIĞININ 201.pdf",available,False,0001-01-01T00:00:00,,https://kms.kaysis.gov.tr/Home/Goster/45593,,,needs_verification,false,,
45594,"T.C.ULAŞTIRMA, DENİZCİLİK VE HABERLEŞME BAKANLIĞI MÜSTEŞARLIĞININ 2014/3 SAYILI GENELGESİ",Kurum Genelgesi,maritime,maritime,0.98,maritime: 'denizcilik' (+8) | maritime: 'denizci' (+7),out_of_scope,matched,"Ulaştırma ve Altyapı Bakanlığı/Ulaştırma ve Altyapı Bakanlığı/Kurum Genelgesi/45594_T.C.ULAŞTIRMA, DENİZCİLİK VE HABERLEŞME BAKANLIĞI MÜSTEŞARLIĞININ 201.pdf",available,False,0001-01-01T00:00:00,,https://kms.kaysis.gov.tr/Home/Goster/45594,,,needs_verification,false,,
45595,"T.C.ULAŞTIRMA, DENİZCİLİK VE HABERLEŞME BAKANLIĞI MÜSTEŞARLIĞININ 2014/4 SAYILI GENELGESİ",Kurum Genelgesi,maritime,maritime,0.98,maritime: 'denizcilik' (+8) | maritime: 'denizci' (+7),out_of_scope,matched,"Ulaştırma ve Altyapı Bakanlığı/Ulaştırma ve Altyapı Bakanlığı/Kurum Genelgesi/45595_T.C.ULAŞTIRMA, DENİZCİLİK VE HABERLEŞME BAKANLIĞI MÜSTEŞARLIĞININ 201.pdf",available,False,0001-01-01T00:00:00,,https://kms.kaysis.gov.tr/Home/Goster/45595,,,needs_verification,false,,
45598,STRATEJİ GELİŞTİRME BAŞKANLIĞININ 2014/5 SAYILI GENELGESİ,Kurum Genelgesi,unknown,unknown,0.0,Başlıkta güvenilir bir alan göstergesi bulunamadı.,review_required,matched,Ulaştırma ve Altyapı Bakanlığı/Ulaştırma ve Altyapı Bakanlığı/Kurum Genelgesi/45598_STRATEJİ GELİŞTİRME BAŞKANLIĞININ 20145 SAYILI GENELGESİ.pdf,available,False,0001-01-01T00:00:00,,https://kms.kaysis.gov.tr/Home/Goster/45598,,,needs_verification,false,,
45599,STRATEJİ GELİŞTİRME BAŞKANLIĞININ 2015/2 SAYILI GENELGESİ,Kurum Genelgesi,unknown,unknown,0.0,Başlıkta güvenilir bir alan göstergesi bulunamadı.,review_required,matched,Ulaştırma ve Altyapı Bakanlığı/Ulaştırma ve Altyapı Bakanlığı/Kurum Genelgesi/45599_STRATEJİ GELİŞTİRME BAŞKANLIĞININ 20152 SAYILI GENELGESİ.pdf,available,False,0001-01-01T00:00:00,,https://kms.kaysis.gov.tr/Home/Goster/45599,,,needs_verification,false,,
45672,TEHLİKELİ MAL VE KOMBİNE TAŞIMACILIK DÜZENLEME GENEL MÜDÜRLÜĞÜNÜN 2015/TMKTDGM- 01/GENEL SAYILI GENELGESİ,Kurum Genelgesi,unknown,unknown,0.0,Başlıkta güvenilir bir alan göstergesi bulunamadı.,review_required,matched,Ulaştırma ve Altyapı Bakanlığı/Ulaştırma ve Altyapı Bakanlığı/Kurum Genelgesi/45672_TEHLİKELİ MAL VE KOMBİNE TAŞIMACILIK DÜZENLEME GENEL MÜDÜRLÜĞÜNÜN 201.pdf,available,False,0001-01-01T00:00:00,,https://kms.kaysis.gov.tr/Home/Goster/45672,,,needs_verification,false,,
45983,DENİZ VE İÇSULAR DÜZENLEME GENEL MÜDÜRLÜĞÜ'NÜN 272/2014 SAYILI UYGULAMA TALİMATI,Talimat / Talimatname / İç Emir,maritime,maritime,0.98,maritime: 'deniz ve içsular' (+12),out_of_scope,matched,Ulaştırma ve Altyapı Bakanlığı/Ulaştırma ve Altyapı Bakanlığı/Talimat Talimatname İç Emir/45983_DENİZ VE İÇSULAR DÜZENLEME GENEL MÜDÜRLÜĞÜ'NÜN 2722014 SAYILI UYGULAM.pdf,ocr_required,True,0001-01-01T00:00:00,,https://kms.kaysis.gov.tr/Home/Goster/45983,,,needs_verification,false,,
45986,DENİZ VE İÇSULAR DÜZENLEME GENEL MÜDÜRLÜĞÜ'NÜN 27/2014 SAYILI UYGULAMA TALİMATI,Talimat / Talimatname / İç Emir,maritime,maritime,0.98,maritime: 'deniz ve içsular' (+12),out_of_scope,matched,Ulaştırma ve Altyapı Bakanlığı/Ulaştırma ve Altyapı Bakanlığı/Talimat Talimatname İç Emir/45986_DENİZ VE İÇSULAR DÜZENLEME GENEL MÜDÜRLÜĞÜ'NÜN 272014 SAYILI UYGULAMA.pdf,ocr_required,True,0001-01-01T00:00:00,,https://kms.kaysis.gov.tr/Home/Goster/45986,,,needs_verification,false,,
45988,DENİZ VE İÇSULAR DÜZENLEME GENEL MÜDÜRLÜĞÜ'NÜN 2013/112 SAYILI UYGULAMA TALİMATI,Talimat / Talimatname / İç Emir,maritime,maritime,0.98,maritime: 'deniz ve içsular' (+12),out_of_scope,matched,Ulaştırma ve Altyapı Bakanlığı/Ulaştırma ve Altyapı Bakanlığı/Talimat Talimatname İç Emir/45988_DENİZ VE İÇSULAR DÜZENLEME GENEL MÜDÜRLÜĞÜ'NÜN 2013112 SAYILI UYGULAM.pdf,ocr_required,True,0001-01-01T00:00:00,,https://kms.kaysis.gov.tr/Home/Goster/45988,,,needs_verification,false,,
45997,DENİZ VE İÇSULAR DÜZENLEME GENEL MÜDÜRLÜĞÜ'NÜN 2013/114 SAYILI UYGULAMA TALİMATI,Talimat / Talimatname / İç Emir,maritime,maritime,0.98,maritime: 'deniz ve içsular' (+12),out_of_scope,matched,Ulaştırma ve Altyapı Bakanlığı/Ulaştırma ve Altyapı Bakanlığı/Talimat Talimatname İç Emir/45997_DENİZ VE İÇSULAR DÜZENLEME GENEL MÜDÜRLÜĞÜ'NÜN 2013114 SAYILI UYGULAM.pdf,ocr_required,True,0001-01-01T00:00:00,,https://kms.kaysis.gov.tr/Home/Goster/45997,,,needs_verification,false,,
46000,DENİZ VE İÇSULAR DÜZENLEME GENEL MÜDÜRLÜĞÜ'NÜN 2014/253 SAYILI UYGULAMA TALİMATI,Talimat / Talimatname / İç Emir,maritime,maritime,0.98,maritime: 'deniz ve içsular' (+12),out_of_scope,matched,Ulaştırma ve Altyapı Bakanlığı/Ulaştırma ve Altyapı Bakanlığı/Talimat Talimatname İç Emir/46000_DENİZ VE İÇSULAR DÜZENLEME GENEL MÜDÜRLÜĞÜ'NÜN 2014253 SAYILI UYGULAM.pdf,ocr_required,True,0001-01-01T00:00:00,,https://kms.kaysis.gov.tr/Home/Goster/46000,,,needs_verification,false,,
46001,DENİZ VE İÇSULAR DÜZENLEME GENEL MÜDÜRLÜĞÜ'NÜN 2013/245 SAYILI UYGULAMA TALİMATI,Talimat / Talimatname / İç Emir,maritime,maritime,0.98,maritime: 'deniz ve içsular' (+12),out_of_scope,matched,Ulaştırma ve Altyapı Bakanlığı/Ulaştırma ve Altyapı Bakanlığı/Talimat Talimatname İç Emir/46001_DENİZ VE İÇSULAR DÜZENLEME GENEL MÜDÜRLÜĞÜ'NÜN 2013245 SAYILI UYGULAM.pdf,available,False,0001-01-01T00:00:00,,https://kms.kaysis.gov.tr/Home/Goster/46001,,,needs_verification,false,,
46003,DENİZ VE İÇSULAR DÜZENLEME GENEL MÜDÜRLÜĞÜ'NÜN 2013/148 SAYILI UYGULAMA TALİMATI,Talimat / Talimatname / İç Emir,maritime,maritime,0.98,maritime: 'deniz ve içsular' (+12),out_of_scope,matched,Ulaştırma ve Altyapı Bakanlığı/Ulaştırma ve Altyapı Bakanlığı/Talimat Talimatname İç Emir/46003_DENİZ VE İÇSULAR DÜZENLEME GENEL MÜDÜRLÜĞÜ'NÜN 2013148 SAYILI UYGULAM.pdf,available,False,0001-01-01T00:00:00,,https://kms.kaysis.gov.tr/Home/Goster/46003,,,needs_verification,false,,
46006,DENİZ VE İÇSULAR DÜZENLEME GENEL MÜDÜRLÜĞÜ'NÜN 2013/147 SAYILI UYGULAMA TALİMATI,Talimat / Talimatname / İç Emir,maritime,maritime,0.98,maritime: 'deniz ve içsular' (+12),out_of_scope,matched,Ulaştırma ve Altyapı Bakanlığı/Ulaştırma ve Altyapı Bakanlığı/Talimat Talimatname İç Emir/46006_DENİZ VE İÇSULAR DÜZENLEME GENEL MÜDÜRLÜĞÜ'NÜN 2013147 SAYILI UYGULAM.pdf,ocr_required,True,0001-01-01T00:00:00,,https://kms.kaysis.gov.tr/Home/Goster/46006,,,needs_verification,false,,
46008,DENİZ VE İÇSULAR DÜZENLEME GENEL MÜDÜRLÜĞÜ'NÜN 2013/247 SAYILI UYGULAMA TALİMATI,Talimat / Talimatname / İç Emir,maritime,maritime,0.98,maritime: 'deniz ve içsular' (+12),out_of_scope,matched,Ulaştırma ve Altyapı Bakanlığı/Ulaştırma ve Altyapı Bakanlığı/Talimat Talimatname İç Emir/46008_DENİZ VE İÇSULAR DÜZENLEME GENEL MÜDÜRLÜĞÜ'NÜN 2013247 SAYILI UYGULAM.pdf,ocr_required,True,0001-01-01T00:00:00,,https://kms.kaysis.gov.tr/Home/Goster/46008,,,needs_verification,false,,
46010,DENİZ VE İÇSULAR DÜZENLEME GENEL MÜDÜRLÜĞÜ'NÜN 2013/246 SAYILI UYGULAMA TALİMATI,Talimat / Talimatname / İç Emir,maritime,maritime,0.98,maritime: 'deniz ve içsular' (+12),out_of_scope,matched,Ulaştırma ve Altyapı Bakanlığı/Ulaştırma ve Altyapı Bakanlığı/Talimat Talimatname İç Emir/46010_DENİZ VE İÇSULAR DÜZENLEME GENEL MÜDÜRLÜĞÜ'NÜN 2013246 SAYILI UYGULAM.pdf,available,False,0001-01-01T00:00:00,,https://kms.kaysis.gov.tr/Home/Goster/46010,,,needs_verification,false,,
46016,DENİZ VE İÇSULAR DÜZENLEME GENEL MÜDÜRLÜĞÜ'NÜN 2013/244 SAYILI UYGULAMA TALİMATI,Talimat / Talimatname / İç Emir,maritime,maritime,0.98,maritime: 'deniz ve içsular' (+12),out_of_scope,matched,Ulaştırma ve Altyapı Bakanlığı/Ulaştırma ve Altyapı Bakanlığı/Talimat Talimatname İç Emir/46016_DENİZ VE İÇSULAR DÜZENLEME GENEL MÜDÜRLÜĞÜ'NÜN 2013244 SAYILI UYGULAM.pdf,available,False,0001-01-01T00:00:00,,https://kms.kaysis.gov.tr/Home/Goster/46016,,,needs_verification,false,,
46017,DENİZ VE İÇSULAR DÜZENLEME GENEL MÜDÜRLÜĞÜ'NÜN 2013/178 SAYILI UYGULAMA TALİMATI,Talimat / Talimatname / İç Emir,maritime,maritime,0.98,maritime: 'deniz ve içsular' (+12),out_of_scope,matched,Ulaştırma ve Altyapı Bakanlığı/Ulaştırma ve Altyapı Bakanlığı/Talimat Talimatname İç Emir/46017_DENİZ VE İÇSULAR DÜZENLEME GENEL MÜDÜRLÜĞÜ'NÜN 2013178 SAYILI UYGULAM.pdf,ocr_required,True,0001-01-01T00:00:00,,https://kms.kaysis.gov.tr/Home/Goster/46017,,,needs_verification,false,,
46019,DENİZ VE İÇSULAR DÜZENLEME GENEL MÜDÜRLÜĞÜ'NÜN 2013/113 SAYILI UYGULAMA TALİMATI,Talimat / Talimatname / İç Emir,maritime,maritime,0.98,maritime: 'deniz ve içsular' (+12),out_of_scope,matched,Ulaştırma ve Altyapı Bakanlığı/Ulaştırma ve Altyapı Bakanlığı/Talimat Talimatname İç Emir/46019_DENİZ VE İÇSULAR DÜZENLEME GENEL MÜDÜRLÜĞÜ'NÜN 2013113 SAYILI UYGULAM.pdf,ocr_required,True,0001-01-01T00:00:00,,https://kms.kaysis.gov.tr/Home/Goster/46019,,,needs_verification,false,,
46021,DENİZ VE İÇSULAR DÜZENLEME GENEL MÜDÜRLÜĞÜ'NÜN 2013/170 SAYILI UYGULAMA TALİMATI,Talimat / Talimatname / İç Emir,maritime,maritime,0.98,maritime: 'deniz ve içsular' (+12),out_of_scope,matched,Ulaştırma ve Altyapı Bakanlığı/Ulaştırma ve Altyapı Bakanlığı/Talimat Talimatname İç Emir/46021_DENİZ VE İÇSULAR DÜZENLEME GENEL MÜDÜRLÜĞÜ'NÜN 2013170 SAYILI UYGULAM.pdf,ocr_required,True,0001-01-01T00:00:00,,https://kms.kaysis.gov.tr/Home/Goster/46021,,,needs_verification,false,,
46023,DENİZ VE İÇSULAR DÜZENLEME GENEL MÜDÜRLÜĞÜ'NÜN 2014/273 SAYILI UYGULAMA TALİMATI,Talimat / Talimatname / İç Emir,maritime,maritime,0.98,maritime: 'deniz ve içsular' (+12),out_of_scope,matched,Ulaştırma ve Altyapı Bakanlığı/Ulaştırma ve Altyapı Bakanlığı/Talimat Talimatname İç Emir/46023_DENİZ VE İÇSULAR DÜZENLEME GENEL MÜDÜRLÜĞÜ'NÜN 2014273 SAYILI UYGULAM.pdf,ocr_required,True,0001-01-01T00:00:00,,https://kms.kaysis.gov.tr/Home/Goster/46023,,,needs_verification,false,,
46024,DENİZ VE İÇSULAR DÜZENLEME GENEL MÜDÜRLÜĞÜ'NÜN 2013/248 SAYILI UYGULAMA TALİMATI,Talimat / Talimatname / İç Emir,maritime,maritime,0.98,maritime: 'deniz ve içsular' (+12),out_of_scope,matched,Ulaştırma ve Altyapı Bakanlığı/Ulaştırma ve Altyapı Bakanlığı/Talimat Talimatname İç Emir/46024_DENİZ VE İÇSULAR DÜZENLEME GENEL MÜDÜRLÜĞÜ'NÜN 2013248 SAYILI UYGULAM.pdf,ocr_required,True,0001-01-01T00:00:00,,https://kms.kaysis.gov.tr/Home/Goster/46024,,,needs_verification,false,,
46026,DENİZ VE İÇSULAR DÜZENLEME GENEL MÜDÜRLÜĞÜ'NÜN 2013/179 SAYILI UYGULAMA TALİMATI,Talimat / Talimatname / İç Emir,maritime,maritime,0.98,maritime: 'deniz ve içsular' (+12),out_of_scope,matched,Ulaştırma ve Altyapı Bakanlığı/Ulaştırma ve Altyapı Bakanlığı/Talimat Talimatname İç Emir/46026_DENİZ VE İÇSULAR DÜZENLEME GENEL MÜDÜRLÜĞÜ'NÜN 2013179 SAYILI UYGULAM.pdf,ocr_required,True,0001-01-01T00:00:00,,https://kms.kaysis.gov.tr/Home/Goster/46026,,,needs_verification,false,,
46130,KIYI TESİSLERİ İŞLETME İZNİ VE YAPIM TALEPLERİ HAKKINDA GENELGE,Kurum Genelgesi,maritime,maritime,0.9,maritime: 'kıyı tesis' (+7),out_of_scope,matched,Ulaştırma ve Altyapı Bakanlığı/Ulaştırma ve Altyapı Bakanlığı/Kurum Genelgesi/46130_KIYI TESİSLERİ İŞLETME İZNİ VE YAPIM TALEPLERİ HAKKINDA GENELGE.pdf,available,False,0001-01-01T00:00:00,,https://kms.kaysis.gov.tr/Home/Goster/46130,,,needs_verification,false,,
46131,DENİZ VE İÇSULAR DÜZENLEME GENEL MÜDÜRLÜĞÜNÜN ACİL DURUM YEDEKLEME PROSEDÜRLERİ HK 2013/136 SAYILI UYGULAMA TALİMATI,Talimat / Talimatname / İç Emir,maritime,maritime,0.98,maritime: 'deniz ve içsular' (+12),out_of_scope,matched,Ulaştırma ve Altyapı Bakanlığı/Ulaştırma ve Altyapı Bakanlığı/Talimat Talimatname İç Emir/46131_DENİZ VE İÇSULAR DÜZENLEME GENEL MÜDÜRLÜĞÜNÜN ACİL DURUM YEDEKLEME PR.pdf,available,False,0001-01-01T00:00:00,,https://kms.kaysis.gov.tr/Home/Goster/46131,,,needs_verification,false,,
46132,DENİZ ULAŞTIRMASI GENEL MÜDÜRLÜĞÜNÜN 2006/7 SAYILI GENELGESİ,Kurum Genelgesi,maritime,maritime,0.97,maritime: 'deniz ulaştırması' (+10),out_of_scope,matched,Ulaştırma ve Altyapı Bakanlığı/Ulaştırma ve Altyapı Bakanlığı/Kurum Genelgesi/46132_DENİZ ULAŞTIRMASI GENEL MÜDÜRLÜĞÜNÜN 20067 SAYILI GENELGESİ.pdf,available,False,0001-01-01T00:00:00,,https://kms.kaysis.gov.tr/Home/Goster/46132,,,needs_verification,false,,
46133,DENİZ VE İÇSULAR DÜZENLEME GENEL MÜDÜRLÜĞÜNÜN ACİL DURUMLAR HK. 2013/141 SAYILI UYGULAMA TALİMATI,Talimat / Talimatname / İç Emir,maritime,maritime,0.98,maritime: 'deniz ve içsular' (+12),out_of_scope,matched,Ulaştırma ve Altyapı Bakanlığı/Ulaştırma ve Altyapı Bakanlığı/Talimat Talimatname İç Emir/46133_DENİZ VE İÇSULAR DÜZENLEME GENEL MÜDÜRLÜĞÜNÜN ACİL DURUMLAR HK. 20131.pdf,available,False,0001-01-01T00:00:00,,https://kms.kaysis.gov.tr/Home/Goster/46133,,,needs_verification,false,,
46134,ÇANAKKALE VE GELİBOLU LİMAN BAŞKANLIKLARI YEREL DENİZ TRAFİĞİ REHBERİ,Talimat / Talimatname / İç Emir,maritime,maritime,0.87,maritime: 'liman' (+6),out_of_scope,matched,Ulaştırma ve Altyapı Bakanlığı/Ulaştırma ve Altyapı Bakanlığı/Talimat Talimatname İç Emir/46134_ÇANAKKALE VE GELİBOLU LİMAN BAŞKANLIKLARI YEREL DENİZ TRAFİĞİ REHBERİ.pdf,available,False,0001-01-01T00:00:00,,https://kms.kaysis.gov.tr/Home/Goster/46134,,,needs_verification,false,,
46135,DENİZ VE İÇSULAR DÜZENLEME GENEL MÜDÜRLÜĞÜNÜN DENİZ RADAR SİSTEMLERİ HK.2013/138 SAYILI UYGULAMA TALİMATI,Talimat / Talimatname / İç Emir,maritime,maritime,0.98,maritime: 'deniz ve içsular' (+12),out_of_scope,matched,Ulaştırma ve Altyapı Bakanlığı/Ulaştırma ve Altyapı Bakanlığı/Talimat Talimatname İç Emir/46135_DENİZ VE İÇSULAR DÜZENLEME GENEL MÜDÜRLÜĞÜNÜN DENİZ RADAR SİSTEMLERİ.pdf,available,False,0001-01-01T00:00:00,,https://kms.kaysis.gov.tr/Home/Goster/46135,,,needs_verification,false,,
46136,DENİZ VE İÇSULAR DÜZENLEME GENEL MÜDÜRLÜĞÜNÜN DENİZDE HABERLEŞME KONULU 2013/144 SAYILI UYGULAMA TALİMATI,Talimat / Talimatname / İç Emir,maritime,maritime,0.64,maritime: 'deniz ve içsular' (+12) | Birden fazla ulaşım alanı işareti bulundu; insan kapsam kontrolü zorunlu (communications=8).,review_required,matched,Ulaştırma ve Altyapı Bakanlığı/Ulaştırma ve Altyapı Bakanlığı/Talimat Talimatname İç Emir/46136_DENİZ VE İÇSULAR DÜZENLEME GENEL MÜDÜRLÜĞÜNÜN DENİZDE HABERLEŞME KONU.pdf,available,False,0001-01-01T00:00:00,,https://kms.kaysis.gov.tr/Home/Goster/46136,,,needs_verification,false,,
46137,DENİZ VE İÇSULAR DÜZENLEME GENEL MÜDÜRLÜĞÜ'NÜN 2013/59 SAYILI V UYGULAMA TALİMATI,Talimat / Talimatname / İç Emir,maritime,maritime,0.98,maritime: 'deniz ve içsular' (+12),out_of_scope,matched,Ulaştırma ve Altyapı Bakanlığı/Ulaştırma ve Altyapı Bakanlığı/Talimat Talimatname İç Emir/46137_DENİZ VE İÇSULAR DÜZENLEME GENEL MÜDÜRLÜĞÜ'NÜN 201359 SAYILI V UYGULA.pdf,available,False,0001-01-01T00:00:00,,https://kms.kaysis.gov.tr/Home/Goster/46137,,,needs_verification,false,,
46138,DENİZ VE İÇSULAR DÜZENLEME GENEL MÜDÜRLÜĞÜ'NÜN 2013/68 SAYILI UYGULAMA TALİMATI,Talimat / Talimatname / İç Emir,maritime,maritime,0.98,maritime: 'deniz ve içsular' (+12),out_of_scope,matched,Ulaştırma ve Altyapı Bakanlığı/Ulaştırma ve Altyapı Bakanlığı/Talimat Talimatname İç Emir/46138_DENİZ VE İÇSULAR DÜZENLEME GENEL MÜDÜRLÜĞÜ'NÜN 201368 SAYILI UYGULAMA.pdf,available,False,0001-01-01T00:00:00,,https://kms.kaysis.gov.tr/Home/Goster/46138,,,needs_verification,false,,
46139,DENİZ VE İÇSULAR DÜZENLEME GENEL MÜDÜRLÜĞÜ'NÜN 2013/210 SAYILI UYGULAMA TALİMATI,Talimat / Talimatname / İç Emir,maritime,maritime,0.98,maritime: 'deniz ve içsular' (+12),out_of_scope,matched,Ulaştırma ve Altyapı Bakanlığı/Ulaştırma ve Altyapı Bakanlığı/Talimat Talimatname İç Emir/46139_DENİZ VE İÇSULAR DÜZENLEME GENEL MÜDÜRLÜĞÜ'NÜN 2013210 SAYILI UYGULAM.pdf,available,False,0001-01-01T00:00:00,,https://kms.kaysis.gov.tr/Home/Goster/46139,,,needs_verification,false,,
46140,DENİZ VE İÇSULAR DÜZENLEME GENEL MÜDÜRLÜĞÜ'NÜN 2013/231 SAYILI UYGULAMA TALİMATI,Talimat / Talimatname / İç Emir,maritime,maritime,0.98,maritime: 'deniz ve içsular' (+12),out_of_scope,matched,Ulaştırma ve Altyapı Bakanlığı/Ulaştırma ve Altyapı Bakanlığı/Talimat Talimatname İç Emir/46140_DENİZ VE İÇSULAR DÜZENLEME GENEL MÜDÜRLÜĞÜ'NÜN 2013231 SAYILI UYGULAM.pdf,available,False,0001-01-01T00:00:00,,https://kms.kaysis.gov.tr/Home/Goster/46140,,,needs_verification,false,,
46143,DENİZ VE İÇSULAR DÜZENLEME GENEL MÜDÜRLÜĞÜ'NÜN 2013/232 UYGULAMA TALİMA,Talimat / Talimatname / İç Emir,maritime,maritime,0.98,maritime: 'deniz ve içsular' (+12),out_of_scope,matched,Ulaştırma ve Altyapı Bakanlığı/Ulaştırma ve Altyapı Bakanlığı/Talimat Talimatname İç Emir/46143_DENİZ VE İÇSULAR DÜZENLEME GENEL MÜDÜRLÜĞÜ'NÜN 2013232 UYGULAMA TALİM.pdf,available,False,0001-01-01T00:00:00,,https://kms.kaysis.gov.tr/Home/Goster/46143,,,needs_verification,false,,
46144,TEHLİKELİ MAL VE KOMBİNE TAŞIMACILIK DÜZENLEME GENEL MÜDÜRLÜĞÜNÜN 2014 / TMKTDGM-02 / YOL KENARI DENETİMİ SAYILI GENELGESİ,Kurum Genelgesi,road_transport,general,0.95,road_transport: 'yol kenarı denetim' (+9),review_required,matched,Ulaştırma ve Altyapı Bakanlığı/Ulaştırma ve Altyapı Bakanlığı/Kurum Genelgesi/46144_TEHLİKELİ MAL VE KOMBİNE TAŞIMACILIK DÜZENLEME GENEL MÜDÜRLÜĞÜNÜN 201.pdf,available,False,0001-01-01T00:00:00,,https://kms.kaysis.gov.tr/Home/Goster/46144,,,needs_verification,false,,
46146,TEHLİKELİ MADDE FAALİYET BELGESİ DÜZENLENMESİNE İLİŞKİN USUL VE ESASLAR HAKKINDA YÖNERGE,Yönerge,unknown,unknown,0.0,Başlıkta güvenilir bir alan göstergesi bulunamadı.,review_required,matched,Ulaştırma ve Altyapı Bakanlığı/Ulaştırma ve Altyapı Bakanlığı/Yönerge/46146_TEHLİKELİ MADDE FAALİYET BELGESİ DÜZENLENMESİNE İLİŞKİN USUL VE ESASL.pdf,available,False,0001-01-01T00:00:00,,https://kms.kaysis.gov.tr/Home/Goster/46146,,,needs_verification,false,,
46148,DENİZ VE İÇSULAR DÜZENLEME GENEL MÜDÜRLÜĞÜ'NÜN 2014/267 SAYILIUYGULAMA TALİMATI,Talimat / Talimatname / İç Emir,maritime,maritime,0.98,maritime: 'deniz ve içsular' (+12),out_of_scope,matched,Ulaştırma ve Altyapı Bakanlığı/Ulaştırma ve Altyapı Bakanlığı/Talimat Talimatname İç Emir/46148_DENİZ VE İÇSULAR DÜZENLEME GENEL MÜDÜRLÜĞÜ'NÜN 2014267 SAYILIUYGULAMA.pdf,available,False,0001-01-01T00:00:00,,https://kms.kaysis.gov.tr/Home/Goster/46148,,,needs_verification,false,,
46149,DENİZ VE İÇSULAR DÜZENLEME GENEL MÜDÜRLÜĞÜ'NÜN 2014/268 SAYILI UYGULAMA TALİMATI,Talimat / Talimatname / İç Emir,maritime,maritime,0.98,maritime: 'deniz ve içsular' (+12),out_of_scope,matched,Ulaştırma ve Altyapı Bakanlığı/Ulaştırma ve Altyapı Bakanlığı/Talimat Talimatname İç Emir/46149_DENİZ VE İÇSULAR DÜZENLEME GENEL MÜDÜRLÜĞÜ'NÜN 2014268 SAYILI UYGULAM.pdf,available,False,0001-01-01T00:00:00,,https://kms.kaysis.gov.tr/Home/Goster/46149,,,needs_verification,false,,
46206,DENİZ VE İÇSULAR DÜZENLEME GENEL MÜDÜRLÜĞÜNÜN DENİZDE MÜCBİR SEBEPLER VE KİŞİ KAPASİTESİNİN AŞILMASI KONULU 2013/111 SAYILI UYGULAMA TALİMATI,Talimat / Talimatname / İç Emir,maritime,maritime,0.98,maritime: 'deniz ve içsular' (+12),out_of_scope,matched,Ulaştırma ve Altyapı Bakanlığı/Ulaştırma ve Altyapı Bakanlığı/Talimat Talimatname İç Emir/46206_DENİZ VE İÇSULAR DÜZENLEME GENEL MÜDÜRLÜĞÜNÜN DENİZDE MÜCBİR SEBEPLER.pdf,available,False,0001-01-01T00:00:00,,https://kms.kaysis.gov.tr/Home/Goster/46206,,,needs_verification,false,,
46220,DENİZ VE İÇSULAR DÜZENLEME GENEL MÜDÜRLÜĞÜNÜN ENC VE ECDIS HK. KONULU 2013/142 SAYILI UYGULAMA TALİMATI,Talimat / Talimatname / İç Emir,maritime,maritime,0.98,maritime: 'deniz ve içsular' (+12),out_of_scope,matched,Ulaştırma ve Altyapı Bakanlığı/Ulaştırma ve Altyapı Bakanlığı/Talimat Talimatname İç Emir/46220_DENİZ VE İÇSULAR DÜZENLEME GENEL MÜDÜRLÜĞÜNÜN ENC VE ECDIS HK. KONULU.pdf,available,False,0001-01-01T00:00:00,,https://kms.kaysis.gov.tr/Home/Goster/46220,,,needs_verification,false,,
46229,DENİZ VE İÇSULAR DÜZENLEME GENEL MÜDÜRLÜĞÜNÜN GECE VARDİYASI HK. KONULU 2013/143 SAYILI UYGULAMA TALİMATI,Talimat / Talimatname / İç Emir,maritime,maritime,0.98,maritime: 'deniz ve içsular' (+12),out_of_scope,matched,Ulaştırma ve Altyapı Bakanlığı/Ulaştırma ve Altyapı Bakanlığı/Talimat Talimatname İç Emir/46229_DENİZ VE İÇSULAR DÜZENLEME GENEL MÜDÜRLÜĞÜNÜN GECE VARDİYASI HK. KONU.pdf,available,False,0001-01-01T00:00:00,,https://kms.kaysis.gov.tr/Home/Goster/46229,,,needs_verification,false,,
46242,DENİZ VE İÇSULAR DÜZENLEME GENEL MÜDÜRLÜĞÜ'NÜN 2013/62 SAYILI UYGULAMA TALİMATI,Talimat / Talimatname / İç Emir,maritime,maritime,0.98,maritime: 'deniz ve içsular' (+12),out_of_scope,matched,Ulaştırma ve Altyapı Bakanlığı/Ulaştırma ve Altyapı Bakanlığı/Talimat Talimatname İç Emir/46242_DENİZ VE İÇSULAR DÜZENLEME GENEL MÜDÜRLÜĞÜ'NÜN 201362 SAYILI UYGULAMA.pdf,available,False,0001-01-01T00:00:00,,https://kms.kaysis.gov.tr/Home/Goster/46242,,,needs_verification,false,,
46319,"""İLK SÖRVEY"" TERİMİNİN UYGULANMASI KONULU UYGULAMA TALİMATI 2013/39",Talimat / Talimatname / İç Emir,maritime,maritime,0.9,maritime: 'sörvey' (+7),out_of_scope,matched,Ulaştırma ve Altyapı Bakanlığı/Ulaştırma ve Altyapı Bakanlığı/Talimat Talimatname İç Emir/46319_İLK SÖRVEY TERİMİNİN UYGULANMASI KONULU UYGULAMA TALİMATI 201339.pdf,available,False,0001-01-01T00:00:00,,https://kms.kaysis.gov.tr/Home/Goster/46319,,,needs_verification,false,,
46321,"""PERİYODİK SÜRVEY"" TERİMİNİN ANLAMI HAKKINDA UYGULAMA TALİMATI 2013/189",Talimat / Talimatname / İç Emir,unknown,unknown,0.0,Başlıkta güvenilir bir alan göstergesi bulunamadı.,review_required,matched,Ulaştırma ve Altyapı Bakanlığı/Ulaştırma ve Altyapı Bakanlığı/Talimat Talimatname İç Emir/46321_PERİYODİK SÜRVEY TERİMİNİN ANLAMI HAKKINDA UYGULAMA TALİMATI 2013189.pdf,available,False,0001-01-01T00:00:00,,https://kms.kaysis.gov.tr/Home/Goster/46321,,,needs_verification,false,,
46323,BAYRAK DEVLETİ DENETİMİ UZMANLARI ETİK KURALLARI KONULU UYGULAMA TALİMATI 2013/102,Talimat / Talimatname / İç Emir,maritime,maritime,0.9,maritime: 'bayrak devleti' (+7),out_of_scope,matched,Ulaştırma ve Altyapı Bakanlığı/Ulaştırma ve Altyapı Bakanlığı/Talimat Talimatname İç Emir/46323_BAYRAK DEVLETİ DENETİMİ UZMANLARI ETİK KURALLARI KONULU UYGULAMA TALİ.pdf,ocr_required,True,0001-01-01T00:00:00,,https://kms.kaysis.gov.tr/Home/Goster/46323,,,needs_verification,false,,
46325,BAYRAK DEVLETİ İSTEĞİ ÜZERİNE GEMİYİ ALIKOYMA KONULU UYGULAMA TALİMATI 2013/20,Talimat / Talimatname / İç Emir,maritime,maritime,0.98,maritime: 'bayrak devleti' (+7) | maritime: 'gemi' (+7),out_of_scope,matched,Ulaştırma ve Altyapı Bakanlığı/Ulaştırma ve Altyapı Bakanlığı/Talimat Talimatname İç Emir/46325_BAYRAK DEVLETİ İSTEĞİ ÜZERİNE GEMİYİ ALIKOYMA KONULU UYGULAMA TALİMAT.pdf,available,False,0001-01-01T00:00:00,,https://kms.kaysis.gov.tr/Home/Goster/46325,,,needs_verification,false,,
46327,BELGE ASILLARININ GEMİDE BULUNMAMASI KONULU UYGULAMA TALİMATI 2013/31,Talimat / Talimatname / İç Emir,maritime,maritime,0.9,maritime: 'gemi' (+7),out_of_scope,matched,Ulaştırma ve Altyapı Bakanlığı/Ulaştırma ve Altyapı Bakanlığı/Talimat Talimatname İç Emir/46327_BELGE ASILLARININ GEMİDE BULUNMAMASI KONULU UYGULAMA TALİMATI 201331.pdf,available,False,0001-01-01T00:00:00,,https://kms.kaysis.gov.tr/Home/Goster/46327,,,needs_verification,false,,
46330,CAN FİLİKALARDA OLUŞAN KAZALAR KONULU UYGULAMA TALİMATI 2013/28,Talimat / Talimatname / İç Emir,maritime,maritime,0.9,maritime: 'filika' (+7),out_of_scope,matched,Ulaştırma ve Altyapı Bakanlığı/Ulaştırma ve Altyapı Bakanlığı/Talimat Talimatname İç Emir/46330_CAN FİLİKALARDA OLUŞAN KAZALAR KONULU UYGULAMA TALİMATI 201328.pdf,available,False,0001-01-01T00:00:00,,https://kms.kaysis.gov.tr/Home/Goster/46330,,,needs_verification,false,,
46335,CAN KURTARMA FİLİKA TALİMLERİ KONULU UYGULAMA TALİMATI 2013/85,Talimat / Talimatname / İç Emir,maritime,maritime,0.9,maritime: 'filika' (+7),out_of_scope,matched,Ulaştırma ve Altyapı Bakanlığı/Ulaştırma ve Altyapı Bakanlığı/Talimat Talimatname İç Emir/46335_CAN KURTARMA FİLİKA TALİMLERİ KONULU UYGULAMA TALİMATI 201385.pdf,available,False,0001-01-01T00:00:00,,https://kms.kaysis.gov.tr/Home/Goster/46335,,,needs_verification,false,,
46337,GEMİ KAPTANLARINA SU ALMA VE OLUMSUZ HAVA ŞARTLARINDAN KAÇIŞ HAKKINDA TALİMATLAR KONULU UYGULAMA TALİMATI 2013/40,Talimat / Talimatname / İç Emir,maritime,maritime,0.9,maritime: 'gemi' (+7),out_of_scope,matched,Ulaştırma ve Altyapı Bakanlığı/Ulaştırma ve Altyapı Bakanlığı/Talimat Talimatname İç Emir/46337_GEMİ KAPTANLARINA SU ALMA VE OLUMSUZ HAVA ŞARTLARINDAN KAÇIŞ HAKKINDA.pdf,available,False,0001-01-01T00:00:00,,https://kms.kaysis.gov.tr/Home/Goster/46337,,,needs_verification,false,,
46341,GEMİLERDE BULUNAN HIZ ÖLÇÜM CİHAZLARI KONULU UYGULAMA TALİMATI 2013/86,Talimat / Talimatname / İç Emir,maritime,maritime,0.9,maritime: 'gemi' (+7),out_of_scope,matched,Ulaştırma ve Altyapı Bakanlığı/Ulaştırma ve Altyapı Bakanlığı/Talimat Talimatname İç Emir/46341_GEMİLERDE BULUNAN HIZ ÖLÇÜM CİHAZLARI KONULU UYGULAMA TALİMATI 201386.pdf,available,False,0001-01-01T00:00:00,,https://kms.kaysis.gov.tr/Home/Goster/46341,,,needs_verification,false,,
46342,GEMİLERDE BULUNDURULACAK SERTİFİKALAR VE IMO YAYINLARI KONULU UYGULAMA TALİMATI 2013/105,Talimat / Talimatname / İç Emir,maritime,maritime,0.9,maritime: 'gemi' (+7),out_of_scope,matched,Ulaştırma ve Altyapı Bakanlığı/Ulaştırma ve Altyapı Bakanlığı/Talimat Talimatname İç Emir/46342_GEMİLERDE BULUNDURULACAK SERTİFİKALAR VE IMO YAYINLARI KONULU UYGULAM.pdf,available,False,0001-01-01T00:00:00,,https://kms.kaysis.gov.tr/Home/Goster/46342,,,needs_verification,false,,
46344,GEMİLERDEKİ TEKNİK İŞLETME VE BAKIM EL KİTAPLARI KONULU UYGULAMA TALİMATI 2013/36,Talimat / Talimatname / İç Emir,maritime,maritime,0.9,maritime: 'gemi' (+7),out_of_scope,matched,Ulaştırma ve Altyapı Bakanlığı/Ulaştırma ve Altyapı Bakanlığı/Talimat Talimatname İç Emir/46344_GEMİLERDEKİ TEKNİK İŞLETME VE BAKIM EL KİTAPLARI KONULU UYGULAMA TALİ.pdf,available,False,0001-01-01T00:00:00,,https://kms.kaysis.gov.tr/Home/Goster/46344,,,needs_verification,false,,
46347,GEMİYE GİRİŞ-ÇIKIŞ EKİPMANLARININ EMNİYETİ KONULU UYGULAMA TALİMATI 2013/84,Talimat / Talimatname / İç Emir,maritime,maritime,0.9,maritime: 'gemi' (+7),out_of_scope,matched,Ulaştırma ve Altyapı Bakanlığı/Ulaştırma ve Altyapı Bakanlığı/Talimat Talimatname İç Emir/46347_GEMİYE GİRİŞ-ÇIKIŞ EKİPMANLARININ EMNİYETİ KONULU UYGULAMA TALİMATI 2.pdf,available,False,0001-01-01T00:00:00,,https://kms.kaysis.gov.tr/Home/Goster/46347,,,needs_verification,false,,
46349,GENİŞLETİLMİŞ SÖRVEY PROGRAMINA TABİ OLMAYAN GEMİLER KONULU UYGULAMA TALİMATI 2013/38,Talimat / Talimatname / İç Emir,maritime,maritime,0.98,maritime: 'gemi' (+7) | maritime: 'sörvey' (+7),out_of_scope,matched,Ulaştırma ve Altyapı Bakanlığı/Ulaştırma ve Altyapı Bakanlığı/Talimat Talimatname İç Emir/46349_GENİŞLETİLMİŞ SÖRVEY PROGRAMINA TABİ OLMAYAN GEMİLER KONULU UYGULAMA.pdf,available,False,0001-01-01T00:00:00,,https://kms.kaysis.gov.tr/Home/Goster/46349,,,needs_verification,false,,
46350,İLGİLİ BELGELERDE STCW SÖZLEŞMESİNE YAPILAN REFERANS KONULU UYGULAMA TALİMATI 2013/21,Talimat / Talimatname / İç Emir,maritime,maritime,0.92,maritime: 'stcw' (+8),out_of_scope,matched,Ulaştırma ve Altyapı Bakanlığı/Ulaştırma ve Altyapı Bakanlığı/Talimat Talimatname İç Emir/46350_İLGİLİ BELGELERDE STCW SÖZLEŞMESİNE YAPILAN REFERANS KONULU UYGULAMA.pdf,available,False,0001-01-01T00:00:00,,https://kms.kaysis.gov.tr/Home/Goster/46350,,,needs_verification,false,,
46352,TEHLİKELİ MAL VE KOMBİNE TAŞIMACILIK DÜZENLEME GENEL MÜDÜRLÜĞÜNÜN 2014/TMKTDGM- 01/GENEL SAYILI GENELGESİ,Kurum Genelgesi,unknown,unknown,0.0,Başlıkta güvenilir bir alan göstergesi bulunamadı.,review_required,matched,Ulaştırma ve Altyapı Bakanlığı/Ulaştırma ve Altyapı Bakanlığı/Kurum Genelgesi/46352_TEHLİKELİ MAL VE KOMBİNE TAŞIMACILIK DÜZENLEME GENEL MÜDÜRLÜĞÜNÜN 201.pdf,available,False,0001-01-01T00:00:00,,https://kms.kaysis.gov.tr/Home/Goster/46352,,,needs_verification,false,,
46354,IMO NUMARASININ GEMİ PLANLARINA İŞLENMESİ KONULU UYGULAMA TALİMATI 2013/33,Talimat / Talimatname / İç Emir,maritime,maritime,0.9,maritime: 'gemi' (+7),out_of_scope,matched,Ulaştırma ve Altyapı Bakanlığı/Ulaştırma ve Altyapı Bakanlığı/Talimat Talimatname İç Emir/46354_IMO NUMARASININ GEMİ PLANLARINA İŞLENMESİ KONULU UYGULAMA TALİMATI 20.pdf,available,False,0001-01-01T00:00:00,,https://kms.kaysis.gov.tr/Home/Goster/46354,,,needs_verification,false,,
46355,IMO ORTAK YORUMLARI'NIN (UIS) UYGULANMASI KONULU UYGULAMA TALİMATI 2013/8,Talimat / Talimatname / İç Emir,unknown,unknown,0.0,Başlıkta güvenilir bir alan göstergesi bulunamadı.,review_required,matched,Ulaştırma ve Altyapı Bakanlığı/Ulaştırma ve Altyapı Bakanlığı/Talimat Talimatname İç Emir/46355_IMO ORTAK YORUMLARI'NIN (UIS) UYGULANMASI KONULU UYGULAMA TALİMATI 20.pdf,available,False,0001-01-01T00:00:00,,https://kms.kaysis.gov.tr/Home/Goster/46355,,,needs_verification,false,,
46356,"IMO SÖZLEŞMELERİNDE ""ÖZEL DURUMLAR"" UYGULAMASI KONULU UYGULAMA TALİMATI 2013/29",Talimat / Talimatname / İç Emir,unknown,unknown,0.0,Başlıkta güvenilir bir alan göstergesi bulunamadı.,review_required,matched,Ulaştırma ve Altyapı Bakanlığı/Ulaştırma ve Altyapı Bakanlığı/Talimat Talimatname İç Emir/46356_IMO SÖZLEŞMELERİNDE ÖZEL DURUMLAR UYGULAMASI KONULU UYGULAMA TALİMATI.pdf,available,False,0001-01-01T00:00:00,,https://kms.kaysis.gov.tr/Home/Goster/46356,,,needs_verification,false,,
46357,IMO ŞİRKET NUMARASI KONULU UYGULAMA TALİMATI 2013/45,Talimat / Talimatname / İç Emir,unknown,unknown,0.0,Başlıkta güvenilir bir alan göstergesi bulunamadı.,review_required,matched,Ulaştırma ve Altyapı Bakanlığı/Ulaştırma ve Altyapı Bakanlığı/Talimat Talimatname İç Emir/46357_IMO ŞİRKET NUMARASI KONULU UYGULAMA TALİMATI 201345.pdf,available,False,0001-01-01T00:00:00,,https://kms.kaysis.gov.tr/Home/Goster/46357,,,needs_verification,false,,
46358,ISM KOD GEREKLİLİKLERİ HAKKINDA UYGULAMA TALİMATI 2013/190,Talimat / Talimatname / İç Emir,unknown,unknown,0.0,Başlıkta güvenilir bir alan göstergesi bulunamadı.,review_required,matched,Ulaştırma ve Altyapı Bakanlığı/Ulaştırma ve Altyapı Bakanlığı/Talimat Talimatname İç Emir/46358_ISM KOD GEREKLİLİKLERİ HAKKINDA UYGULAMA TALİMATI 2013190.pdf,available,False,0001-01-01T00:00:00,,https://kms.kaysis.gov.tr/Home/Goster/46358,,,needs_verification,false,,
46359,ISM KOD İLE İLGİLİ HUSUSLAR HAKKINDA UYGULAMA TALİMATI 2013/41,Talimat / Talimatname / İç Emir,unknown,unknown,0.0,Başlıkta güvenilir bir alan göstergesi bulunamadı.,review_required,matched,Ulaştırma ve Altyapı Bakanlığı/Ulaştırma ve Altyapı Bakanlığı/Talimat Talimatname İç Emir/46359_ISM KOD İLE İLGİLİ HUSUSLAR HAKKINDA UYGULAMA TALİMATI 201341.pdf,available,False,0001-01-01T00:00:00,,https://kms.kaysis.gov.tr/Home/Goster/46359,,,needs_verification,false,,
46361,LİMAN DEVLETİ DENETİMİ (PSC) UYGULAMA TALİMATI 2013/104,Talimat / Talimatname / İç Emir,maritime,maritime,0.87,maritime: 'liman' (+6),out_of_scope,matched,Ulaştırma ve Altyapı Bakanlığı/Ulaştırma ve Altyapı Bakanlığı/Talimat Talimatname İç Emir/46361_LİMAN DEVLETİ DENETİMİ (PSC) UYGULAMA TALİMATI 2013104.pdf,ocr_required,True,0001-01-01T00:00:00,,https://kms.kaysis.gov.tr/Home/Goster/46361,,,needs_verification,false,,
46362,LİMAN DEVLETİ DENETİMLERİ (PSC) HAKKINDA UYGULAMA TALİMATI 2014/260,Talimat / Talimatname / İç Emir,maritime,maritime,0.87,maritime: 'liman' (+6),out_of_scope,matched,Ulaştırma ve Altyapı Bakanlığı/Ulaştırma ve Altyapı Bakanlığı/Talimat Talimatname İç Emir/46362_LİMAN DEVLETİ DENETİMLERİ (PSC) HAKKINDA UYGULAMA TALİMATI 2014260.pdf,available,False,0001-01-01T00:00:00,,https://kms.kaysis.gov.tr/Home/Goster/46362,,,needs_verification,false,,
46538,DENİZ VE İÇSULAR DÜZENLEME GENEL MÜDÜRLÜĞÜNÜN 2014/254 SAYILI UYGULAMA TALİMATI,Talimat / Talimatname / İç Emir,maritime,maritime,0.98,maritime: 'deniz ve içsular' (+12),out_of_scope,matched,Ulaştırma ve Altyapı Bakanlığı/Ulaştırma ve Altyapı Bakanlığı/Talimat Talimatname İç Emir/46538_DENİZ VE İÇSULAR DÜZENLEME GENEL MÜDÜRLÜĞÜNÜN 2014254 SAYILI UYGULAMA.pdf,available,False,0001-01-01T00:00:00,,https://kms.kaysis.gov.tr/Home/Goster/46538,,,needs_verification,false,,
46539,DENİZ VE İÇSULAR DÜZENLEME GENEL MÜDÜRLÜĞÜNÜN 2014 / 255 SAYILI UYGULAMA TALİMATI,Talimat / Talimatname / İç Emir,maritime,maritime,0.98,maritime: 'deniz ve içsular' (+12),out_of_scope,matched,Ulaştırma ve Altyapı Bakanlığı/Ulaştırma ve Altyapı Bakanlığı/Talimat Talimatname İç Emir/46539_DENİZ VE İÇSULAR DÜZENLEME GENEL MÜDÜRLÜĞÜNÜN 2014 255 SAYILI UYGULAM.pdf,available,False,0001-01-01T00:00:00,,https://kms.kaysis.gov.tr/Home/Goster/46539,,,needs_verification,false,,
46540,DENİZ VE İÇSULAR DÜZENLEME GENEL MÜDÜRLÜĞÜNÜN 2013/7 SAYILI UYGULAMA TALİMATI,Talimat / Talimatname / İç Emir,maritime,maritime,0.98,maritime: 'deniz ve içsular' (+12),out_of_scope,matched,Ulaştırma ve Altyapı Bakanlığı/Ulaştırma ve Altyapı Bakanlığı/Talimat Talimatname İç Emir/46540_DENİZ VE İÇSULAR DÜZENLEME GENEL MÜDÜRLÜĞÜNÜN 20137 SAYILI UYGULAMA T.pdf,available,False,0001-01-01T00:00:00,,https://kms.kaysis.gov.tr/Home/Goster/46540,,,needs_verification,false,,
46541,İSTANBUL LİMAN BAŞKANLIĞI YEREL DENİZ TRAFİĞİ REHBERİ,Talimat / Talimatname / İç Emir,maritime,maritime,0.87,maritime: 'liman' (+6),out_of_scope,matched,Ulaştırma ve Altyapı Bakanlığı/Ulaştırma ve Altyapı Bakanlığı/Talimat Talimatname İç Emir/46541_İSTANBUL LİMAN BAŞKANLIĞI YEREL DENİZ TRAFİĞİ REHBERİ.pdf,available,False,0001-01-01T00:00:00,,https://kms.kaysis.gov.tr/Home/Goster/46541,,,needs_verification,false,,
46543,İZMİR LİMAN BAŞKANLIĞI YEREL DENİZ TRAFİĞİ REHBERİ,Talimat / Talimatname / İç Emir,maritime,maritime,0.87,maritime: 'liman' (+6),out_of_scope,matched,Ulaştırma ve Altyapı Bakanlığı/Ulaştırma ve Altyapı Bakanlığı/Talimat Talimatname İç Emir/46543_İZMİR LİMAN BAŞKANLIĞI YEREL DENİZ TRAFİĞİ REHBERİ.pdf,available,False,0001-01-01T00:00:00,,https://kms.kaysis.gov.tr/Home/Goster/46543,,,needs_verification,false,,
46544,DENİZ VE İÇSULAR DÜZENLEME GENEL MÜDÜRLÜĞÜNÜN 2013/57 SAYILI UYGULAMA TALİMATI,Talimat / Talimatname / İç Emir,maritime,maritime,0.98,maritime: 'deniz ve içsular' (+12),out_of_scope,matched,Ulaştırma ve Altyapı Bakanlığı/Ulaştırma ve Altyapı Bakanlığı/Talimat Talimatname İç Emir/46544_DENİZ VE İÇSULAR DÜZENLEME GENEL MÜDÜRLÜĞÜNÜN 201357 SAYILI UYGULAMA.pdf,available,False,0001-01-01T00:00:00,,https://kms.kaysis.gov.tr/Home/Goster/46544,,,needs_verification,false,,
46545,DENİZ VE İÇSULAR DÜZENLEME GENEL MÜDÜRLÜĞÜNÜN 2013/99 SAYILI UYGULAMA TALİMATI,Talimat / Talimatname / İç Emir,maritime,maritime,0.98,maritime: 'deniz ve içsular' (+12),out_of_scope,matched,Ulaştırma ve Altyapı Bakanlığı/Ulaştırma ve Altyapı Bakanlığı/Talimat Talimatname İç Emir/46545_DENİZ VE İÇSULAR DÜZENLEME GENEL MÜDÜRLÜĞÜNÜN 201399 SAYILI UYGULAMA.pdf,available,False,0001-01-01T00:00:00,,https://kms.kaysis.gov.tr/Home/Goster/46545,,,needs_verification,false,,
46546,DENİZ VE İÇSULAR DÜZENLEME GENEL MÜDÜRLÜĞÜNÜN 2014 / 256 SAYILI UYGULAMA TALİMATI,Talimat / Talimatname / İç Emir,maritime,maritime,0.98,maritime: 'deniz ve içsular' (+12),out_of_scope,matched,Ulaştırma ve Altyapı Bakanlığı/Ulaştırma ve Altyapı Bakanlığı/Talimat Talimatname İç Emir/46546_DENİZ VE İÇSULAR DÜZENLEME GENEL MÜDÜRLÜĞÜNÜN 2014 256 SAYILI UYGULAM.pdf,available,False,0001-01-01T00:00:00,,https://kms.kaysis.gov.tr/Home/Goster/46546,,,needs_verification,false,,
46549,DENİZ VE İÇSULAR DÜZENLEME GENEL MÜDÜRLÜĞÜNÜN 2013/145 SAYILI UYGULAMA TALİMATI,Talimat / Talimatname / İç Emir,maritime,maritime,0.98,maritime: 'deniz ve içsular' (+12),out_of_scope,matched,Ulaştırma ve Altyapı Bakanlığı/Ulaştırma ve Altyapı Bakanlığı/Talimat Talimatname İç Emir/46549_DENİZ VE İÇSULAR DÜZENLEME GENEL MÜDÜRLÜĞÜNÜN 2013145 SAYILI UYGULAMA.pdf,available,False,0001-01-01T00:00:00,,https://kms.kaysis.gov.tr/Home/Goster/46549,,,needs_verification,false,,
46551,DENİZ VE İÇSULAR DÜZENLEME GENEL MÜDÜRLÜĞÜNÜN 2013/52 SAYILI UYGULAMA TALİMATI,Talimat / Talimatname / İç Emir,maritime,maritime,0.98,maritime: 'deniz ve içsular' (+12),out_of_scope,matched,Ulaştırma ve Altyapı Bakanlığı/Ulaştırma ve Altyapı Bakanlığı/Talimat Talimatname İç Emir/46551_DENİZ VE İÇSULAR DÜZENLEME GENEL MÜDÜRLÜĞÜNÜN 201352 SAYILI UYGULAMA.pdf,available,False,0001-01-01T00:00:00,,https://kms.kaysis.gov.tr/Home/Goster/46551,,,needs_verification,false,,
46554,DENİZ VE İÇSULAR DÜZENLEME GENEL MÜDÜRLÜĞÜNÜN 2013/134 SAYILI UYGULAMA TALİMATI,Talimat / Talimatname / İç Emir,maritime,maritime,0.98,maritime: 'deniz ve içsular' (+12),out_of_scope,matched,Ulaştırma ve Altyapı Bakanlığı/Ulaştırma ve Altyapı Bakanlığı/Talimat Talimatname İç Emir/46554_DENİZ VE İÇSULAR DÜZENLEME GENEL MÜDÜRLÜĞÜNÜN 2013134 SAYILI UYGULAMA.pdf,available,False,0001-01-01T00:00:00,,https://kms.kaysis.gov.tr/Home/Goster/46554,,,needs_verification,false,,
46555,DENİZ VE İÇSULAR DÜZENLEME GENEL MÜDÜRLÜĞÜNÜN 2013/135 SAYILI UYGULAMA TALİMATI,Talimat / Talimatname / İç Emir,maritime,maritime,0.98,maritime: 'deniz ve içsular' (+12),out_of_scope,matched,Ulaştırma ve Altyapı Bakanlığı/Ulaştırma ve Altyapı Bakanlığı/Talimat Talimatname İç Emir/46555_DENİZ VE İÇSULAR DÜZENLEME GENEL MÜDÜRLÜĞÜNÜN 2013135 SAYILI UYGULAMA.pdf,available,False,0001-01-01T00:00:00,,https://kms.kaysis.gov.tr/Home/Goster/46555,,,needs_verification,false,,
46560,DENİZ VE İÇSULAR DÜZENLEME GENEL MÜDÜRLÜĞÜNÜN 2013/137 SAYILI UYGULAMA TALİMATI,Talimat / Talimatname / İç Emir,maritime,maritime,0.98,maritime: 'deniz ve içsular' (+12),out_of_scope,matched,Ulaştırma ve Altyapı Bakanlığı/Ulaştırma ve Altyapı Bakanlığı/Talimat Talimatname İç Emir/46560_DENİZ VE İÇSULAR DÜZENLEME GENEL MÜDÜRLÜĞÜNÜN 2013137 SAYILI UYGULAMA.pdf,available,False,0001-01-01T00:00:00,,https://kms.kaysis.gov.tr/Home/Goster/46560,,,needs_verification,false,,
46562,TERSANELER VE KIYI YAPILARI GENEL MÜDÜRLÜĞÜNÜN 2013/185 SAYILI UYGULAMA TALİMATI,Talimat / Talimatname / İç Emir,maritime,maritime,0.9,maritime: 'tersane' (+7),out_of_scope,matched,Ulaştırma ve Altyapı Bakanlığı/Ulaştırma ve Altyapı Bakanlığı/Talimat Talimatname İç Emir/46562_TERSANELER VE KIYI YAPILARI GENEL MÜDÜRLÜĞÜNÜN 2013185 SAYILI UYGULAM.pdf,available,False,0001-01-01T00:00:00,,https://kms.kaysis.gov.tr/Home/Goster/46562,,,needs_verification,false,,
46568,DENİZ VE İÇSULAR DÜZENLEME GENEL MÜDÜRLÜĞÜNÜN 2013/56 SAYILI UYGULAMA TALİMATI,Talimat / Talimatname / İç Emir,maritime,maritime,0.98,maritime: 'deniz ve içsular' (+12),out_of_scope,matched,Ulaştırma ve Altyapı Bakanlığı/Ulaştırma ve Altyapı Bakanlığı/Talimat Talimatname İç Emir/46568_DENİZ VE İÇSULAR DÜZENLEME GENEL MÜDÜRLÜĞÜNÜN 201356 SAYILI UYGULAMA.pdf,available,False,0001-01-01T00:00:00,,https://kms.kaysis.gov.tr/Home/Goster/46568,,,needs_verification,false,,
46598,LİMAN DEVLETİ DENETİMLERİNDE DÖKME YÜK GEMİLERİNİN YAPISAL DURUMUNUN KONTROLLERİ HAKKINDA UYGULAMA TALİMATI 2013/35,Talimat / Talimatname / İç Emir,maritime,maritime,0.98,maritime: 'gemi' (+7) | maritime: 'liman' (+6),out_of_scope,matched,Ulaştırma ve Altyapı Bakanlığı/Ulaştırma ve Altyapı Bakanlığı/Talimat Talimatname İç Emir/46598_LİMAN DEVLETİ DENETİMLERİNDE DÖKME YÜK GEMİLERİNİN YAPISAL DURUMUNUN.pdf,available,False,0001-01-01T00:00:00,,https://kms.kaysis.gov.tr/Home/Goster/46598,,,needs_verification,false,,
46602,LİMAN DEVLETİ KONTROLÜ UZMANLARI ETİK KURALLARI HAKKINDA UYGULAMA HAKKINDA TALİMATI 2013/37,Talimat / Talimatname / İç Emir,maritime,maritime,0.87,maritime: 'liman' (+6),out_of_scope,matched,Ulaştırma ve Altyapı Bakanlığı/Ulaştırma ve Altyapı Bakanlığı/Talimat Talimatname İç Emir/46602_LİMAN DEVLETİ KONTROLÜ UZMANLARI ETİK KURALLARI HAKKINDA UYGULAMA HAK.pdf,available,False,0001-01-01T00:00:00,,https://kms.kaysis.gov.tr/Home/Goster/46602,,,needs_verification,false,,
46604,LRIT SİSTEMİNİN SÖRVEY VE BELGELENDİRMESİ HAKKINDA UYGULAMA TALİMATI 2013/98,Talimat / Talimatname / İç Emir,maritime,maritime,0.9,maritime: 'sörvey' (+7),out_of_scope,matched,Ulaştırma ve Altyapı Bakanlığı/Ulaştırma ve Altyapı Bakanlığı/Talimat Talimatname İç Emir/46604_LRIT SİSTEMİNİN SÖRVEY VE BELGELENDİRMESİ HAKKINDA UYGULAMA TALİMATI.pdf,available,False,0001-01-01T00:00:00,,https://kms.kaysis.gov.tr/Home/Goster/46604,,,needs_verification,false,,
46605,MEVCUT SERTİFİKALARIN YENİ DÜZENLEMELERE GÖRE YENİLENMESİ SÜRECİ HAKKINDA UYGULAMA TALİMATI 2013/40,Talimat / Talimatname / İç Emir,unknown,unknown,0.0,Başlıkta güvenilir bir alan göstergesi bulunamadı.,review_required,matched,Ulaştırma ve Altyapı Bakanlığı/Ulaştırma ve Altyapı Bakanlığı/Talimat Talimatname İç Emir/46605_MEVCUT SERTİFİKALARIN YENİ DÜZENLEMELERE GÖRE YENİLENMESİ SÜRECİ HAKK.pdf,available,False,0001-01-01T00:00:00,,https://kms.kaysis.gov.tr/Home/Goster/46605,,,needs_verification,false,,
46609,MUAFİYET VE EŞDEĞER UYGULAMALAR HAKKINDA UYGULAMA TALİMATI 2013/191,Talimat / Talimatname / İç Emir,unknown,unknown,0.0,Başlıkta güvenilir bir alan göstergesi bulunamadı.,review_required,matched,Ulaştırma ve Altyapı Bakanlığı/Ulaştırma ve Altyapı Bakanlığı/Talimat Talimatname İç Emir/46609_MUAFİYET VE EŞDEĞER UYGULAMALAR HAKKINDA UYGULAMA TALİMATI 2013191.pdf,available,False,0001-01-01T00:00:00,,https://kms.kaysis.gov.tr/Home/Goster/46609,,,needs_verification,false,,
46611,MUAFİYETLERİN IMO'YA BİLDİRİMİ HAKKINDA UYGULAMA TALİMATI 2013/106,Talimat / Talimatname / İç Emir,unknown,unknown,0.0,Başlıkta güvenilir bir alan göstergesi bulunamadı.,review_required,matched,Ulaştırma ve Altyapı Bakanlığı/Ulaştırma ve Altyapı Bakanlığı/Talimat Talimatname İç Emir/46611_MUAFİYETLERİN IMO'YA BİLDİRİMİ HAKKINDA UYGULAMA TALİMATI 2013106.pdf,available,False,0001-01-01T00:00:00,,https://kms.kaysis.gov.tr/Home/Goster/46611,,,needs_verification,false,,
46615,NÜKLEER GEMİLERİN ÖZEL KONTROLLERİ HAKKINDA UYGULAMA TALİMATI 2013/42,Talimat / Talimatname / İç Emir,maritime,maritime,0.9,maritime: 'gemi' (+7),out_of_scope,matched,Ulaştırma ve Altyapı Bakanlığı/Ulaştırma ve Altyapı Bakanlığı/Talimat Talimatname İç Emir/46615_NÜKLEER GEMİLERİN ÖZEL KONTROLLERİ HAKKINDA UYGULAMA TALİMATI 201342.pdf,available,False,0001-01-01T00:00:00,,https://kms.kaysis.gov.tr/Home/Goster/46615,,,needs_verification,false,,
46617,RO-RO YOLCU GEMİLERİNİN SÜRVEY DENETİMLERİ HAKKINDA UYGULAMA TALİMATI 2013/18,Talimat / Talimatname / İç Emir,maritime,maritime,0.9,maritime: 'gemi' (+7),out_of_scope,matched,Ulaştırma ve Altyapı Bakanlığı/Ulaştırma ve Altyapı Bakanlığı/Talimat Talimatname İç Emir/46617_RO-RO YOLCU GEMİLERİNİN SÜRVEY DENETİMLERİ HAKKINDA UYGULAMA TALİMATI.pdf,available,False,0001-01-01T00:00:00,,https://kms.kaysis.gov.tr/Home/Goster/46617,,,needs_verification,false,,
46618,SERTİFİKALAR VE KONTROL LİSTELERİ HAKKINDA UYGULAMA TALİMATI 2013/53,Talimat / Talimatname / İç Emir,unknown,unknown,0.0,Başlıkta güvenilir bir alan göstergesi bulunamadı.,review_required,matched,Ulaştırma ve Altyapı Bakanlığı/Ulaştırma ve Altyapı Bakanlığı/Talimat Talimatname İç Emir/46618_SERTİFİKALAR VE KONTROL LİSTELERİ HAKKINDA UYGULAMA TALİMATI 201353.pdf,available,False,0001-01-01T00:00:00,,https://kms.kaysis.gov.tr/Home/Goster/46618,,,needs_verification,false,,
46619,SERTİFİKALAR VE KONTROL LİSTELERİ HAKKINDA UYGULAMA TALİMATI 2013/53,Talimat / Talimatname / İç Emir,unknown,unknown,0.0,Başlıkta güvenilir bir alan göstergesi bulunamadı.,review_required,matched,Ulaştırma ve Altyapı Bakanlığı/Ulaştırma ve Altyapı Bakanlığı/Talimat Talimatname İç Emir/46619_SERTİFİKALAR VE KONTROL LİSTELERİ HAKKINDA UYGULAMA TALİMATI 201353.pdf,available,False,0001-01-01T00:00:00,,https://kms.kaysis.gov.tr/Home/Goster/46619,,,needs_verification,false,,
46621,SİNTİNE POMPALARININ DENİZ ÇIKIŞLARI HAKKINDA UYGULAMA TALİMATI 2013/133,Talimat / Talimatname / İç Emir,unknown,unknown,0.0,Başlıkta güvenilir bir alan göstergesi bulunamadı.,review_required,matched,Ulaştırma ve Altyapı Bakanlığı/Ulaştırma ve Altyapı Bakanlığı/Talimat Talimatname İç Emir/46621_SİNTİNE POMPALARININ DENİZ ÇIKIŞLARI HAKKINDA UYGULAMA TALİMATI 20131.pdf,available,False,0001-01-01T00:00:00,,https://kms.kaysis.gov.tr/Home/Goster/46621,,,needs_verification,false,,
46623,SOLAS 74 KURAL I/18 'İN UYGULANMASI HAKKINDA UYGULAMA TALİMATI 2013/19,Talimat / Talimatname / İç Emir,unknown,unknown,0.0,Başlıkta güvenilir bir alan göstergesi bulunamadı.,review_required,matched,Ulaştırma ve Altyapı Bakanlığı/Ulaştırma ve Altyapı Bakanlığı/Talimat Talimatname İç Emir/46623_SOLAS 74 KURAL I18 'İN UYGULANMASI HAKKINDA UYGULAMA TALİMATI 201319.pdf,available,False,0001-01-01T00:00:00,,https://kms.kaysis.gov.tr/Home/Goster/46623,,,needs_verification,false,,
46625,SOLAS BÖLÜM II-1 HAKKINDA UYGULAMA TALİMATI 2013/30,Talimat / Talimatname / İç Emir,unknown,unknown,0.0,Başlıkta güvenilir bir alan göstergesi bulunamadı.,review_required,matched,Ulaştırma ve Altyapı Bakanlığı/Ulaştırma ve Altyapı Bakanlığı/Talimat Talimatname İç Emir/46625_SOLAS BÖLÜM II-1 HAKKINDA UYGULAMA TALİMATI 201330.pdf,available,False,0001-01-01T00:00:00,,https://kms.kaysis.gov.tr/Home/Goster/46625,,,needs_verification,false,,
46626,SÜRVEY TAMAMLANMA TARİHİNİN BELİRLENMESİ HAKKINDA UYGULAMA TALİMATI 2013/34,Talimat / Talimatname / İç Emir,unknown,unknown,0.0,Başlıkta güvenilir bir alan göstergesi bulunamadı.,review_required,matched,Ulaştırma ve Altyapı Bakanlığı/Ulaştırma ve Altyapı Bakanlığı/Talimat Talimatname İç Emir/46626_SÜRVEY TAMAMLANMA TARİHİNİN BELİRLENMESİ HAKKINDA UYGULAMA TALİMATI 2.pdf,available,False,0001-01-01T00:00:00,,https://kms.kaysis.gov.tr/Home/Goster/46626,,,needs_verification,false,,
46628,SÜREKLİ ÖZET KAYIT BELGESİNDEKİ BİLGİLER HAKKINDA UYGULAMA TALİMATI 2013/22,Talimat / Talimatname / İç Emir,unknown,unknown,0.0,Başlıkta güvenilir bir alan göstergesi bulunamadı.,review_required,matched,Ulaştırma ve Altyapı Bakanlığı/Ulaştırma ve Altyapı Bakanlığı/Talimat Talimatname İç Emir/46628_SÜREKLİ ÖZET KAYIT BELGESİNDEKİ BİLGİLER HAKKINDA UYGULAMA TALİMATI 2.pdf,available,False,0001-01-01T00:00:00,,https://kms.kaysis.gov.tr/Home/Goster/46628,,,needs_verification,false,,
48747,"SİVİL HAVA MEYDANLARI, LİMANLAR VE SINIR KAPILARINDA GÖREV VE HİZMETLERİN YÜRÜTÜLMESİ HAKKINDA YÖNETMELİK",Bakanlar Kurulu Yönetmeliği,aviation,aviation,0.64,aviation: 'sivil hava' (+8) | Birden fazla ulaşım alanı işareti bulundu; insan kapsam kontrolü zorunlu (maritime=6).,review_required,matched,"Ulaştırma ve Altyapı Bakanlığı/Ulaştırma ve Altyapı Bakanlığı/Bakanlar Kurulu Yönetmeliği/48747_SİVİL HAVA MEYDANLARI, LİMANLAR VE SINIR KAPILARINDA GÖREV VE HİZMETL.pdf",available,False,1982-02-06T00:00:00,17597,https://kms.kaysis.gov.tr/Home/Goster/48747,,,needs_verification,false,,
51495,SÜRVEY REHBERİ HAKKINDA UYGULAMA TALİMATI 2014/257,Talimat / Talimatname / İç Emir,unknown,unknown,0.0,Başlıkta güvenilir bir alan göstergesi bulunamadı.,review_required,matched,Ulaştırma ve Altyapı Bakanlığı/Ulaştırma ve Altyapı Bakanlığı/Talimat Talimatname İç Emir/51495_SÜRVEY REHBERİ HAKKINDA UYGULAMA TALİMATI 2014257.pdf,available,False,0001-01-01T00:00:00,,https://kms.kaysis.gov.tr/Home/Goster/51495,,,needs_verification,false,,
52804,TAMAMEN KAPALI CAN FİLİKALARINDA DALIŞ ELBİSELERİNİN GİYİLMESİ HAKKINDA UYGULAMA TALİMATI 2013/87,Talimat / Talimatname / İç Emir,maritime,maritime,0.9,maritime: 'filika' (+7),out_of_scope,matched,Ulaştırma ve Altyapı Bakanlığı/Ulaştırma ve Altyapı Bakanlığı/Talimat Talimatname İç Emir/52804_TAMAMEN KAPALI CAN FİLİKALARINDA DALIŞ ELBİSELERİNİN GİYİLMESİ HAKKIN.pdf,available,False,0001-01-01T00:00:00,,https://kms.kaysis.gov.tr/Home/Goster/52804,,,needs_verification,false,,
52806,TUTULMA DURUMUNDA BAYRAK DEVLETİNİ BİLGİLENDİRME KONULU UYGULAMA TALİMATI 2013/23,Talimat / Talimatname / İç Emir,maritime,maritime,0.9,maritime: 'bayrak devleti' (+7),out_of_scope,matched,Ulaştırma ve Altyapı Bakanlığı/Ulaştırma ve Altyapı Bakanlığı/Talimat Talimatname İç Emir/52806_TUTULMA DURUMUNDA BAYRAK DEVLETİNİ BİLGİLENDİRME KONULU UYGULAMA TALİ.pdf,available,False,0001-01-01T00:00:00,,https://kms.kaysis.gov.tr/Home/Goster/52806,,,needs_verification,false,,
52808,TÜRK BAYRAKLI GEMİLERE DÜZENLENEN BELGELERİN GEÇERLİLİK SÜRESİ HAKKINDA UYGULAMA TALİMATI 2013/46,Talimat / Talimatname / İç Emir,maritime,maritime,0.9,maritime: 'gemi' (+7),out_of_scope,matched,Ulaştırma ve Altyapı Bakanlığı/Ulaştırma ve Altyapı Bakanlığı/Talimat Talimatname İç Emir/52808_TÜRK BAYRAKLI GEMİLERE DÜZENLENEN BELGELERİN GEÇERLİLİK SÜRESİ HAKKIN.pdf,available,False,0001-01-01T00:00:00,,https://kms.kaysis.gov.tr/Home/Goster/52808,,,needs_verification,false,,
52810,TÜRK BAYRAKLI GEMİLERE IMO SÖZLEŞMELERİ KAPSAMINDA DÜZENLENEN BELGE FORMLARI HAKKINDA UYGULAMA TALİMATI 2013/44,Talimat / Talimatname / İç Emir,maritime,maritime,0.9,maritime: 'gemi' (+7),out_of_scope,matched,Ulaştırma ve Altyapı Bakanlığı/Ulaştırma ve Altyapı Bakanlığı/Talimat Talimatname İç Emir/52810_TÜRK BAYRAKLI GEMİLERE IMO SÖZLEŞMELERİ KAPSAMINDA DÜZENLENEN BELGE F.pdf,available,False,0001-01-01T00:00:00,,https://kms.kaysis.gov.tr/Home/Goster/52810,,,needs_verification,false,,
52811,TÜRK BAYRAKLI GEMİLERİN GENEL DENETİMİ HAKKINDA UYGULAMA TALİMATI 2013/194,Talimat / Talimatname / İç Emir,maritime,maritime,0.9,maritime: 'gemi' (+7),out_of_scope,matched,Ulaştırma ve Altyapı Bakanlığı/Ulaştırma ve Altyapı Bakanlığı/Talimat Talimatname İç Emir/52811_TÜRK BAYRAKLI GEMİLERİN GENEL DENETİMİ HAKKINDA UYGULAMA TALİMATI 201.pdf,available,False,0001-01-01T00:00:00,,https://kms.kaysis.gov.tr/Home/Goster/52811,,,needs_verification,false,,
52812,ULUSLARARASI HAVA KİRLİLİĞİNİ ÖNLEME SERTİFİKASI EKİNE AİT REVİZYONLAR HAKKINDA UYGULAMA TALİMATI 2013/139,Talimat / Talimatname / İç Emir,unknown,unknown,0.0,Başlıkta güvenilir bir alan göstergesi bulunamadı.,review_required,matched,Ulaştırma ve Altyapı Bakanlığı/Ulaştırma ve Altyapı Bakanlığı/Talimat Talimatname İç Emir/52812_ULUSLARARASI HAVA KİRLİLİĞİNİ ÖNLEME SERTİFİKASI EKİNE AİT REVİZYONLA.pdf,available,False,0001-01-01T00:00:00,,https://kms.kaysis.gov.tr/Home/Goster/52812,,,needs_verification,false,,
52814,UYGULAMA TALİMATI 2014/261,Talimat / Talimatname / İç Emir,unknown,unknown,0.0,Başlıkta güvenilir bir alan göstergesi bulunamadı.,review_required,matched,Ulaştırma ve Altyapı Bakanlığı/Ulaştırma ve Altyapı Bakanlığı/Talimat Talimatname İç Emir/52814_UYGULAMA TALİMATI 2014261.pdf,available,False,0001-01-01T00:00:00,,https://kms.kaysis.gov.tr/Home/Goster/52814,,,needs_verification,false,,
52817,YABANCI BAYRAKLI GEMİLERE SERTİFİKA DÜZENLENMESİ HAKKINDA UYGULAMA TALİMATI 2013/27,Talimat / Talimatname / İç Emir,maritime,maritime,0.9,maritime: 'gemi' (+7),out_of_scope,matched,Ulaştırma ve Altyapı Bakanlığı/Ulaştırma ve Altyapı Bakanlığı/Talimat Talimatname İç Emir/52817_YABANCI BAYRAKLI GEMİLERE SERTİFİKA DÜZENLENMESİ HAKKINDA UYGULAMA TA.pdf,available,False,0001-01-01T00:00:00,,https://kms.kaysis.gov.tr/Home/Goster/52817,,,needs_verification,false,,
52819,YOLCU GEMİLERİNDEKİ GEMİYİ TERK VE YANGIN TALİMLERİNİN PERİYODİK DENETİM HAKKINDA UYGULAMA TALİMATI 2013/24,Talimat / Talimatname / İç Emir,maritime,maritime,0.9,maritime: 'gemi' (+7),out_of_scope,matched,Ulaştırma ve Altyapı Bakanlığı/Ulaştırma ve Altyapı Bakanlığı/Talimat Talimatname İç Emir/52819_YOLCU GEMİLERİNDEKİ GEMİYİ TERK VE YANGIN TALİMLERİNİN PERİYODİK DENE.pdf,available,False,0001-01-01T00:00:00,,https://kms.kaysis.gov.tr/Home/Goster/52819,,,needs_verification,false,,
52821,YOLCU GEMİLERİNİN EMNİYETİNİN ARTIRILMASI HAKKINDA UYGULAMA TALİMATI 2013/192,Talimat / Talimatname / İç Emir,maritime,maritime,0.9,maritime: 'gemi' (+7),out_of_scope,matched,Ulaştırma ve Altyapı Bakanlığı/Ulaştırma ve Altyapı Bakanlığı/Talimat Talimatname İç Emir/52821_YOLCU GEMİLERİNİN EMNİYETİNİN ARTIRILMASI HAKKINDA UYGULAMA TALİMATI.pdf,available,False,0001-01-01T00:00:00,,https://kms.kaysis.gov.tr/Home/Goster/52821,,,needs_verification,false,,
52822,YÜKSEK HIZLI TEKNELERİN BAKIM-TUTUM VE KONTROL GEREKLERİ HAKKINDA UYGULAMA TALİMATI 2013/177,Talimat / Talimatname / İç Emir,maritime,maritime,0.87,maritime: 'tekne' (+6),out_of_scope,matched,Ulaştırma ve Altyapı Bakanlığı/Ulaştırma ve Altyapı Bakanlığı/Talimat Talimatname İç Emir/52822_YÜKSEK HIZLI TEKNELERİN BAKIM-TUTUM VE KONTROL GEREKLERİ HAKKINDA UYG.pdf,available,False,0001-01-01T00:00:00,,https://kms.kaysis.gov.tr/Home/Goster/52822,,,needs_verification,false,,
52824,YÜKSEK HIZLI TEKNELERİN İŞLETME İZİNLERİNDE ÖZEL KOŞULLAR HAKKINDA UYGULAMA TALİMATI 2013/26,Talimat / Talimatname / İç Emir,maritime,maritime,0.87,maritime: 'tekne' (+6),out_of_scope,matched,Ulaştırma ve Altyapı Bakanlığı/Ulaştırma ve Altyapı Bakanlığı/Talimat Talimatname İç Emir/52824_YÜKSEK HIZLI TEKNELERİN İŞLETME İZİNLERİNDE ÖZEL KOŞULLAR HAKKINDA UY.pdf,available,False,0001-01-01T00:00:00,,https://kms.kaysis.gov.tr/Home/Goster/52824,,,needs_verification,false,,
53377,GEMİ TRAFİK HİZMETLERİ SİSTEMLERİNİN DENETLENMESİNE İLİŞKİN YÖNERGE,Yönerge,maritime,maritime,0.9,maritime: 'gemi' (+7),out_of_scope,matched,Ulaştırma ve Altyapı Bakanlığı/Ulaştırma ve Altyapı Bakanlığı/Yönerge/53377_GEMİ TRAFİK HİZMETLERİ SİSTEMLERİNİN DENETLENMESİNE İLİŞKİN YÖNERGE.pdf,available,False,0001-01-01T00:00:00,,https://kms.kaysis.gov.tr/Home/Goster/53377,,,needs_verification,false,,
53378,SERVİS DIŞI BEKLEME İŞLEMLERİNDE TAKİP EDİLECEK USUL VE ESASLARA İLİŞKİN YÖNERGE,Yönerge,unknown,unknown,0.0,Başlıkta güvenilir bir alan göstergesi bulunamadı.,review_required,matched,Ulaştırma ve Altyapı Bakanlığı/Ulaştırma ve Altyapı Bakanlığı/Yönerge/53378_SERVİS DIŞI BEKLEME İŞLEMLERİNDE TAKİP EDİLECEK USUL VE ESASLARA İLİŞ.pdf,available,False,0001-01-01T00:00:00,,https://kms.kaysis.gov.tr/Home/Goster/53378,,,needs_verification,false,,
53379,YEDEKLİ SEYİR İŞLEMLERİNDE TAKİP EDİLECEK ESASLARA İLİŞKİN UYGULAMA TALİMATI,Talimat / Talimatname / İç Emir,unknown,unknown,0.0,Başlıkta güvenilir bir alan göstergesi bulunamadı.,review_required,matched,Ulaştırma ve Altyapı Bakanlığı/Ulaştırma ve Altyapı Bakanlığı/Talimat Talimatname İç Emir/53379_YEDEKLİ SEYİR İŞLEMLERİNDE TAKİP EDİLECEK ESASLARA İLİŞKİN UYGULAMA T.pdf,available,False,0001-01-01T00:00:00,,https://kms.kaysis.gov.tr/Home/Goster/53379,,,needs_verification,false,,
53396,KARA ULAŞTIRMASI GENEL MÜDÜRLÜĞÜNÜN 2011/KUGM-15/YOLCU SAYILI GENELGESİ,Kurum Genelgesi,road_transport,general,0.95,road_transport: 'kara ulaştırması genel müdürlüğü' (+9),review_required,matched,Ulaştırma ve Altyapı Bakanlığı/Ulaştırma ve Altyapı Bakanlığı/Kurum Genelgesi/53396_KARA ULAŞTIRMASI GENEL MÜDÜRLÜĞÜNÜN 2011KUGM-15YOLCU SAYILI GENELGESİ.pdf,ocr_required,True,0001-01-01T00:00:00,,https://kms.kaysis.gov.tr/Home/Goster/53396,,,needs_verification,false,,
53450,KARAYOLU DÜZENLEME GENEL MÜDÜRLÜĞÜNÜN 2013/KDGM-02/YOLCU SAYILI GENELGESİ,Kurum Genelgesi,road_transport,general,0.95,road_transport: 'karayolu düzenleme genel müdürlüğü' (+9),review_required,matched,Ulaştırma ve Altyapı Bakanlığı/Ulaştırma ve Altyapı Bakanlığı/Kurum Genelgesi/53450_KARAYOLU DÜZENLEME GENEL MÜDÜRLÜĞÜNÜN 2013KDGM-02YOLCU SAYILI GENELGE.pdf,ocr_required,True,0001-01-01T00:00:00,,https://kms.kaysis.gov.tr/Home/Goster/53450,,,needs_verification,false,,
53501,KARAYOLU DÜZENLEME GENEL MÜDÜRLÜĞÜNÜN 2013/KDGM-07/YOLCU SAYILI GENELGESİ,Kurum Genelgesi,road_transport,general,0.95,road_transport: 'karayolu düzenleme genel müdürlüğü' (+9),review_required,matched,Ulaştırma ve Altyapı Bakanlığı/Ulaştırma ve Altyapı Bakanlığı/Kurum Genelgesi/53501_KARAYOLU DÜZENLEME GENEL MÜDÜRLÜĞÜNÜN 2013KDGM-07YOLCU SAYILI GENELGE.pdf,ocr_required,True,0001-01-01T00:00:00,,https://kms.kaysis.gov.tr/Home/Goster/53501,,,needs_verification,false,,
53506,KARAYOLU DÜZENLEME GENEL MÜDÜRLÜĞÜNÜN 2013/KDGM-14/YOLCU SAYILI GENELGESİ,Kurum Genelgesi,road_transport,general,0.95,road_transport: 'karayolu düzenleme genel müdürlüğü' (+9),review_required,matched,Ulaştırma ve Altyapı Bakanlığı/Ulaştırma ve Altyapı Bakanlığı/Kurum Genelgesi/53506_KARAYOLU DÜZENLEME GENEL MÜDÜRLÜĞÜNÜN 2013KDGM-14YOLCU SAYILI GENELGE.pdf,ocr_required,True,0001-01-01T00:00:00,,https://kms.kaysis.gov.tr/Home/Goster/53506,,,needs_verification,false,,
53510,DIŞ İLİŞKİLER VE AVRUPA BİRLİĞİ GENEL MÜDÜRLÜĞÜNÜN KURUMSAL WEB VE E-POSTA ADRESLERİ KONULU İÇ GENELGESİ,Kurum Genelgesi,unknown,unknown,0.0,Başlıkta güvenilir bir alan göstergesi bulunamadı.,review_required,matched,Ulaştırma ve Altyapı Bakanlığı/Ulaştırma ve Altyapı Bakanlığı/Kurum Genelgesi/53510_DIŞ İLİŞKİLER VE AVRUPA BİRLİĞİ GENEL MÜDÜRLÜĞÜNÜN KURUMSAL WEB VE E-.pdf,ocr_required,True,0001-01-01T00:00:00,,https://kms.kaysis.gov.tr/Home/Goster/53510,,,needs_verification,false,,
53671,DIŞ İLİŞKİLER VE AVRUPA BİRLİĞİ GENEL MÜDÜRLÜĞÜNÜN GÖREV DAĞILIMI KONULU İÇ GENELGESİ,Kurum Genelgesi,unknown,unknown,0.0,Başlıkta güvenilir bir alan göstergesi bulunamadı.,review_required,matched,Ulaştırma ve Altyapı Bakanlığı/Ulaştırma ve Altyapı Bakanlığı/Kurum Genelgesi/53671_DIŞ İLİŞKİLER VE AVRUPA BİRLİĞİ GENEL MÜDÜRLÜĞÜNÜN GÖREV DAĞILIMI KON.pdf,ocr_required,True,0001-01-01T00:00:00,,https://kms.kaysis.gov.tr/Home/Goster/53671,,,needs_verification,false,,
53690,DIŞ İLİŞKİLER VE AVRUPA BİRLİĞİ GENEL MÜDÜRLÜĞÜNÜN İDARİ BİRİM KİMLİK KODLARI KONULU İÇ GENELGESİ,Kurum Genelgesi,unknown,unknown,0.0,Başlıkta güvenilir bir alan göstergesi bulunamadı.,review_required,matched,Ulaştırma ve Altyapı Bakanlığı/Ulaştırma ve Altyapı Bakanlığı/Kurum Genelgesi/53690_DIŞ İLİŞKİLER VE AVRUPA BİRLİĞİ GENEL MÜDÜRLÜĞÜNÜN İDARİ BİRİM KİMLİK.pdf,ocr_required,True,0001-01-01T00:00:00,,https://kms.kaysis.gov.tr/Home/Goster/53690,,,needs_verification,false,,
54125,"ULAŞTIRMA, DENİZCİLİK VE HABERLEŞME BAKANLIĞI HAVACILIK VE UZAY TEKNOLOJİLERİ GENEL MÜDÜRLÜĞÜ TEŞKİLAT, GÖREV YETKİ VE SORUMLULUK YÖNERGESİ",Yönerge,maritime,maritime,0.98,maritime: 'denizcilik' (+8) | maritime: 'denizci' (+7),out_of_scope,matched,"Ulaştırma ve Altyapı Bakanlığı/Ulaştırma ve Altyapı Bakanlığı/Yönerge/54125_ULAŞTIRMA, DENİZCİLİK VE HABERLEŞME BAKANLIĞI HAVACILIK VE UZAY TEKNO.pdf",available,False,0001-01-01T00:00:00,,https://kms.kaysis.gov.tr/Home/Goster/54125,,,needs_verification,false,,
54212,BAŞBAKANLIK DENİZCİLİK MÜSTEŞARLIĞI'NIN 2010/4 SAYILI GENELGESİ,Kurum Genelgesi,maritime,maritime,0.98,maritime: 'denizcilik' (+8) | maritime: 'denizci' (+7),out_of_scope,matched,Ulaştırma ve Altyapı Bakanlığı/Ulaştırma ve Altyapı Bakanlığı/Kurum Genelgesi/54212_BAŞBAKANLIK DENİZCİLİK MÜSTEŞARLIĞI'NIN 20104 SAYILI GENELGESİ.pdf,available,False,0001-01-01T00:00:00,,https://kms.kaysis.gov.tr/Home/Goster/54212,,,needs_verification,false,,
54926,DENİZ TİCARETİ GENEL MÜDÜRLÜĞÜNÜN ÖTVSİZ YAKIT UYGULAMA TALİMATI,Talimat / Talimatname / İç Emir,maritime,maritime,0.92,maritime: 'deniz ticareti' (+8),out_of_scope,matched,Ulaştırma ve Altyapı Bakanlığı/Ulaştırma ve Altyapı Bakanlığı/Talimat Talimatname İç Emir/54926_DENİZ TİCARETİ GENEL MÜDÜRLÜĞÜNÜN ÖTVSİZ YAKIT UYGULAMA TALİMATI.pdf,available,False,0001-01-01T00:00:00,,https://kms.kaysis.gov.tr/Home/Goster/54926,,,needs_verification,false,,
54940,DENİZ TİCARETİ GENEL MÜDÜRLÜĞÜNÜN ÖTVSİ İNDİRİLMİŞ YAKIT 2011 YILI UYGULAMASI,Talimat / Talimatname / İç Emir,maritime,maritime,0.92,maritime: 'deniz ticareti' (+8),out_of_scope,matched,Ulaştırma ve Altyapı Bakanlığı/Ulaştırma ve Altyapı Bakanlığı/Talimat Talimatname İç Emir/54940_DENİZ TİCARETİ GENEL MÜDÜRLÜĞÜNÜN ÖTVSİ İNDİRİLMİŞ YAKIT 2011 YILI U.pdf,available,False,0001-01-01T00:00:00,,https://kms.kaysis.gov.tr/Home/Goster/54940,,,needs_verification,false,,
54959,KARAYOLU DÜZENLEME GENEL MÜDÜRLÜĞÜNÜN D4 YETKİ BELGESİ KONULU TALİMATI,Talimat / Talimatname / İç Emir,road_transport,general,0.98,road_transport: 'karayolu düzenleme genel müdürlüğü' (+9) | road_transport: 'yetki belgesi' (+6),review_required,matched,Ulaştırma ve Altyapı Bakanlığı/Ulaştırma ve Altyapı Bakanlığı/Talimat Talimatname İç Emir/54959_KARAYOLU DÜZENLEME GENEL MÜDÜRLÜĞÜNÜN D4 YETKİ BELGESİ KONULU TALİMAT.pdf,ocr_required,True,0001-01-01T00:00:00,,https://kms.kaysis.gov.tr/Home/Goster/54959,,,needs_verification,false,,
54989,KARAYOLU DÜZENLEME GENEL MÜDÜRLÜĞÜNÜN D4 YETKİ BELGESİ KONULU TALİMATI,Talimat / Talimatname / İç Emir,road_transport,general,0.98,road_transport: 'karayolu düzenleme genel müdürlüğü' (+9) | road_transport: 'yetki belgesi' (+6),review_required,matched,Ulaştırma ve Altyapı Bakanlığı/Ulaştırma ve Altyapı Bakanlığı/Talimat Talimatname İç Emir/54989_KARAYOLU DÜZENLEME GENEL MÜDÜRLÜĞÜNÜN D4 YETKİ BELGESİ KONULU TALİMAT.pdf,ocr_required,True,0001-01-01T00:00:00,,https://kms.kaysis.gov.tr/Home/Goster/54989,,,needs_verification,false,,
54996,KARAYOLU DÜZENLEME GENEL MÜDÜRLÜĞÜNÜN D4 YETKİ BELGESİ KONULU TALİMATI,Talimat / Talimatname / İç Emir,road_transport,general,0.98,road_transport: 'karayolu düzenleme genel müdürlüğü' (+9) | road_transport: 'yetki belgesi' (+6),review_required,matched,Ulaştırma ve Altyapı Bakanlığı/Ulaştırma ve Altyapı Bakanlığı/Talimat Talimatname İç Emir/54996_KARAYOLU DÜZENLEME GENEL MÜDÜRLÜĞÜNÜN D4 YETKİ BELGESİ KONULU TALİMAT.pdf,ocr_required,True,0001-01-01T00:00:00,,https://kms.kaysis.gov.tr/Home/Goster/54996,,,needs_verification,false,,
54997,KARAYOLU DÜZENLEME GENEL MÜDÜRLÜĞÜNÜN D4 YETKİ BELGESİ KONULU TALİMATI,Talimat / Talimatname / İç Emir,road_transport,general,0.98,road_transport: 'karayolu düzenleme genel müdürlüğü' (+9) | road_transport: 'yetki belgesi' (+6),review_required,matched,Ulaştırma ve Altyapı Bakanlığı/Ulaştırma ve Altyapı Bakanlığı/Talimat Talimatname İç Emir/54997_KARAYOLU DÜZENLEME GENEL MÜDÜRLÜĞÜNÜN D4 YETKİ BELGESİ KONULU TALİMAT.pdf,ocr_required,True,0001-01-01T00:00:00,,https://kms.kaysis.gov.tr/Home/Goster/54997,,,needs_verification,false,,
55003,KARAYOLU DÜZENLEME GENEL MÜDÜRLÜĞÜNÜN D4 YETKİ BELGESİ KONULU TALİMATI,Talimat / Talimatname / İç Emir,road_transport,general,0.98,road_transport: 'karayolu düzenleme genel müdürlüğü' (+9) | road_transport: 'yetki belgesi' (+6),review_required,matched,Ulaştırma ve Altyapı Bakanlığı/Ulaştırma ve Altyapı Bakanlığı/Talimat Talimatname İç Emir/55003_KARAYOLU DÜZENLEME GENEL MÜDÜRLÜĞÜNÜN D4 YETKİ BELGESİ KONULU TALİMAT.pdf,ocr_required,True,0001-01-01T00:00:00,,https://kms.kaysis.gov.tr/Home/Goster/55003,,,needs_verification,false,,
55037,"ULAŞTIRMA, DENİZCİLİK VE HABERLEŞME BAKANLIĞI, DENİZ TİCARETİ GENEL MÜDÜRLÜĞÜ YEŞİL LİMAN/EKO LİMAN PROJESİ UYGULAMA ESASLARI",Uygulama / Program Esasları,maritime,maritime,0.98,maritime: 'deniz ticareti' (+8) | maritime: 'denizcilik' (+8) | maritime: 'denizci' (+7) | maritime: 'liman' (+6),out_of_scope,matched,"Ulaştırma ve Altyapı Bakanlığı/Ulaştırma ve Altyapı Bakanlığı/Uygulama Program Esasları/55037_ULAŞTIRMA, DENİZCİLİK VE HABERLEŞME BAKANLIĞI, DENİZ TİCARETİ GENEL M.pdf",available,False,0001-01-01T00:00:00,,https://kms.kaysis.gov.tr/Home/Goster/55037,,,needs_verification,false,,
55052,DENİZYOLU İLE YAPILACAK DÜZENLİ SEFERLERE DAİR YÖNETMELİĞE İLİŞKİN UYGULAMA TALİMATI,Talimat / Talimatname / İç Emir,maritime,maritime,0.95,maritime: 'denizyolu' (+9),out_of_scope,matched,Ulaştırma ve Altyapı Bakanlığı/Ulaştırma ve Altyapı Bakanlığı/Talimat Talimatname İç Emir/55052_DENİZYOLU İLE YAPILACAK DÜZENLİ SEFERLERE DAİR YÖNETMELİĞE İLİŞKİN UY.pdf,available,False,0001-01-01T00:00:00,,https://kms.kaysis.gov.tr/Home/Goster/55052,,,needs_verification,false,,
55089,TERSANELER VE KIYI YAPILARI GENEL MÜDÜRLÜĞÜNÜN 1994 VE 2000 HSC KODLARINDA İDARENİN TAKDİRİNE BIRAKILAN HUSUSLAR HAKKINDA TALİMAT,Talimat / Talimatname / İç Emir,maritime,maritime,0.9,maritime: 'tersane' (+7),out_of_scope,matched,Ulaştırma ve Altyapı Bakanlığı/Ulaştırma ve Altyapı Bakanlığı/Talimat Talimatname İç Emir/55089_TERSANELER VE KIYI YAPILARI GENEL MÜDÜRLÜĞÜNÜN 1994 VE 2000 HSC KODLA.pdf,available,False,0001-01-01T00:00:00,,https://kms.kaysis.gov.tr/Home/Goster/55089,,,needs_verification,false,,
55090,TERSANELER VE KIYI YAPILARI GENEL MÜDÜRLÜĞÜNÜN 2008 IS CODEDA İDARENİN TAKDİRİNE BIRAKILAN HUSUSLAR HAKKINDA TALİMAT,Talimat / Talimatname / İç Emir,maritime,maritime,0.9,maritime: 'tersane' (+7),out_of_scope,matched,Ulaştırma ve Altyapı Bakanlığı/Ulaştırma ve Altyapı Bakanlığı/Talimat Talimatname İç Emir/55090_TERSANELER VE KIYI YAPILARI GENEL MÜDÜRLÜĞÜNÜN 2008 IS CODEDA İDAREN.pdf,available,False,0001-01-01T00:00:00,,https://kms.kaysis.gov.tr/Home/Goster/55090,,,needs_verification,false,,
55093,TERSANELER VE KIYI YAPILARI GENEL MÜDÜRLÜĞÜNÜN 2009 MODU KODU HAKKINDA TALİMAT,Talimat / Talimatname / İç Emir,maritime,maritime,0.9,maritime: 'tersane' (+7),out_of_scope,matched,Ulaştırma ve Altyapı Bakanlığı/Ulaştırma ve Altyapı Bakanlığı/Talimat Talimatname İç Emir/55093_TERSANELER VE KIYI YAPILARI GENEL MÜDÜRLÜĞÜNÜN 2009 MODU KODU HAKKIND.pdf,available,False,0001-01-01T00:00:00,,https://kms.kaysis.gov.tr/Home/Goster/55093,,,needs_verification,false,,
55095,TERSANELER VE KIYI YAPILARI GENEL MÜDÜRLÜĞÜNÜN ACİL DURUM YANGIN POMPASININ KAPASİTESİ,Talimat / Talimatname / İç Emir,maritime,maritime,0.9,maritime: 'tersane' (+7),out_of_scope,matched,Ulaştırma ve Altyapı Bakanlığı/Ulaştırma ve Altyapı Bakanlığı/Talimat Talimatname İç Emir/55095_TERSANELER VE KIYI YAPILARI GENEL MÜDÜRLÜĞÜNÜN ACİL DURUM YANGIN POMP.pdf,available,False,0001-01-01T00:00:00,,https://kms.kaysis.gov.tr/Home/Goster/55095,,,needs_verification,false,,
55098,TERSANELER VE KIYI YAPILARI GENEL MÜDÜRLÜĞÜNÜN ASBEST İÇEREN MALZEMELER HAKKINDA TALİMAT,Talimat / Talimatname / İç Emir,maritime,maritime,0.9,maritime: 'tersane' (+7),out_of_scope,matched,Ulaştırma ve Altyapı Bakanlığı/Ulaştırma ve Altyapı Bakanlığı/Talimat Talimatname İç Emir/55098_TERSANELER VE KIYI YAPILARI GENEL MÜDÜRLÜĞÜNÜN ASBEST İÇEREN MALZEMEL.pdf,available,False,0001-01-01T00:00:00,,https://kms.kaysis.gov.tr/Home/Goster/55098,,,needs_verification,false,,
55099,TERSANELER VE KIYI YAPILARI GENEL MÜDÜRLÜĞÜNÜN BÜYÜK YANGIN KAPILARININ YANGIN PERFORMANSININ DEĞERLENDİRİLMESİ VE ONAYLANMASI HAKKINDA TALİMAT,Talimat / Talimatname / İç Emir,maritime,maritime,0.9,maritime: 'tersane' (+7),out_of_scope,matched,Ulaştırma ve Altyapı Bakanlığı/Ulaştırma ve Altyapı Bakanlığı/Talimat Talimatname İç Emir/55099_TERSANELER VE KIYI YAPILARI GENEL MÜDÜRLÜĞÜNÜN BÜYÜK YANGIN KAPILARIN.pdf,available,False,0001-01-01T00:00:00,,https://kms.kaysis.gov.tr/Home/Goster/55099,,,needs_verification,false,,
55100,TERSANELER VE KIYI YAPILARI GENEL MÜDÜRLÜĞÜNÜN CAN FİLİKALARININ YÜKTE BIRAKMA DONANIMININ DEĞİŞİM TARİHİ HAKKINDA TALİMAT,Talimat / Talimatname / İç Emir,maritime,maritime,0.98,maritime: 'filika' (+7) | maritime: 'tersane' (+7),out_of_scope,matched,Ulaştırma ve Altyapı Bakanlığı/Ulaştırma ve Altyapı Bakanlığı/Talimat Talimatname İç Emir/55100_TERSANELER VE KIYI YAPILARI GENEL MÜDÜRLÜĞÜNÜN CAN FİLİKALARININ YÜKT.pdf,available,False,0001-01-01T00:00:00,,https://kms.kaysis.gov.tr/Home/Goster/55100,,,needs_verification,false,,
55101,TERSANELER VE KIYI YAPILARI GENEL MÜDÜRLÜĞÜNÜN CAN FİLİKASI VE İNDİRME DONANIMI SERVİS SAĞLAYICILARI HAKKINDA TALİMAT,Talimat / Talimatname / İç Emir,maritime,maritime,0.98,maritime: 'filika' (+7) | maritime: 'tersane' (+7),out_of_scope,matched,Ulaştırma ve Altyapı Bakanlığı/Ulaştırma ve Altyapı Bakanlığı/Talimat Talimatname İç Emir/55101_TERSANELER VE KIYI YAPILARI GENEL MÜDÜRLÜĞÜNÜN CAN FİLİKASI VE İNDİRM.pdf,available,False,0001-01-01T00:00:00,,https://kms.kaysis.gov.tr/Home/Goster/55101,,,needs_verification,false,,
55102,TERSANELER VE KIYI YAPILARI GENEL MÜDÜRLÜĞÜNÜN CAN SALLARI SERBEST YÜZME TERTİBATLARI HAKKINDA TALİMAT,Talimat / Talimatname / İç Emir,maritime,maritime,0.9,maritime: 'tersane' (+7),out_of_scope,matched,Ulaştırma ve Altyapı Bakanlığı/Ulaştırma ve Altyapı Bakanlığı/Talimat Talimatname İç Emir/55102_TERSANELER VE KIYI YAPILARI GENEL MÜDÜRLÜĞÜNÜN CAN SALLARI SERBEST YÜ.pdf,available,False,0001-01-01T00:00:00,,https://kms.kaysis.gov.tr/Home/Goster/55102,,,needs_verification,false,,
55103,TERSANELER VE KIYI YAPILARI GENEL MÜDÜRLÜĞÜNÜN COLREGSTE İDARENİN TAKDİRİNE BIRAKILAN HUSUSLAR HAKKINDA TALİMAT,Talimat / Talimatname / İç Emir,maritime,maritime,0.9,maritime: 'tersane' (+7),out_of_scope,matched,Ulaştırma ve Altyapı Bakanlığı/Ulaştırma ve Altyapı Bakanlığı/Talimat Talimatname İç Emir/55103_TERSANELER VE KIYI YAPILARI GENEL MÜDÜRLÜĞÜNÜN COLREGSTE İDARENİN TA.pdf,available,False,0001-01-01T00:00:00,,https://kms.kaysis.gov.tr/Home/Goster/55103,,,needs_verification,false,,
55104,TERSANELER VE KIYI YAPILARI GENEL MÜDÜRLÜĞÜNÜN ÇAPRAZ SU BASMASI DÜZENEĞİ DEĞERLENDİRME YÖNTEMİ HAKKINDA TALİMAT,Talimat / Talimatname / İç Emir,maritime,maritime,0.9,maritime: 'tersane' (+7),out_of_scope,matched,Ulaştırma ve Altyapı Bakanlığı/Ulaştırma ve Altyapı Bakanlığı/Talimat Talimatname İç Emir/55104_TERSANELER VE KIYI YAPILARI GENEL MÜDÜRLÜĞÜNÜN ÇAPRAZ SU BASMASI DÜZE.pdf,available,False,0001-01-01T00:00:00,,https://kms.kaysis.gov.tr/Home/Goster/55104,,,needs_verification,false,,
55105,TERSANELER VE KIYI YAPILARI GENEL MÜDÜRLÜĞÜNÜN ÇOCUK CAN YELEĞİ SEMBOLÜ HAKKINDA TALİMAT,Talimat / Talimatname / İç Emir,maritime,maritime,0.9,maritime: 'tersane' (+7),out_of_scope,matched,Ulaştırma ve Altyapı Bakanlığı/Ulaştırma ve Altyapı Bakanlığı/Talimat Talimatname İç Emir/55105_TERSANELER VE KIYI YAPILARI GENEL MÜDÜRLÜĞÜNÜN ÇOCUK CAN YELEĞİ SEMBO.pdf,available,False,0001-01-01T00:00:00,,https://kms.kaysis.gov.tr/Home/Goster/55105,,,needs_verification,false,,
55106,TERSANELER VE KIYI YAPILARI GENEL MÜDÜRLÜĞÜNÜN DİNAMİK KONUMLANDIRMA SİSTEMLERİNE SAHİP GEMİLER HAKKINDA TALİMAT,Talimat / Talimatname / İç Emir,maritime,maritime,0.98,maritime: 'gemi' (+7) | maritime: 'tersane' (+7),out_of_scope,matched,Ulaştırma ve Altyapı Bakanlığı/Ulaştırma ve Altyapı Bakanlığı/Talimat Talimatname İç Emir/55106_TERSANELER VE KIYI YAPILARI GENEL MÜDÜRLÜĞÜNÜN DİNAMİK KONUMLANDIRMA.pdf,available,False,0001-01-01T00:00:00,,https://kms.kaysis.gov.tr/Home/Goster/55106,,,needs_verification,false,,
55108,TERSANELER VE KIYI YAPILARI GENEL MÜDÜRLÜĞÜNÜN DOĞALGAZ YAKITLI MAKİNE İLE DONATILMIŞ GEMİLER HAKKINDA TALİMAT,Talimat / Talimatname / İç Emir,maritime,maritime,0.98,maritime: 'gemi' (+7) | maritime: 'tersane' (+7),out_of_scope,matched,Ulaştırma ve Altyapı Bakanlığı/Ulaştırma ve Altyapı Bakanlığı/Talimat Talimatname İç Emir/55108_TERSANELER VE KIYI YAPILARI GENEL MÜDÜRLÜĞÜNÜN DOĞALGAZ YAKITLI MAKİN.pdf,available,False,0001-01-01T00:00:00,,https://kms.kaysis.gov.tr/Home/Goster/55108,,,needs_verification,false,,
55109,TERSANELER VE KIYI YAPILARI GENEL MÜDÜRLÜĞÜNÜN DÖKME HALDE NGHP TAŞIYAN GEMİLERİN İNŞAATI VE EKİPMANLARI İÇİN GEÇİCİ REHBER HAKKINDA TALİMAT,Talimat / Talimatname / İç Emir,maritime,maritime,0.98,maritime: 'gemi' (+7) | maritime: 'tersane' (+7),out_of_scope,matched,Ulaştırma ve Altyapı Bakanlığı/Ulaştırma ve Altyapı Bakanlığı/Talimat Talimatname İç Emir/55109_TERSANELER VE KIYI YAPILARI GENEL MÜDÜRLÜĞÜNÜN DÖKME HALDE NGHP TAŞIY.pdf,available,False,0001-01-01T00:00:00,,https://kms.kaysis.gov.tr/Home/Goster/55109,,,needs_verification,false,,
55110,TERSANELER VE KIYI YAPILARI GENEL MÜDÜRLÜĞÜNÜN DÖKME YÜK GEMİLERİ İÇİN IACS BİRLEŞTİRİLMİŞ GEREKLİLİKLERİ HAKKINDA TALİMAT,Talimat / Talimatname / İç Emir,maritime,maritime,0.98,maritime: 'gemi' (+7) | maritime: 'tersane' (+7),out_of_scope,matched,Ulaştırma ve Altyapı Bakanlığı/Ulaştırma ve Altyapı Bakanlığı/Talimat Talimatname İç Emir/55110_TERSANELER VE KIYI YAPILARI GENEL MÜDÜRLÜĞÜNÜN DÖKME YÜK GEMİLERİ İÇİ.pdf,available,False,0001-01-01T00:00:00,,https://kms.kaysis.gov.tr/Home/Goster/55110,,,needs_verification,false,,
55111,TERSANELER VE KIYI YAPILARI GENEL MÜDÜRLÜĞÜNÜN DÖKME YÜK GEMİLERİNDE GEREKLİ STABİLİTE KOŞULLARI HAKKINDA TALİMAT,Talimat / Talimatname / İç Emir,maritime,maritime,0.98,maritime: 'gemi' (+7) | maritime: 'tersane' (+7),out_of_scope,matched,Ulaştırma ve Altyapı Bakanlığı/Ulaştırma ve Altyapı Bakanlığı/Talimat Talimatname İç Emir/55111_TERSANELER VE KIYI YAPILARI GENEL MÜDÜRLÜĞÜNÜN DÖKME YÜK GEMİLERİNDE.pdf,available,False,0001-01-01T00:00:00,,https://kms.kaysis.gov.tr/Home/Goster/55111,,,needs_verification,false,,
55112,TERSANELER VE KIYI YAPILARI GENEL MÜDÜRLÜĞÜNÜN DÖKME YÜK GEMİLERİNİN AMBAR KAPAKLARI HAKKINDA TALİMAT,Talimat / Talimatname / İç Emir,maritime,maritime,0.98,maritime: 'gemi' (+7) | maritime: 'tersane' (+7),out_of_scope,matched,Ulaştırma ve Altyapı Bakanlığı/Ulaştırma ve Altyapı Bakanlığı/Talimat Talimatname İç Emir/55112_TERSANELER VE KIYI YAPILARI GENEL MÜDÜRLÜĞÜNÜN DÖKME YÜK GEMİLERİNİN.pdf,available,False,0001-01-01T00:00:00,,https://kms.kaysis.gov.tr/Home/Goster/55112,,,needs_verification,false,,
55113,TERSANELER VE KIYI YAPILARI GENEL MÜDÜRLÜĞÜNÜN DÖKME YÜK GEMİLERİNİN EMNİYETİ HAKKINDA TALİMAT,Talimat / Talimatname / İç Emir,maritime,maritime,0.98,maritime: 'gemi' (+7) | maritime: 'tersane' (+7),out_of_scope,matched,Ulaştırma ve Altyapı Bakanlığı/Ulaştırma ve Altyapı Bakanlığı/Talimat Talimatname İç Emir/55113_TERSANELER VE KIYI YAPILARI GENEL MÜDÜRLÜĞÜNÜN DÖKME YÜK GEMİLERİNİN.pdf,available,False,0001-01-01T00:00:00,,https://kms.kaysis.gov.tr/Home/Goster/55113,,,needs_verification,false,,
55114,TERSANELER VE KIYI YAPILARI GENEL MÜDÜRLÜĞÜNÜN DUMAN DEDEKTÖRLERİNE EŞDEĞER NİTELİKTEKİ DETEKTÖRLER HAKKINDA TALİMAT,Talimat / Talimatname / İç Emir,maritime,maritime,0.9,maritime: 'tersane' (+7),out_of_scope,matched,Ulaştırma ve Altyapı Bakanlığı/Ulaştırma ve Altyapı Bakanlığı/Talimat Talimatname İç Emir/55114_TERSANELER VE KIYI YAPILARI GENEL MÜDÜRLÜĞÜNÜN DUMAN DEDEKTÖRLERİNE E.pdf,available,False,0001-01-01T00:00:00,,https://kms.kaysis.gov.tr/Home/Goster/55114,,,needs_verification,false,,
55189,TERSANELER VE KIYI YAPILARI GENEL MÜDÜRLÜĞÜ'NÜN 2013/207 SAYILI UYGULAMA TALİMATI,Talimat / Talimatname / İç Emir,maritime,maritime,0.9,maritime: 'tersane' (+7),out_of_scope,matched,Ulaştırma ve Altyapı Bakanlığı/Ulaştırma ve Altyapı Bakanlığı/Talimat Talimatname İç Emir/55189_TERSANELER VE KIYI YAPILARI GENEL MÜDÜRLÜĞÜ'NÜN 2013207 SAYILI UYGULA.pdf,available,False,0001-01-01T00:00:00,,https://kms.kaysis.gov.tr/Home/Goster/55189,,,needs_verification,false,,
55191,PETROL VE DİĞER ZARARLI MADDELERDEN KAYNAKLANAN KİRLİLİĞE HAZIRLIKLI OLMA VE MÜDAHALE İLE İLGİLİ EĞİTİM SEMİNERLERİNİN VE TATBİKAT PROGRAMLARININ USUL VE ESASLARI- GENELGE 2010/4,Kurum Genelgesi,unknown,unknown,0.0,Başlıkta güvenilir bir alan göstergesi bulunamadı.,review_required,matched,Ulaştırma ve Altyapı Bakanlığı/Ulaştırma ve Altyapı Bakanlığı/Kurum Genelgesi/55191_PETROL VE DİĞER ZARARLI MADDELERDEN KAYNAKLANAN KİRLİLİĞE HAZIRLIKLI.pdf,available,False,0001-01-01T00:00:00,,https://kms.kaysis.gov.tr/Home/Goster/55191,,,needs_verification,false,,
55198,TAM KAPALI CAN KURTARMA ARAÇLARINDA OLUŞAN MOTOR KAYNAKLI GAZLAR,Talimat / Talimatname / İç Emir,unknown,unknown,0.0,Başlıkta güvenilir bir alan göstergesi bulunamadı.,review_required,matched,Ulaştırma ve Altyapı Bakanlığı/Ulaştırma ve Altyapı Bakanlığı/Talimat Talimatname İç Emir/55198_TAM KAPALI CAN KURTARMA ARAÇLARINDA OLUŞAN MOTOR KAYNAKLI GAZLAR.pdf,available,False,0001-01-01T00:00:00,,https://kms.kaysis.gov.tr/Home/Goster/55198,,,needs_verification,false,,
55201,TERSANELER VE KIYI YAPILARI GENEL MÜDÜRLÜĞÜ'NÜN TANK BOYALARININ PERFORMANS STANDARTLARI KONULU UYGULAMA TALİMATI,Talimat / Talimatname / İç Emir,maritime,maritime,0.9,maritime: 'tersane' (+7),out_of_scope,matched,Ulaştırma ve Altyapı Bakanlığı/Ulaştırma ve Altyapı Bakanlığı/Talimat Talimatname İç Emir/55201_TERSANELER VE KIYI YAPILARI GENEL MÜDÜRLÜĞÜ'NÜN TANK BOYALARININ PERF.pdf,available,False,0001-01-01T00:00:00,,https://kms.kaysis.gov.tr/Home/Goster/55201,,,needs_verification,false,,
55203,TERSANELER VE KIYI YAPILARI GENEL MÜDÜRLÜĞÜ'NÜN 2013/226 SAYILI UYGULAMA TALİMATI,Talimat / Talimatname / İç Emir,maritime,maritime,0.9,maritime: 'tersane' (+7),out_of_scope,matched,Ulaştırma ve Altyapı Bakanlığı/Ulaştırma ve Altyapı Bakanlığı/Talimat Talimatname İç Emir/55203_TERSANELER VE KIYI YAPILARI GENEL MÜDÜRLÜĞÜ'NÜN 2013226 SAYILI UYGULA.pdf,available,False,0001-01-01T00:00:00,,https://kms.kaysis.gov.tr/Home/Goster/55203,,,needs_verification,false,,
55205,TERSANELER VE KIYI YAPILARI GENEL MÜDÜRLÜĞÜ'NÜN 2013/116 SAYILI UYGULAMA TALİMATI,Talimat / Talimatname / İç Emir,maritime,maritime,0.9,maritime: 'tersane' (+7),out_of_scope,matched,Ulaştırma ve Altyapı Bakanlığı/Ulaştırma ve Altyapı Bakanlığı/Talimat Talimatname İç Emir/55205_TERSANELER VE KIYI YAPILARI GENEL MÜDÜRLÜĞÜ'NÜN 2013116 SAYILI UYGULA.pdf,available,False,0001-01-01T00:00:00,,https://kms.kaysis.gov.tr/Home/Goster/55205,,,needs_verification,false,,
55206,TERSANELER VE KIYI YAPILARI GENEL MÜDÜRLÜĞÜ'NÜN 2013/130 SAYILI UYGULAMA TALİMATI,Talimat / Talimatname / İç Emir,maritime,maritime,0.9,maritime: 'tersane' (+7),out_of_scope,matched,Ulaştırma ve Altyapı Bakanlığı/Ulaştırma ve Altyapı Bakanlığı/Talimat Talimatname İç Emir/55206_TERSANELER VE KIYI YAPILARI GENEL MÜDÜRLÜĞÜ'NÜN 2013130 SAYILI UYGULA.pdf,available,False,0001-01-01T00:00:00,,https://kms.kaysis.gov.tr/Home/Goster/55206,,,needs_verification,false,,
55207,TERSANELER VE KIYI YAPILARI GENEL MÜDÜRLÜĞÜNÜN 2013/123 SAYILI UYGULAMA TALİMATI,Talimat / Talimatname / İç Emir,maritime,maritime,0.9,maritime: 'tersane' (+7),out_of_scope,matched,Ulaştırma ve Altyapı Bakanlığı/Ulaştırma ve Altyapı Bakanlığı/Talimat Talimatname İç Emir/55207_TERSANELER VE KIYI YAPILARI GENEL MÜDÜRLÜĞÜNÜN 2013123 SAYILI UYGULAM.pdf,available,False,0001-01-01T00:00:00,,https://kms.kaysis.gov.tr/Home/Goster/55207,,,needs_verification,false,,
55208,TERSANELER VE KIYI YAPILARI GENEL MÜDÜRLÜĞÜNÜN 2013/121 SAYILI MAKİNE DAİRESİ YAĞ/YAKIT SİSTEMLERİ KONULU UYGULAMA TALİMATI,Talimat / Talimatname / İç Emir,maritime,maritime,0.9,maritime: 'tersane' (+7),out_of_scope,matched,Ulaştırma ve Altyapı Bakanlığı/Ulaştırma ve Altyapı Bakanlığı/Talimat Talimatname İç Emir/55208_TERSANELER VE KIYI YAPILARI GENEL MÜDÜRLÜĞÜNÜN 2013121 SAYILI MAKİNE.pdf,available,False,0001-01-01T00:00:00,,https://kms.kaysis.gov.tr/Home/Goster/55208,,,needs_verification,false,,
55209,TERSANELER VE KIYI YAPILARI GENEL MÜDÜRLÜĞÜNÜN 2013/233 SAYILI MAKİNE MAHALLİ VE KARGO POMPA DAİRESİ İÇİN SU BAZLI SABİT YANGIN SÖNDÜRME SİSTEMLERİ KONULU UYGULAMA TALİMATI,Talimat / Talimatname / İç Emir,maritime,maritime,0.9,maritime: 'tersane' (+7),out_of_scope,matched,Ulaştırma ve Altyapı Bakanlığı/Ulaştırma ve Altyapı Bakanlığı/Talimat Talimatname İç Emir/55209_TERSANELER VE KIYI YAPILARI GENEL MÜDÜRLÜĞÜNÜN 2013233 SAYILI MAKİNE.pdf,available,False,0001-01-01T00:00:00,,https://kms.kaysis.gov.tr/Home/Goster/55209,,,needs_verification,false,,
55210,TERSANELER VE KIYI YAPILARI GENEL MÜDÜRLÜĞÜNÜN 2013/182 SAYILI MAKİNE VE KARGO POMPA DAİRELERİ YANGINLARINI ÖNLEME TEDBİRLERİ KONULU UYGULAMA TALİMATI,Talimat / Talimatname / İç Emir,maritime,maritime,0.9,maritime: 'tersane' (+7),out_of_scope,matched,Ulaştırma ve Altyapı Bakanlığı/Ulaştırma ve Altyapı Bakanlığı/Talimat Talimatname İç Emir/55210_TERSANELER VE KIYI YAPILARI GENEL MÜDÜRLÜĞÜNÜN 2013182 SAYILI MAKİNE.pdf,available,False,0001-01-01T00:00:00,,https://kms.kaysis.gov.tr/Home/Goster/55210,,,needs_verification,false,,
55212,TERSANELER VE KIYI YAPILARI GENEL MÜDÜRLÜĞÜNÜN 2013/159 SAYILI MAKİNE VE KARGO POMPA DAİRELERİNDEKİ EŞDEĞER SU BAZLI YANGIN SÖNDÜRME SİSTEMLERİ KONULU UYGULAMA TALİMATI,Talimat / Talimatname / İç Emir,maritime,maritime,0.9,maritime: 'tersane' (+7),out_of_scope,matched,Ulaştırma ve Altyapı Bakanlığı/Ulaştırma ve Altyapı Bakanlığı/Talimat Talimatname İç Emir/55212_TERSANELER VE KIYI YAPILARI GENEL MÜDÜRLÜĞÜNÜN 2013159 SAYILI MAKİNE.pdf,available,False,0001-01-01T00:00:00,,https://kms.kaysis.gov.tr/Home/Goster/55212,,,needs_verification,false,,
55214,TERSANELER VE KIYI YAPILARI GENEL MÜDÜRLÜĞÜNÜN 2013/196 SAYILI MARPOL SÖZLEŞMESİNDE İDARENİN TAKDİRİNE BIRAKILAN HUSUSLAR KONULU UYGULAMA TALİMATI,Talimat / Talimatname / İç Emir,maritime,maritime,0.98,maritime: 'marpol' (+7) | maritime: 'tersane' (+7),out_of_scope,matched,Ulaştırma ve Altyapı Bakanlığı/Ulaştırma ve Altyapı Bakanlığı/Talimat Talimatname İç Emir/55214_TERSANELER VE KIYI YAPILARI GENEL MÜDÜRLÜĞÜNÜN 2013196 SAYILI MARPOL.pdf,available,False,0001-01-01T00:00:00,,https://kms.kaysis.gov.tr/Home/Goster/55214,,,needs_verification,false,,
55217,TERSANELER VE KIYI YAPILARI GENEL MÜDÜRLÜĞÜNÜN 2014/264 SAYILI MODU KODU KONULU UYGULAMA TALİMATI,Talimat / Talimatname / İç Emir,maritime,maritime,0.9,maritime: 'tersane' (+7),out_of_scope,matched,Ulaştırma ve Altyapı Bakanlığı/Ulaştırma ve Altyapı Bakanlığı/Talimat Talimatname İç Emir/55217_TERSANELER VE KIYI YAPILARI GENEL MÜDÜRLÜĞÜNÜN 2014264 SAYILI MODU KO.pdf,available,False,0001-01-01T00:00:00,,https://kms.kaysis.gov.tr/Home/Goster/55217,,,needs_verification,false,,
55219,TERSANELER VE KIYI YAPILARI GENEL MÜDÜRLÜĞÜNÜN 2013/218 SAYILI MODULARIN DEMİRLEME SİSTEMLERİ KONULU UYGULAMA TALİMATI,Talimat / Talimatname / İç Emir,maritime,maritime,0.9,maritime: 'tersane' (+7),out_of_scope,matched,Ulaştırma ve Altyapı Bakanlığı/Ulaştırma ve Altyapı Bakanlığı/Talimat Talimatname İç Emir/55219_TERSANELER VE KIYI YAPILARI GENEL MÜDÜRLÜĞÜNÜN 2013218 SAYILI MODULA.pdf,available,False,0001-01-01T00:00:00,,https://kms.kaysis.gov.tr/Home/Goster/55219,,,needs_verification,false,,
55220,"ULAŞTIRMA, DENİZCİLİK VE HABERLEŞME BAKANLIĞI DENİZ TİCARETİ GENEL MÜDÜRLÜĞÜ YEŞİL LİMAN/EKO LİMAN PROJESİ SEKTÖREL KRİTERLER DÖKÜMANI",Doküman / Yardımcı Yayın,maritime,maritime,0.98,maritime: 'deniz ticareti' (+8) | maritime: 'denizcilik' (+8) | maritime: 'denizci' (+7) | maritime: 'liman' (+6),out_of_scope,matched,"Ulaştırma ve Altyapı Bakanlığı/Ulaştırma ve Altyapı Bakanlığı/Doküman Yardımcı Yayın/55220_ULAŞTIRMA, DENİZCİLİK VE HABERLEŞME BAKANLIĞI DENİZ TİCARETİ GENEL MÜ.pdf",available,False,0001-01-01T00:00:00,,https://kms.kaysis.gov.tr/Home/Goster/55220,,,needs_verification,false,,
55223,"ULAŞTIRMA, DENİZCİLİK VE HABERLEŞME BAKANLIĞI DENİZ TİCARETİ GENEL MÜDÜRLÜĞÜ, GENEL UYGULAMA TALİMATI 2014",Talimat / Talimatname / İç Emir,maritime,maritime,0.98,maritime: 'deniz ticareti' (+8) | maritime: 'denizcilik' (+8) | maritime: 'denizci' (+7),out_of_scope,matched,"Ulaştırma ve Altyapı Bakanlığı/Ulaştırma ve Altyapı Bakanlığı/Talimat Talimatname İç Emir/55223_ULAŞTIRMA, DENİZCİLİK VE HABERLEŞME BAKANLIĞI DENİZ TİCARETİ GENEL MÜ.pdf",available,False,0001-01-01T00:00:00,,https://kms.kaysis.gov.tr/Home/Goster/55223,,,needs_verification,false,,
55227,TERSANELER VE KIYI YAPILARI GENEL MÜDÜRLÜĞÜNÜN 2013/243 SAYILI MSC.1/CİRC. 1328 SİRKÜLERİNE TABİ ŞİŞİRİLEBİLİR CANSALLARI KONULU UYGULAMA TALİMATI,Talimat / Talimatname / İç Emir,maritime,maritime,0.9,maritime: 'tersane' (+7),out_of_scope,matched,Ulaştırma ve Altyapı Bakanlığı/Ulaştırma ve Altyapı Bakanlığı/Talimat Talimatname İç Emir/55227_TERSANELER VE KIYI YAPILARI GENEL MÜDÜRLÜĞÜNÜN 2013243 SAYILI MSC.1Cİ.pdf,available,False,0001-01-01T00:00:00,,https://kms.kaysis.gov.tr/Home/Goster/55227,,,needs_verification,false,,
55230,TERSANELER VE KIYI YAPILARI GENEL MÜDÜRLÜĞÜNÜN 2013/198 SAYILI MSC.133(76) VE MSC.168(79) SAYILI KARARLAR İLE 1997 SOLAS KONFERANSINDA İDARENİN TAKDİRİNE BIRAKILAN HUSUSLAR KONULU UYGULAMA TALİMATI,Talimat / Talimatname / İç Emir,maritime,maritime,0.9,maritime: 'tersane' (+7),out_of_scope,matched,Ulaştırma ve Altyapı Bakanlığı/Ulaştırma ve Altyapı Bakanlığı/Talimat Talimatname İç Emir/55230_TERSANELER VE KIYI YAPILARI GENEL MÜDÜRLÜĞÜNÜN 2013198 SAYILI MSC.133.pdf,available,False,0001-01-01T00:00:00,,https://kms.kaysis.gov.tr/Home/Goster/55230,,,needs_verification,false,,
55232,"TERSANELER VE KIYI YAPILARI GENEL MÜDÜRLÜĞÜNÜN 2013/197 SAYILI MSC.215(82), MSC.288(87) VE MSC.289(87) SAYILI KARARLARDA İDARE TAKDİRİNE BIRAKILAN HUSUSLAR KONULU UYGULAMA TALİMATI",Talimat / Talimatname / İç Emir,maritime,maritime,0.9,maritime: 'tersane' (+7),out_of_scope,matched,Ulaştırma ve Altyapı Bakanlığı/Ulaştırma ve Altyapı Bakanlığı/Talimat Talimatname İç Emir/55232_TERSANELER VE KIYI YAPILARI GENEL MÜDÜRLÜĞÜNÜN 2013197 SAYILI MSC.215.pdf,available,False,0001-01-01T00:00:00,,https://kms.kaysis.gov.tr/Home/Goster/55232,,,needs_verification,false,,
55234,TERSANELER VE KIYI YAPILARI GENEL MÜDÜRLÜĞÜNÜN 2013/80 SAYILI ONDÜLE PERDELERDE EMNİYET TEDBİRLERİ KONULU UYGULAMA TALİMATI,Talimat / Talimatname / İç Emir,maritime,maritime,0.9,maritime: 'tersane' (+7),out_of_scope,matched,Ulaştırma ve Altyapı Bakanlığı/Ulaştırma ve Altyapı Bakanlığı/Talimat Talimatname İç Emir/55234_TERSANELER VE KIYI YAPILARI GENEL MÜDÜRLÜĞÜNÜN 201380 SAYILI ONDÜLE P.pdf,available,False,0001-01-01T00:00:00,,https://kms.kaysis.gov.tr/Home/Goster/55234,,,needs_verification,false,,
55297,TERSANELER VE KIYI YAPILARI GENEL MÜDÜRLÜĞÜ'NÜN 2013/89 SAYILI UYGULAMA TALİMATI,Talimat / Talimatname / İç Emir,maritime,maritime,0.9,maritime: 'tersane' (+7),out_of_scope,matched,Ulaştırma ve Altyapı Bakanlığı/Ulaştırma ve Altyapı Bakanlığı/Talimat Talimatname İç Emir/55297_TERSANELER VE KIYI YAPILARI GENEL MÜDÜRLÜĞÜ'NÜN 201389 SAYILI UYGULAM.pdf,available,False,0001-01-01T00:00:00,,https://kms.kaysis.gov.tr/Home/Goster/55297,,,needs_verification,false,,
55303,TERSANELER VE KIYI YAPILARI GENEL MÜDÜRLÜĞÜ'NÜN 2013/185 SAYILI UYGULAMA TALİMATI,Talimat / Talimatname / İç Emir,maritime,maritime,0.9,maritime: 'tersane' (+7),out_of_scope,matched,Ulaştırma ve Altyapı Bakanlığı/Ulaştırma ve Altyapı Bakanlığı/Talimat Talimatname İç Emir/55303_TERSANELER VE KIYI YAPILARI GENEL MÜDÜRLÜĞÜ'NÜN 2013185 SAYILI UYGULA.pdf,available,False,0001-01-01T00:00:00,,https://kms.kaysis.gov.tr/Home/Goster/55303,,,needs_verification,false,,
55518,TERSANELER VE KIYI YAPILARI GENEL MÜDÜRLÜĞÜNÜN 2013/234 SAYILI UYGULAMA TALİMATI,Talimat / Talimatname / İç Emir,maritime,maritime,0.9,maritime: 'tersane' (+7),out_of_scope,matched,Ulaştırma ve Altyapı Bakanlığı/Ulaştırma ve Altyapı Bakanlığı/Talimat Talimatname İç Emir/55518_TERSANELER VE KIYI YAPILARI GENEL MÜDÜRLÜĞÜNÜN 2013234 SAYILI UYGULAM.pdf,available,False,0001-01-01T00:00:00,,https://kms.kaysis.gov.tr/Home/Goster/55518,,,needs_verification,false,,
55521,TERSANELER VE KIYI YAPILARI GENEL MÜDÜRLÜĞÜNÜN 2013/81 SAYILI UYGULAMA TALİMATI,Talimat / Talimatname / İç Emir,maritime,maritime,0.9,maritime: 'tersane' (+7),out_of_scope,matched,Ulaştırma ve Altyapı Bakanlığı/Ulaştırma ve Altyapı Bakanlığı/Talimat Talimatname İç Emir/55521_TERSANELER VE KIYI YAPILARI GENEL MÜDÜRLÜĞÜNÜN 201381 SAYILI UYGULAMA.pdf,available,False,0001-01-01T00:00:00,,https://kms.kaysis.gov.tr/Home/Goster/55521,,,needs_verification,false,,
55522,TERSANELER VE KIYI YAPILARI GENEL MÜDÜRLÜĞÜNÜN DÜŞME ÖNLEYİCİ DONANIMLAR (FPD),Talimat / Talimatname / İç Emir,maritime,maritime,0.9,maritime: 'tersane' (+7),out_of_scope,matched,Ulaştırma ve Altyapı Bakanlığı/Ulaştırma ve Altyapı Bakanlığı/Talimat Talimatname İç Emir/55522_TERSANELER VE KIYI YAPILARI GENEL MÜDÜRLÜĞÜNÜN DÜŞME ÖNLEYİCİ DONANIM.pdf,available,False,0001-01-01T00:00:00,,https://kms.kaysis.gov.tr/Home/Goster/55522,,,needs_verification,false,,
55523,YOLCU GEMİLERİNDE SU BASKINI TESPİT SİSİTEMLERİ UYGULAMA TALİMATI 2013/76,Talimat / Talimatname / İç Emir,maritime,maritime,0.9,maritime: 'gemi' (+7),out_of_scope,matched,Ulaştırma ve Altyapı Bakanlığı/Ulaştırma ve Altyapı Bakanlığı/Talimat Talimatname İç Emir/55523_YOLCU GEMİLERİNDE SU BASKINI TESPİT SİSİTEMLERİ UYGULAMA TALİMATI 201.pdf,available,False,0001-01-01T00:00:00,,https://kms.kaysis.gov.tr/Home/Goster/55523,,,needs_verification,false,,
55525,YOLCU GEMİLERİNDE CAN SALI İNDİRME DONANIMI UYGULAMA TALİMATI 2013/201,Talimat / Talimatname / İç Emir,maritime,maritime,0.9,maritime: 'gemi' (+7),out_of_scope,matched,Ulaştırma ve Altyapı Bakanlığı/Ulaştırma ve Altyapı Bakanlığı/Talimat Talimatname İç Emir/55525_YOLCU GEMİLERİNDE CAN SALI İNDİRME DONANIMI UYGULAMA TALİMATI 2013201.pdf,available,False,0001-01-01T00:00:00,,https://kms.kaysis.gov.tr/Home/Goster/55525,,,needs_verification,false,,
55526,TERSANELER VE KIYI YAPILARI GENEL MÜDÜRLÜĞÜNÜN 2013/209 SAYILI UYGULAMA TALİMATI,Talimat / Talimatname / İç Emir,maritime,maritime,0.9,maritime: 'tersane' (+7),out_of_scope,matched,Ulaştırma ve Altyapı Bakanlığı/Ulaştırma ve Altyapı Bakanlığı/Talimat Talimatname İç Emir/55526_TERSANELER VE KIYI YAPILARI GENEL MÜDÜRLÜĞÜNÜN 2013209 SAYILI UYGULAM.pdf,available,False,0001-01-01T00:00:00,,https://kms.kaysis.gov.tr/Home/Goster/55526,,,needs_verification,false,,
55527,TERSANELER VE KIYI YAPILARI GENEL MÜDÜRLÜĞÜNÜN ELEKTRONİK YALPA ÖLÇERLERİN PERFORMANS STANDARTLARI,Talimat / Talimatname / İç Emir,maritime,maritime,0.9,maritime: 'tersane' (+7),out_of_scope,matched,Ulaştırma ve Altyapı Bakanlığı/Ulaştırma ve Altyapı Bakanlığı/Talimat Talimatname İç Emir/55527_TERSANELER VE KIYI YAPILARI GENEL MÜDÜRLÜĞÜNÜN ELEKTRONİK YALPA ÖLÇER.pdf,available,False,0001-01-01T00:00:00,,https://kms.kaysis.gov.tr/Home/Goster/55527,,,needs_verification,false,,
55530,TERSANELER VE KIYI YAPILARI GENEL MÜDÜRLÜĞÜNÜN 2013/230 SAYILI UYGULAMA TALİMATI,Talimat / Talimatname / İç Emir,maritime,maritime,0.9,maritime: 'tersane' (+7),out_of_scope,matched,Ulaştırma ve Altyapı Bakanlığı/Ulaştırma ve Altyapı Bakanlığı/Talimat Talimatname İç Emir/55530_TERSANELER VE KIYI YAPILARI GENEL MÜDÜRLÜĞÜNÜN 2013230 SAYILI UYGULAM.pdf,available,False,0001-01-01T00:00:00,,https://kms.kaysis.gov.tr/Home/Goster/55530,,,needs_verification,false,,
55531,TERSANELER VE KIYI YAPILARI GENEL MÜDÜRLÜĞÜNÜN ENERJİ VERİMLİLİĞİ DİZAYN ENDEKSİ (EEDI) 2013 REHBERİ,Talimat / Talimatname / İç Emir,maritime,maritime,0.9,maritime: 'tersane' (+7),out_of_scope,matched,Ulaştırma ve Altyapı Bakanlığı/Ulaştırma ve Altyapı Bakanlığı/Talimat Talimatname İç Emir/55531_TERSANELER VE KIYI YAPILARI GENEL MÜDÜRLÜĞÜNÜN ENERJİ VERİMLİLİĞİ DİZ.pdf,available,False,0001-01-01T00:00:00,,https://kms.kaysis.gov.tr/Home/Goster/55531,,,needs_verification,false,,
55532,TERSANELER VE KIYI YAPILARI GENEL MÜDÜRLÜĞÜNÜN 2013/203 SAYILI UYGULAMA TALİMATI,Talimat / Talimatname / İç Emir,maritime,maritime,0.9,maritime: 'tersane' (+7),out_of_scope,matched,Ulaştırma ve Altyapı Bakanlığı/Ulaştırma ve Altyapı Bakanlığı/Talimat Talimatname İç Emir/55532_TERSANELER VE KIYI YAPILARI GENEL MÜDÜRLÜĞÜNÜN 2013203 SAYILI UYGULAM.pdf,available,False,0001-01-01T00:00:00,,https://kms.kaysis.gov.tr/Home/Goster/55532,,,needs_verification,false,,
55535,TERSANELER VE KIYI YAPILARI GENEL MÜDÜRLÜĞÜNÜN FİLİKA KONTROL DÜZENLEMELERİNİN STANDARDİZASYONU İÇİN REHBER,Talimat / Talimatname / İç Emir,maritime,maritime,0.98,maritime: 'filika' (+7) | maritime: 'tersane' (+7),out_of_scope,matched,Ulaştırma ve Altyapı Bakanlığı/Ulaştırma ve Altyapı Bakanlığı/Talimat Talimatname İç Emir/55535_TERSANELER VE KIYI YAPILARI GENEL MÜDÜRLÜĞÜNÜN FİLİKA KONTROL DÜZENLE.pdf,available,False,0001-01-01T00:00:00,,https://kms.kaysis.gov.tr/Home/Goster/55535,,,needs_verification,false,,
55536,TERSANELER VE KIYI YAPILARI GENEL MÜDÜRLÜĞÜNÜN 2013/162 SAYILI UYGULAMA TALİMATI,Talimat / Talimatname / İç Emir,maritime,maritime,0.9,maritime: 'tersane' (+7),out_of_scope,matched,Ulaştırma ve Altyapı Bakanlığı/Ulaştırma ve Altyapı Bakanlığı/Talimat Talimatname İç Emir/55536_TERSANELER VE KIYI YAPILARI GENEL MÜDÜRLÜĞÜNÜN 2013162 SAYILI UYGULAM.pdf,available,False,0001-01-01T00:00:00,,https://kms.kaysis.gov.tr/Home/Goster/55536,,,needs_verification,false,,
55538,ULUSLARARASI HASARSIZ STABİLİTE KODU UYGULAMA TALİMATI 2013/167,Talimat / Talimatname / İç Emir,unknown,unknown,0.0,Başlıkta güvenilir bir alan göstergesi bulunamadı.,review_required,matched,Ulaştırma ve Altyapı Bakanlığı/Ulaştırma ve Altyapı Bakanlığı/Talimat Talimatname İç Emir/55538_ULUSLARARASI HASARSIZ STABİLİTE KODU UYGULAMA TALİMATI 2013167.pdf,available,False,0001-01-01T00:00:00,,https://kms.kaysis.gov.tr/Home/Goster/55538,,,needs_verification,false,,
55540,TERSANELER VE KIYI YAPILARI GENEL MÜDÜRLÜĞÜNÜN 2013/219 SAYILI UYGULAMA TALİMATI,Talimat / Talimatname / İç Emir,maritime,maritime,0.9,maritime: 'tersane' (+7),out_of_scope,matched,Ulaştırma ve Altyapı Bakanlığı/Ulaştırma ve Altyapı Bakanlığı/Talimat Talimatname İç Emir/55540_TERSANELER VE KIYI YAPILARI GENEL MÜDÜRLÜĞÜNÜN 2013219 SAYILI UYGULAM.pdf,available,False,0001-01-01T00:00:00,,https://kms.kaysis.gov.tr/Home/Goster/55540,,,needs_verification,false,,
55541,TERSANELER VE KIYI YAPILARI GENEL MÜDÜRLÜĞÜNÜN FSS KOD UYGULAMASI HAKKINDA REHBER,Talimat / Talimatname / İç Emir,maritime,maritime,0.9,maritime: 'tersane' (+7),out_of_scope,matched,Ulaştırma ve Altyapı Bakanlığı/Ulaştırma ve Altyapı Bakanlığı/Talimat Talimatname İç Emir/55541_TERSANELER VE KIYI YAPILARI GENEL MÜDÜRLÜĞÜNÜN FSS KOD UYGULAMASI HAK.pdf,available,False,0001-01-01T00:00:00,,https://kms.kaysis.gov.tr/Home/Goster/55541,,,needs_verification,false,,
55543,TERSANELER VE KIYI YAPILARI GENEL MÜDÜRLÜĞÜNÜN 2013/229 SAYILI UYGULAMA TALİMATI,Talimat / Talimatname / İç Emir,maritime,maritime,0.9,maritime: 'tersane' (+7),out_of_scope,matched,Ulaştırma ve Altyapı Bakanlığı/Ulaştırma ve Altyapı Bakanlığı/Talimat Talimatname İç Emir/55543_TERSANELER VE KIYI YAPILARI GENEL MÜDÜRLÜĞÜNÜN 2013229 SAYILI UYGULAM.pdf,available,False,0001-01-01T00:00:00,,https://kms.kaysis.gov.tr/Home/Goster/55543,,,needs_verification,false,,
55544,YANGIN EMNİYET SİSTEMLERİ ULUSLARARASI KODU'NDA İDARENİN TAKDİRİNE BIRAKILAN HUSUSLAR HAKKINDA UYGULAMA TALİMATI 2013/214,Talimat / Talimatname / İç Emir,unknown,unknown,0.0,Başlıkta güvenilir bir alan göstergesi bulunamadı.,review_required,matched,Ulaştırma ve Altyapı Bakanlığı/Ulaştırma ve Altyapı Bakanlığı/Talimat Talimatname İç Emir/55544_YANGIN EMNİYET SİSTEMLERİ ULUSLARARASI KODU'NDA İDARENİN TAKDİRİNE BI.pdf,available,False,0001-01-01T00:00:00,,https://kms.kaysis.gov.tr/Home/Goster/55544,,,needs_verification,false,,
55546,TERSANELER VE KIYI YAPILARI GENEL MÜDÜRLÜĞÜNÜN 2013/119 SAYILI UYGULAMA TALİMATI,Talimat / Talimatname / İç Emir,maritime,maritime,0.9,maritime: 'tersane' (+7),out_of_scope,matched,Ulaştırma ve Altyapı Bakanlığı/Ulaştırma ve Altyapı Bakanlığı/Talimat Talimatname İç Emir/55546_TERSANELER VE KIYI YAPILARI GENEL MÜDÜRLÜĞÜNÜN 2013119 SAYILI UYGULAM.pdf,available,False,0001-01-01T00:00:00,,https://kms.kaysis.gov.tr/Home/Goster/55546,,,needs_verification,false,,
55548,TERSANELER VE KIYI YAPILARI GENEL MÜDÜRLÜĞÜNÜN GAZLI SABİT YANGIN SÖNDÜRME SİSTEMLERİ,Talimat / Talimatname / İç Emir,maritime,maritime,0.9,maritime: 'tersane' (+7),out_of_scope,matched,Ulaştırma ve Altyapı Bakanlığı/Ulaştırma ve Altyapı Bakanlığı/Talimat Talimatname İç Emir/55548_TERSANELER VE KIYI YAPILARI GENEL MÜDÜRLÜĞÜNÜN GAZLI SABİT YANGIN SÖN.pdf,available,False,0001-01-01T00:00:00,,https://kms.kaysis.gov.tr/Home/Goster/55548,,,needs_verification,false,,
55551,TERSANELER VE KIYI YAPILARI GENEL MÜDÜRLÜĞÜNÜN 2013/158 SAYILI UYGULAMA TALİMATI,Talimat / Talimatname / İç Emir,maritime,maritime,0.9,maritime: 'tersane' (+7),out_of_scope,matched,Ulaştırma ve Altyapı Bakanlığı/Ulaştırma ve Altyapı Bakanlığı/Talimat Talimatname İç Emir/55551_TERSANELER VE KIYI YAPILARI GENEL MÜDÜRLÜĞÜNÜN 2013158 SAYILI UYGULAM.pdf,available,False,0001-01-01T00:00:00,,https://kms.kaysis.gov.tr/Home/Goster/55551,,,needs_verification,false,,
55552,TERSANELER VE KIYI YAPILARI GENEL MÜDÜRLÜĞÜNÜN GEMİ İNŞA DOSYASINA DAHİL EDİLECEK BİLGİLER HAKKINDA REHBER,Talimat / Talimatname / İç Emir,maritime,maritime,0.98,maritime: 'gemi' (+7) | maritime: 'tersane' (+7),out_of_scope,matched,Ulaştırma ve Altyapı Bakanlığı/Ulaştırma ve Altyapı Bakanlığı/Talimat Talimatname İç Emir/55552_TERSANELER VE KIYI YAPILARI GENEL MÜDÜRLÜĞÜNÜN GEMİ İNŞA DOSYASINA DA.pdf,available,False,0001-01-01T00:00:00,,https://kms.kaysis.gov.tr/Home/Goster/55552,,,needs_verification,false,,
55553,TERSANELER VE KIYI YAPILARI GENEL MÜDÜRLÜĞÜNÜN 2013/239 SAYILI UYGULAMA TALİMATI,Talimat / Talimatname / İç Emir,maritime,maritime,0.9,maritime: 'tersane' (+7),out_of_scope,matched,Ulaştırma ve Altyapı Bakanlığı/Ulaştırma ve Altyapı Bakanlığı/Talimat Talimatname İç Emir/55553_TERSANELER VE KIYI YAPILARI GENEL MÜDÜRLÜĞÜNÜN 2013239 SAYILI UYGULAM.pdf,available,False,0001-01-01T00:00:00,,https://kms.kaysis.gov.tr/Home/Goster/55553,,,needs_verification,false,,
55554,TERSANELER VE KIYI YAPILARI GENEL MÜDÜRLÜĞÜNÜN GEMİ MANEVRA KABİLİYETİ STANDARTLARI,Talimat / Talimatname / İç Emir,maritime,maritime,0.98,maritime: 'gemi' (+7) | maritime: 'tersane' (+7),out_of_scope,matched,Ulaştırma ve Altyapı Bakanlığı/Ulaştırma ve Altyapı Bakanlığı/Talimat Talimatname İç Emir/55554_TERSANELER VE KIYI YAPILARI GENEL MÜDÜRLÜĞÜNÜN GEMİ MANEVRA KABİLİYET.pdf,available,False,0001-01-01T00:00:00,,https://kms.kaysis.gov.tr/Home/Goster/55554,,,needs_verification,false,,
55556,TERSANELER VE KIYI YAPILARI GENEL MÜDÜRLÜĞÜNÜN 2013/157 SAYILI UYGULAMA TALİMATI,Talimat / Talimatname / İç Emir,maritime,maritime,0.9,maritime: 'tersane' (+7),out_of_scope,matched,Ulaştırma ve Altyapı Bakanlığı/Ulaştırma ve Altyapı Bakanlığı/Talimat Talimatname İç Emir/55556_TERSANELER VE KIYI YAPILARI GENEL MÜDÜRLÜĞÜNÜN 2013157 SAYILI UYGULAM.pdf,available,False,0001-01-01T00:00:00,,https://kms.kaysis.gov.tr/Home/Goster/55556,,,needs_verification,false,,
55560,TERSANELER VE KIYI YAPILARI GENEL MÜDÜRLÜĞÜNÜN 2013/173 SAYILI UYGULAMA TALİMATI,Talimat / Talimatname / İç Emir,maritime,maritime,0.9,maritime: 'tersane' (+7),out_of_scope,matched,Ulaştırma ve Altyapı Bakanlığı/Ulaştırma ve Altyapı Bakanlığı/Talimat Talimatname İç Emir/55560_TERSANELER VE KIYI YAPILARI GENEL MÜDÜRLÜĞÜNÜN 2013173 SAYILI UYGULAM.pdf,available,False,0001-01-01T00:00:00,,https://kms.kaysis.gov.tr/Home/Goster/55560,,,needs_verification,false,,
55561,"TERSANELER VE KIYI YAPILARI GENEL MÜDÜRLÜĞÜNÜN GEMİ TASARIMI, YAPISI, TAMİRİ VE BAKIMI",Talimat / Talimatname / İç Emir,maritime,maritime,0.98,maritime: 'gemi' (+7) | maritime: 'tersane' (+7),out_of_scope,matched,"Ulaştırma ve Altyapı Bakanlığı/Ulaştırma ve Altyapı Bakanlığı/Talimat Talimatname İç Emir/55561_TERSANELER VE KIYI YAPILARI GENEL MÜDÜRLÜĞÜNÜN GEMİ TASARIMI, YAPISI,.pdf",available,False,0001-01-01T00:00:00,,https://kms.kaysis.gov.tr/Home/Goster/55561,,,needs_verification,false,,
55564,TERSANELER VE KIYI YAPILARI GENEL MÜDÜRLÜĞÜNÜN 2013/172 SAYILI UYGULAMA TALİMATI,Talimat / Talimatname / İç Emir,maritime,maritime,0.9,maritime: 'tersane' (+7),out_of_scope,matched,Ulaştırma ve Altyapı Bakanlığı/Ulaştırma ve Altyapı Bakanlığı/Talimat Talimatname İç Emir/55564_TERSANELER VE KIYI YAPILARI GENEL MÜDÜRLÜĞÜNÜN 2013172 SAYILI UYGULAM.pdf,available,False,0001-01-01T00:00:00,,https://kms.kaysis.gov.tr/Home/Goster/55564,,,needs_verification,false,,
55568,PETROL TANKERLERİNDE BAŞ VE KIÇ YÜKLEME VE TAHLİYE TERTİBATLARI HAKKINDA UYGULAMA TALİMATI 2013/95,Talimat / Talimatname / İç Emir,maritime,maritime,0.9,maritime: 'tanker' (+7),out_of_scope,matched,Ulaştırma ve Altyapı Bakanlığı/Ulaştırma ve Altyapı Bakanlığı/Talimat Talimatname İç Emir/55568_PETROL TANKERLERİNDE BAŞ VE KIÇ YÜKLEME VE TAHLİYE TERTİBATLARI HAKKI.pdf,available,False,0001-01-01T00:00:00,,https://kms.kaysis.gov.tr/Home/Goster/55568,,,needs_verification,false,,
55573,TERSANELER VE KIYI YAPILARI GENEL MÜDÜRLÜĞÜNÜN 2013/211 SAYILI UYGULAMA TALİMATI,Talimat / Talimatname / İç Emir,maritime,maritime,0.9,maritime: 'tersane' (+7),out_of_scope,matched,Ulaştırma ve Altyapı Bakanlığı/Ulaştırma ve Altyapı Bakanlığı/Talimat Talimatname İç Emir/55573_TERSANELER VE KIYI YAPILARI GENEL MÜDÜRLÜĞÜNÜN 2013211 SAYILI UYGULAM.pdf,available,False,0001-01-01T00:00:00,,https://kms.kaysis.gov.tr/Home/Goster/55573,,,needs_verification,false,,
55575,YÜKLEME VE STABİLİTE PROGRAMLARI HAKKINDA UYGULAMA TALİMATI 2013/90,Talimat / Talimatname / İç Emir,unknown,unknown,0.0,Başlıkta güvenilir bir alan göstergesi bulunamadı.,review_required,matched,Ulaştırma ve Altyapı Bakanlığı/Ulaştırma ve Altyapı Bakanlığı/Talimat Talimatname İç Emir/55575_YÜKLEME VE STABİLİTE PROGRAMLARI HAKKINDA UYGULAMA TALİMATI 201390.pdf,available,False,0001-01-01T00:00:00,,https://kms.kaysis.gov.tr/Home/Goster/55575,,,needs_verification,false,,
55577,TERSANELER VE KIYI YAPILARI GENEL MÜDÜRLÜĞÜNÜN 2013/174 SAYILI UYGULAMA TALİMATI,Talimat / Talimatname / İç Emir,maritime,maritime,0.9,maritime: 'tersane' (+7),out_of_scope,matched,Ulaştırma ve Altyapı Bakanlığı/Ulaştırma ve Altyapı Bakanlığı/Talimat Talimatname İç Emir/55577_TERSANELER VE KIYI YAPILARI GENEL MÜDÜRLÜĞÜNÜN 2013174 SAYILI UYGULAM.pdf,available,False,0001-01-01T00:00:00,,https://kms.kaysis.gov.tr/Home/Goster/55577,,,needs_verification,false,,
55581,YÜKSEK GENLEŞMELİ SABİT KÖPÜK SİSTEMİNİN TEST VE ONAYI HAKKINDA UYGULAMA TALİMATI 2013/204,Talimat / Talimatname / İç Emir,unknown,unknown,0.0,Başlıkta güvenilir bir alan göstergesi bulunamadı.,review_required,matched,Ulaştırma ve Altyapı Bakanlığı/Ulaştırma ve Altyapı Bakanlığı/Talimat Talimatname İç Emir/55581_YÜKSEK GENLEŞMELİ SABİT KÖPÜK SİSTEMİNİN TEST VE ONAYI HAKKINDA UYGUL.pdf,available,False,0001-01-01T00:00:00,,https://kms.kaysis.gov.tr/Home/Goster/55581,,,needs_verification,false,,
55582,TERSANELER VE KIYI YAPILARI GENEL MÜDÜRLÜĞÜNÜN 2013/222 SAYILI UYGULAMA TALİMATI,Talimat / Talimatname / İç Emir,maritime,maritime,0.9,maritime: 'tersane' (+7),out_of_scope,matched,Ulaştırma ve Altyapı Bakanlığı/Ulaştırma ve Altyapı Bakanlığı/Talimat Talimatname İç Emir/55582_TERSANELER VE KIYI YAPILARI GENEL MÜDÜRLÜĞÜNÜN 2013222 SAYILI UYGULAM.pdf,available,False,0001-01-01T00:00:00,,https://kms.kaysis.gov.tr/Home/Goster/55582,,,needs_verification,false,,
55586,YÜKLEME SINIRI SÖZLEŞMESİNDE İDARENİN TAKDİRİNE BIRAKILAN HUSUSLAR HAKKINDA UYGULAMA TALİMATI 2013/175,Talimat / Talimatname / İç Emir,unknown,unknown,0.0,Başlıkta güvenilir bir alan göstergesi bulunamadı.,review_required,matched,Ulaştırma ve Altyapı Bakanlığı/Ulaştırma ve Altyapı Bakanlığı/Talimat Talimatname İç Emir/55586_YÜKLEME SINIRI SÖZLEŞMESİNDE İDARENİN TAKDİRİNE BIRAKILAN HUSUSLAR HA.pdf,available,False,0001-01-01T00:00:00,,https://kms.kaysis.gov.tr/Home/Goster/55586,,,needs_verification,false,,
55587,TERSANELER VE KIYI YAPILARI GENEL MÜDÜRLÜĞÜNÜN 2013/163 SAYILI UYGULAMA TALİMATI,Talimat / Talimatname / İç Emir,maritime,maritime,0.9,maritime: 'tersane' (+7),out_of_scope,matched,Ulaştırma ve Altyapı Bakanlığı/Ulaştırma ve Altyapı Bakanlığı/Talimat Talimatname İç Emir/55587_TERSANELER VE KIYI YAPILARI GENEL MÜDÜRLÜĞÜNÜN 2013163 SAYILI UYGULAM.pdf,available,False,0001-01-01T00:00:00,,https://kms.kaysis.gov.tr/Home/Goster/55587,,,needs_verification,false,,
55589,TERSANELER VE KIYI YAPILARI GENEL MÜDÜRLÜĞÜNÜN GEMİLERDEKİ HELİKOPTER TESİSLERİNE İLİŞKİN STANDARTLAR,Talimat / Talimatname / İç Emir,maritime,maritime,0.98,maritime: 'gemi' (+7) | maritime: 'tersane' (+7),out_of_scope,matched,Ulaştırma ve Altyapı Bakanlığı/Ulaştırma ve Altyapı Bakanlığı/Talimat Talimatname İç Emir/55589_TERSANELER VE KIYI YAPILARI GENEL MÜDÜRLÜĞÜNÜN GEMİLERDEKİ HELİKOPTER.pdf,available,False,0001-01-01T00:00:00,,https://kms.kaysis.gov.tr/Home/Goster/55589,,,needs_verification,false,,
55602,TERSANELER VE KIYI YAPILARI GENEL MÜDÜRLÜĞÜNÜN 2013/124 SAYILI UYGULAMA TALİMATI,Talimat / Talimatname / İç Emir,maritime,maritime,0.9,maritime: 'tersane' (+7),out_of_scope,matched,Ulaştırma ve Altyapı Bakanlığı/Ulaştırma ve Altyapı Bakanlığı/Talimat Talimatname İç Emir/55602_TERSANELER VE KIYI YAPILARI GENEL MÜDÜRLÜĞÜNÜN 2013124 SAYILI UYGULAM.pdf,available,False,0001-01-01T00:00:00,,https://kms.kaysis.gov.tr/Home/Goster/55602,,,needs_verification,false,,
55623,TERSANELER VE KIYI YAPILARI GENEL MÜDÜRLÜĞÜNÜN GEMİLERDEKİ YANGIN KONTROL PLANLARINDA KULLANILACAK GRAFİKSEL SEMBOLLER,Talimat / Talimatname / İç Emir,maritime,maritime,0.98,maritime: 'gemi' (+7) | maritime: 'tersane' (+7),out_of_scope,matched,Ulaştırma ve Altyapı Bakanlığı/Ulaştırma ve Altyapı Bakanlığı/Talimat Talimatname İç Emir/55623_TERSANELER VE KIYI YAPILARI GENEL MÜDÜRLÜĞÜNÜN GEMİLERDEKİ YANGIN KON.pdf,available,False,0001-01-01T00:00:00,,https://kms.kaysis.gov.tr/Home/Goster/55623,,,needs_verification,false,,
55628,TERSANELER VE KIYI YAPILARI GENEL MÜDÜRLÜĞÜNÜN GEMİYE BİNME VE GEMİDEN İNME ARAÇLARI,Talimat / Talimatname / İç Emir,maritime,maritime,0.98,maritime: 'gemi' (+7) | maritime: 'tersane' (+7),out_of_scope,matched,Ulaştırma ve Altyapı Bakanlığı/Ulaştırma ve Altyapı Bakanlığı/Talimat Talimatname İç Emir/55628_TERSANELER VE KIYI YAPILARI GENEL MÜDÜRLÜĞÜNÜN GEMİYE BİNME VE GEMİDE.pdf,available,False,0001-01-01T00:00:00,,https://kms.kaysis.gov.tr/Home/Goster/55628,,,needs_verification,false,,
55643,TERSANELER VE KIYI YAPILARI GENEL MÜDÜRLÜĞÜNÜN GÜVERTE KAPLAMALARININ TUTUŞABİLİRLİĞİ İLE İLGİLİ YANGIN TEST PROSEDÜRLERİ,Talimat / Talimatname / İç Emir,maritime,maritime,0.9,maritime: 'tersane' (+7),out_of_scope,matched,Ulaştırma ve Altyapı Bakanlığı/Ulaştırma ve Altyapı Bakanlığı/Talimat Talimatname İç Emir/55643_TERSANELER VE KIYI YAPILARI GENEL MÜDÜRLÜĞÜNÜN GÜVERTE KAPLAMALARININ.pdf,available,False,0001-01-01T00:00:00,,https://kms.kaysis.gov.tr/Home/Goster/55643,,,needs_verification,false,,
55656,TERSANELER VE KIYI YAPILARI GENEL MÜDÜRLÜĞÜNÜN HAM PETROL TANKERLERİNE MUAFİYET TANINMASI,Talimat / Talimatname / İç Emir,maritime,maritime,0.98,maritime: 'tanker' (+7) | maritime: 'tersane' (+7),out_of_scope,matched,Ulaştırma ve Altyapı Bakanlığı/Ulaştırma ve Altyapı Bakanlığı/Talimat Talimatname İç Emir/55656_TERSANELER VE KIYI YAPILARI GENEL MÜDÜRLÜĞÜNÜN HAM PETROL TANKERLERİN.pdf,available,False,0001-01-01T00:00:00,,https://kms.kaysis.gov.tr/Home/Goster/55656,,,needs_verification,false,,
55657,TERSANELER VE KIYI YAPILARI GENEL MÜDÜRLÜĞÜNÜN HAM PETROL TANKERLERİNİN KARGO TANKLARININ KAPLAMA SİSTEMLERİNİN BAKIM VE ONARIMI HAKKINDA REHBER,Talimat / Talimatname / İç Emir,maritime,maritime,0.98,maritime: 'tanker' (+7) | maritime: 'tersane' (+7),out_of_scope,matched,Ulaştırma ve Altyapı Bakanlığı/Ulaştırma ve Altyapı Bakanlığı/Talimat Talimatname İç Emir/55657_TERSANELER VE KIYI YAPILARI GENEL MÜDÜRLÜĞÜNÜN HAM PETROL TANKERLERİN.pdf,available,False,0001-01-01T00:00:00,,https://kms.kaysis.gov.tr/Home/Goster/55657,,,needs_verification,false,,
55711,TERSANELER VE KIYI YAPILARI GENEL MÜDÜRLÜĞÜNÜN HASAR KONTROL PLAN VE KİTAPÇIKLARI HAKKINDA TALİMAT,Talimat / Talimatname / İç Emir,maritime,maritime,0.9,maritime: 'tersane' (+7),out_of_scope,matched,Ulaştırma ve Altyapı Bakanlığı/Ulaştırma ve Altyapı Bakanlığı/Talimat Talimatname İç Emir/55711_TERSANELER VE KIYI YAPILARI GENEL MÜDÜRLÜĞÜNÜN HASAR KONTROL PLAN VE.pdf,available,False,0001-01-01T00:00:00,,https://kms.kaysis.gov.tr/Home/Goster/55711,,,needs_verification,false,,
55716,TERSANELER VE KIYI YAPILARI GENEL MÜDÜRLÜĞÜNÜN HELİKOPTER TESİSLERİNDEKİ YANGIN SÖNDÜRME TEÇHİZATININ ONAYI HAKKINDA TALİMAT,Talimat / Talimatname / İç Emir,maritime,maritime,0.9,maritime: 'tersane' (+7),out_of_scope,matched,Ulaştırma ve Altyapı Bakanlığı/Ulaştırma ve Altyapı Bakanlığı/Talimat Talimatname İç Emir/55716_TERSANELER VE KIYI YAPILARI GENEL MÜDÜRLÜĞÜNÜN HELİKOPTER TESİSLERİND.pdf,available,False,0001-01-01T00:00:00,,https://kms.kaysis.gov.tr/Home/Goster/55716,,,needs_verification,false,,
55718,TERSANELER VE KIYI YAPILARI GENEL MÜDÜRLÜĞÜNÜN HİPERBARİK TAHLİYE SİSTEMLERİ HAKKINDA TALİMAT,Talimat / Talimatname / İç Emir,maritime,maritime,0.9,maritime: 'tersane' (+7),out_of_scope,matched,Ulaştırma ve Altyapı Bakanlığı/Ulaştırma ve Altyapı Bakanlığı/Talimat Talimatname İç Emir/55718_TERSANELER VE KIYI YAPILARI GENEL MÜDÜRLÜĞÜNÜN HİPERBARİK TAHLİYE SİS.pdf,available,False,0001-01-01T00:00:00,,https://kms.kaysis.gov.tr/Home/Goster/55718,,,needs_verification,false,,
55721,TERSANELER VE KIYI YAPILARI GENEL MÜDÜRLÜĞÜNÜN IBC KOD BÖLÜM 17 MİNİMUM GEREKLİLİKLER HAKKINDA TALİMAT,Talimat / Talimatname / İç Emir,maritime,maritime,0.9,maritime: 'tersane' (+7),out_of_scope,matched,Ulaştırma ve Altyapı Bakanlığı/Ulaştırma ve Altyapı Bakanlığı/Talimat Talimatname İç Emir/55721_TERSANELER VE KIYI YAPILARI GENEL MÜDÜRLÜĞÜNÜN IBC KOD BÖLÜM 17 MİNİM.pdf,available,False,0001-01-01T00:00:00,,https://kms.kaysis.gov.tr/Home/Goster/55721,,,needs_verification,false,,
55724,TERSANELER VE KIYI YAPILARI GENEL MÜDÜRLÜĞÜNÜN İÇİNDE HAVA KULLANILAN YÜKSEK GENLEŞMELİ KÖPÜK SİSTEMİ HAKKINDA TALİMAT,Talimat / Talimatname / İç Emir,maritime,maritime,0.9,maritime: 'tersane' (+7),out_of_scope,matched,Ulaştırma ve Altyapı Bakanlığı/Ulaştırma ve Altyapı Bakanlığı/Talimat Talimatname İç Emir/55724_TERSANELER VE KIYI YAPILARI GENEL MÜDÜRLÜĞÜNÜN İÇİNDE HAVA KULLANILAN.pdf,available,False,0001-01-01T00:00:00,,https://kms.kaysis.gov.tr/Home/Goster/55724,,,needs_verification,false,,
55730,TERSANELER VE KIYI YAPILARI GENEL MÜDÜRLÜĞÜNÜN IMSBC VE GRAİN KODLARINDA KONSTRÜKSİYON VE STABİLİTE KAPSAMINDA İDARENİN TAKDİRİNE BIRAKILAN HUSUSLAR HK,Talimat / Talimatname / İç Emir,maritime,maritime,0.9,maritime: 'tersane' (+7),out_of_scope,matched,Ulaştırma ve Altyapı Bakanlığı/Ulaştırma ve Altyapı Bakanlığı/Talimat Talimatname İç Emir/55730_TERSANELER VE KIYI YAPILARI GENEL MÜDÜRLÜĞÜNÜN IMSBC VE GRAİN KODLARI.pdf,available,False,0001-01-01T00:00:00,,https://kms.kaysis.gov.tr/Home/Goster/55730,,,needs_verification,false,,
55731,TERSANELER VE KIYI YAPILARI GENEL MÜDÜRLÜĞÜNÜN KAPALI YÜK ALANLARININ DRENAJI,Talimat / Talimatname / İç Emir,maritime,maritime,0.9,maritime: 'tersane' (+7),out_of_scope,matched,Ulaştırma ve Altyapı Bakanlığı/Ulaştırma ve Altyapı Bakanlığı/Talimat Talimatname İç Emir/55731_TERSANELER VE KIYI YAPILARI GENEL MÜDÜRLÜĞÜNÜN KAPALI YÜK ALANLARININ.pdf,available,False,0001-01-01T00:00:00,,https://kms.kaysis.gov.tr/Home/Goster/55731,,,needs_verification,false,,
55733,TERSANELER VE KIYI YAPILARI GENEL MÜDÜRLÜĞÜNÜN KATEGORİ A MAKİNE MAHALLERİNDE SU BAZLI LOKAL YANGIN SÖNDÜRME SİSTEMLERİ,Talimat / Talimatname / İç Emir,maritime,maritime,0.9,maritime: 'tersane' (+7),out_of_scope,matched,Ulaştırma ve Altyapı Bakanlığı/Ulaştırma ve Altyapı Bakanlığı/Talimat Talimatname İç Emir/55733_TERSANELER VE KIYI YAPILARI GENEL MÜDÜRLÜĞÜNÜN KATEGORİ A MAKİNE MAHA.pdf,available,False,0001-01-01T00:00:00,,https://kms.kaysis.gov.tr/Home/Goster/55733,,,needs_verification,false,,
55735,TERSANELER VE KIYI YAPILARI GENEL MÜDÜRLÜĞÜNÜN KIYIDA ENERJİ TEMİNİ,Talimat / Talimatname / İç Emir,maritime,maritime,0.9,maritime: 'tersane' (+7),out_of_scope,matched,Ulaştırma ve Altyapı Bakanlığı/Ulaştırma ve Altyapı Bakanlığı/Talimat Talimatname İç Emir/55735_TERSANELER VE KIYI YAPILARI GENEL MÜDÜRLÜĞÜNÜN KIYIDA ENERJİ TEMİNİ.pdf,available,False,0001-01-01T00:00:00,,https://kms.kaysis.gov.tr/Home/Goster/55735,,,needs_verification,false,,
55737,TERSANELER VE KIYI YAPILARI GENEL MÜDÜRLÜĞÜNÜN KUTUP SULARINDA SEYREDEN GEMİLER,Talimat / Talimatname / İç Emir,maritime,maritime,0.98,maritime: 'gemi' (+7) | maritime: 'tersane' (+7),out_of_scope,matched,Ulaştırma ve Altyapı Bakanlığı/Ulaştırma ve Altyapı Bakanlığı/Talimat Talimatname İç Emir/55737_TERSANELER VE KIYI YAPILARI GENEL MÜDÜRLÜĞÜNÜN KUTUP SULARINDA SEYRED.pdf,available,False,0001-01-01T00:00:00,,https://kms.kaysis.gov.tr/Home/Goster/55737,,,needs_verification,false,,
55738,TERSANELER VE KIYI YAPILARI GENEL MÜDÜRLÜĞÜNÜN LSA KODUNDA İDARENİN TAKDİRİNE BIRAKILAN HUSUSLAR,Talimat / Talimatname / İç Emir,maritime,maritime,0.9,maritime: 'tersane' (+7),out_of_scope,matched,Ulaştırma ve Altyapı Bakanlığı/Ulaştırma ve Altyapı Bakanlığı/Talimat Talimatname İç Emir/55738_TERSANELER VE KIYI YAPILARI GENEL MÜDÜRLÜĞÜNÜN LSA KODUNDA İDARENİN.pdf,available,False,0001-01-01T00:00:00,,https://kms.kaysis.gov.tr/Home/Goster/55738,,,needs_verification,false,,
55739,TERSANELER VE KIYI YAPILARI GENEL MÜDÜRLÜĞÜNÜN MAKİNE DAİRELERİNDE SABİT YANGIN SÖNDÜRME SİSTEMLERİ,Talimat / Talimatname / İç Emir,maritime,maritime,0.9,maritime: 'tersane' (+7),out_of_scope,matched,Ulaştırma ve Altyapı Bakanlığı/Ulaştırma ve Altyapı Bakanlığı/Talimat Talimatname İç Emir/55739_TERSANELER VE KIYI YAPILARI GENEL MÜDÜRLÜĞÜNÜN MAKİNE DAİRELERİNDE SA.pdf,available,False,0001-01-01T00:00:00,,https://kms.kaysis.gov.tr/Home/Goster/55739,,,needs_verification,false,,
56698,"TERSANE, TEKNE İMAL VE ÇEKEK YERİ HAKKINDA YÖNETMELİK",Kurum Yönetmeliği,maritime,maritime,0.98,maritime: 'tersane' (+7) | maritime: 'tekne' (+6),out_of_scope,matched,"Ulaştırma ve Altyapı Bakanlığı/Ulaştırma ve Altyapı Bakanlığı/Kurum Yönetmeliği/56698_TERSANE, TEKNE İMAL VE ÇEKEK YERİ HAKKINDA YÖNETMELİK.pdf",ocr_required,True,2015-06-28T00:00:00,29400,https://kms.kaysis.gov.tr/Home/Goster/56698,,,needs_verification,false,,
57419,DEMİRYOLU ARAÇLARI TESCİL VE SİCİL YÖNETMELİĞİ,Kurum Yönetmeliği,railway,railway,0.97,railway: 'demiryolu' (+10),out_of_scope,matched,Ulaştırma ve Altyapı Bakanlığı/Ulaştırma ve Altyapı Bakanlığı/Kurum Yönetmeliği/57419_DEMİRYOLU ARAÇLARI TESCİL VE SİCİL YÖNETMELİĞİ.pdf,available,False,2015-07-16T00:00:00,29418,https://kms.kaysis.gov.tr/Home/Goster/57419,,,needs_verification,false,,
57421,TEHLİKELİ MADDELERİN DEMİRYOLU İLE TAŞINMASI HAKKINDA YÖNETMELİK,Kurum Yönetmeliği,railway,railway,0.97,railway: 'demiryolu' (+10),out_of_scope,matched,Ulaştırma ve Altyapı Bakanlığı/Ulaştırma ve Altyapı Bakanlığı/Kurum Yönetmeliği/57421_TEHLİKELİ MADDELERİN DEMİRYOLU İLE TAŞINMASI HAKKINDA YÖNETMELİK.pdf,available,False,2015-07-16T00:00:00,29418,https://kms.kaysis.gov.tr/Home/Goster/57421,,,needs_verification,false,,
57911,"ULAŞTIRMA, DENİZCİLİK VE HABERLEŞME BAKANLIĞI KAZA ARAŞTIRMA VE İNCELEME KURULU TARAFINDAN BİLİRKİŞİ GÖREVLENDİRİLMESİNE İLİŞKİN USUL VE ESASLAR HAKKINDA TEBLİĞ",Tebliğ,maritime,maritime,0.98,maritime: 'denizcilik' (+8) | maritime: 'denizci' (+7),out_of_scope,matched,"Ulaştırma ve Altyapı Bakanlığı/Ulaştırma ve Altyapı Bakanlığı/Tebliğ/57911_ULAŞTIRMA, DENİZCİLİK VE HABERLEŞME BAKANLIĞI KAZA ARAŞTIRMA VE İNCEL.pdf",available,False,2015-08-01T00:00:00,29432,https://kms.kaysis.gov.tr/Home/Goster/57911,,,needs_verification,false,,
58306,DENİZ TİCARET FİLOSUNUN GELİŞTİRİLMESİ VE GEMİ İNŞA TESİSLERİNİN TEŞVİKİ HAKKINDAKİ KANUNUN UYGULANMASI HAKKINDA YÖNETMELİK,Kurum Yönetmeliği,maritime,maritime,0.9,maritime: 'gemi' (+7),out_of_scope,matched,Ulaştırma ve Altyapı Bakanlığı/Ulaştırma ve Altyapı Bakanlığı/Kurum Yönetmeliği/58306_DENİZ TİCARET FİLOSUNUN GELİŞTİRİLMESİ VE GEMİ İNŞA TESİSLERİNİN TEŞV.pdf,available,False,2015-08-23T00:00:00,29454,https://kms.kaysis.gov.tr/Home/Goster/58306,,,needs_verification,false,,
58540,P.P. (ÜCRETİ ALINMIŞTIR) DAMGALI GÖNDERİLER YÖNETMELİĞİNİN YÜRÜRLÜKTEN KALDIRILMASINA DAİR YÖNETMELİK,Kurum Yönetmeliği,unknown,unknown,0.0,Başlıkta güvenilir bir alan göstergesi bulunamadı.,review_required,matched,Ulaştırma ve Altyapı Bakanlığı/Ulaştırma ve Altyapı Bakanlığı/Kurum Yönetmeliği/58540_P.P. (ÜCRETİ ALINMIŞTIR) DAMGALI GÖNDERİLER YÖNETMELİĞİNİN YÜRÜRLÜK.pdf,available,False,2015-09-05T00:00:00,29466,https://kms.kaysis.gov.tr/Home/Goster/58540,,,needs_verification,false,,
58541,POSTA PULU SATICILIKLARI YÖNETMELİĞİNİN YÜRÜRLÜKTEN KALDIRILMASINA DAİR YÖNETMELİK,Kurum Yönetmeliği,unknown,unknown,0.0,Başlıkta güvenilir bir alan göstergesi bulunamadı.,review_required,matched,Ulaştırma ve Altyapı Bakanlığı/Ulaştırma ve Altyapı Bakanlığı/Kurum Yönetmeliği/58541_POSTA PULU SATICILIKLARI YÖNETMELİĞİNİN YÜRÜRLÜKTEN KALDIRILMASINA DA.pdf,available,False,2015-09-05T00:00:00,29466,https://kms.kaysis.gov.tr/Home/Goster/58541,,,needs_verification,false,,
58542,PTT YURTİÇİ HAVALE VE POSTA ÇEKİ YÖNETMELİĞİNİN YÜRÜRLÜKTEN KALDIRILMASINA DAİR YÖNETMELİK,Kurum Yönetmeliği,unknown,unknown,0.0,Başlıkta güvenilir bir alan göstergesi bulunamadı.,review_required,matched,Ulaştırma ve Altyapı Bakanlığı/Ulaştırma ve Altyapı Bakanlığı/Kurum Yönetmeliği/58542_PTT YURTİÇİ HAVALE VE POSTA ÇEKİ YÖNETMELİĞİNİN YÜRÜRLÜKTEN KALDIRILM.pdf,available,False,2015-09-05T00:00:00,29466,https://kms.kaysis.gov.tr/Home/Goster/58542,,,needs_verification,false,,
58543,TELGRAF HİZMETLERİ YÖNETMELİĞİNİN YÜRÜRLÜKTEN KALDIRILMASINA DAİR YÖNETMELİK,Kurum Yönetmeliği,unknown,unknown,0.0,Başlıkta güvenilir bir alan göstergesi bulunamadı.,review_required,matched,Ulaştırma ve Altyapı Bakanlığı/Ulaştırma ve Altyapı Bakanlığı/Kurum Yönetmeliği/58543_TELGRAF HİZMETLERİ YÖNETMELİĞİNİN YÜRÜRLÜKTEN KALDIRILMASINA DAİR YÖN.pdf,available,False,2015-09-05T00:00:00,29466,https://kms.kaysis.gov.tr/Home/Goster/58543,,,needs_verification,false,,
60734,KARAYOLU YOLCU TAŞIMACILIĞINDA KULLANILAN TERMİNALLERE İLİŞKİN TAVAN ÜCRET TARİFELERİ HAKKINDA TEBLİĞ (TEBLİĞ NO: 70),Tebliğ,road_transport,passenger_transport,0.98,road_transport: 'yolcu taşımacılığı' (+8) | road_transport: 'terminal' (+5) | road_transport: 'tavan ücret' (+4),review_required,matched,Ulaştırma ve Altyapı Bakanlığı/Ulaştırma ve Altyapı Bakanlığı/Tebliğ/60734_KARAYOLU YOLCU TAŞIMACILIĞINDA KULLANILAN TERMİNALLERE İLİŞKİN TAVAN.pdf,ocr_required,True,2015-11-04T00:00:00,29522,https://kms.kaysis.gov.tr/Home/Goster/60734,,,needs_verification,false,,
61382,"GEMİ VE SU ARAÇLARININ İNŞA, TADİLAT VE BAKIM-ONARIM YÖNETMELİĞİ",Kurum Yönetmeliği,maritime,maritime,0.9,maritime: 'gemi' (+7),out_of_scope,matched,"Ulaştırma ve Altyapı Bakanlığı/Ulaştırma ve Altyapı Bakanlığı/Kurum Yönetmeliği/61382_GEMİ VE SU ARAÇLARININ İNŞA, TADİLAT VE BAKIM-ONARIM YÖNETMELİĞİ.pdf",available,False,2015-11-07T00:00:00,29525,https://kms.kaysis.gov.tr/Home/Goster/61382,,,needs_verification,false,,
63601,DEMİRYOLU ARAÇLARI TİP ONAY YÖNETMELİĞİ,Kurum Yönetmeliği,railway,railway,0.97,railway: 'demiryolu' (+10),out_of_scope,matched,Ulaştırma ve Altyapı Bakanlığı/Ulaştırma ve Altyapı Bakanlığı/Kurum Yönetmeliği/63601_DEMİRYOLU ARAÇLARI TİP ONAY YÖNETMELİĞİ.pdf,available,False,2015-11-18T00:00:00,29536,https://kms.kaysis.gov.tr/Home/Goster/63601,,,needs_verification,false,,
63836,DEMİRYOLU EMNİYET YÖNETMELİĞİ,Kurum Yönetmeliği,railway,railway,0.97,railway: 'demiryolu' (+10),out_of_scope,matched,Ulaştırma ve Altyapı Bakanlığı/Ulaştırma ve Altyapı Bakanlığı/Kurum Yönetmeliği/63836_DEMİRYOLU EMNİYET YÖNETMELİĞİ.pdf,available,False,2015-11-19T00:00:00,29537,https://kms.kaysis.gov.tr/Home/Goster/63836,,,needs_verification,false,,
69053,PTT KARGO VE KURYE GÖNDERİLERİ HAKKINDA YÖNETMELİĞİN YÜRÜRLÜKTEN KALDIRILMASINA DAİR YÖNETMELİK,Kurum Yönetmeliği,unknown,unknown,0.0,Başlıkta güvenilir bir alan göstergesi bulunamadı.,review_required,matched,Ulaştırma ve Altyapı Bakanlığı/Ulaştırma ve Altyapı Bakanlığı/Kurum Yönetmeliği/69053_PTT KARGO VE KURYE GÖNDERİLERİ HAKKINDA YÖNETMELİĞİN YÜRÜRLÜKTEN KALD.pdf,available,False,2015-12-31T00:00:00,29579,https://kms.kaysis.gov.tr/Home/Goster/69053,,,needs_verification,false,,
69860,DENİZYOLUYLA TAŞINAN TEHLİKELİ YÜKLERE İLİŞKİN ULUSLARARASI KOD KAPSAMINDA EĞİTİM VE YETKİLENDİRME YÖNETMELİĞİ,Kurum Yönetmeliği,maritime,maritime,0.95,maritime: 'denizyolu' (+9),out_of_scope,matched,Ulaştırma ve Altyapı Bakanlığı/Ulaştırma ve Altyapı Bakanlığı/Kurum Yönetmeliği/69860_DENİZYOLUYLA TAŞINAN TEHLİKELİ YÜKLERE İLİŞKİN ULUSLARARASI KOD KAPSA.pdf,available,False,2016-01-22T00:00:00,29601,https://kms.kaysis.gov.tr/Home/Goster/69860,,,needs_verification,false,,
69973,KARAYOLU YAPIMI AMAÇLI KAMULAŞTIRMALARDA HAZİNE TAŞINMAZLARININ TRAMPASI HAKKINDA YÖNETMELİK,Kurum Yönetmeliği,kgm_infrastructure,expropriation,0.98,kgm_infrastructure: 'karayolu yapımı' (+10) | kgm_infrastructure: 'kamulaştır' (+6),review_required,matched,Ulaştırma ve Altyapı Bakanlığı/Ulaştırma ve Altyapı Bakanlığı/Kurum Yönetmeliği/69973_KARAYOLU YAPIMI AMAÇLI KAMULAŞTIRMALARDA HAZİNE TAŞINMAZLARININ TRAMP.pdf,available,False,2016-01-30T00:00:00,29609,https://kms.kaysis.gov.tr/Home/Goster/69973,,,needs_verification,false,,
72103,DEVLET HAVA MEYDANLARI İŞLETMESİ GENEL MÜDÜRLÜĞÜNÜN PARASAL YETKİLERİ İLE 4734 SAYILI KAMU İHALE KANUNUNUN 3 ÜNCÜ MADDESİNİN (G) BENDİ KAPSAMINDA YAPACAĞI MAL VE HİZMET ALIMLARINDA UYGULANACAK USUL VE ESASLAR HAKKINDA İHALE YÖNETMELİĞİ,Kurum Yönetmeliği,unknown,unknown,0.0,Başlıkta güvenilir bir alan göstergesi bulunamadı.,review_required,matched,Ulaştırma ve Altyapı Bakanlığı/Ulaştırma ve Altyapı Bakanlığı/Kurum Yönetmeliği/72103_DEVLET HAVA MEYDANLARI İŞLETMESİ GENEL MÜDÜRLÜĞÜNÜN PARASAL YETKİLERİ.pdf,available,False,2016-02-13T00:00:00,29623,https://kms.kaysis.gov.tr/Home/Goster/72103,,,needs_verification,false,,
72517,EVRENSEL POSTA HİZMETLERİ YÖNETMELİĞİ,Kurum Yönetmeliği,communications,communications,0.9,communications: 'posta hizmet' (+7),out_of_scope,matched,Ulaştırma ve Altyapı Bakanlığı/Ulaştırma ve Altyapı Bakanlığı/Kurum Yönetmeliği/72517_EVRENSEL POSTA HİZMETLERİ YÖNETMELİĞİ.pdf,available,False,2016-02-29T00:00:00,29639,https://kms.kaysis.gov.tr/Home/Goster/72517,,,needs_verification,false,,
73607,TEHLİKELİ MADDE TAŞIYAN ARAÇ VE ÜST YAPILARIN TEKNİK MUAYENELERİ HAKKINDA YÖNETMELİK,Kurum Yönetmeliği,unknown,unknown,0.0,Başlıkta güvenilir bir alan göstergesi bulunamadı.,review_required,matched,Ulaştırma ve Altyapı Bakanlığı/Ulaştırma ve Altyapı Bakanlığı/Kurum Yönetmeliği/73607_TEHLİKELİ MADDE TAŞIYAN ARAÇ VE ÜST YAPILARIN TEKNİK MUAYENELERİ HAKK.pdf,available,False,2016-04-21T00:00:00,29691,https://kms.kaysis.gov.tr/Home/Goster/73607,,,needs_verification,false,,
74121,ULAŞTIRMA VE ALTYAPI BAKANLIĞI DÖNER SERMAYE İŞLETMESİ YÖNETMELİĞİ,Kurum Yönetmeliği,unknown,unknown,0.0,Başlıkta güvenilir bir alan göstergesi bulunamadı.,review_required,matched,Ulaştırma ve Altyapı Bakanlığı/Ulaştırma ve Altyapı Bakanlığı/Kurum Yönetmeliği/74121_ULAŞTIRMA VE ALTYAPI BAKANLIĞI DÖNER SERMAYE İŞLETMESİ YÖNETMELİĞİ.pdf,available,False,2016-05-21T00:00:00,29718,https://kms.kaysis.gov.tr/Home/Goster/74121,,,needs_verification,false,,
75657,E-DEVLET HİZMETLERİNİN YÜRÜTÜLMESİNE İLİŞKİN USUL VE ESASLAR HAKKINDA YÖNETMELİK,Kurum Yönetmeliği,unknown,unknown,0.0,Başlıkta güvenilir bir alan göstergesi bulunamadı.,review_required,matched,Ulaştırma ve Altyapı Bakanlığı/Ulaştırma ve Altyapı Bakanlığı/Kurum Yönetmeliği/75657_E-DEVLET HİZMETLERİNİN YÜRÜTÜLMESİNE İLİŞKİN USUL VE ESASLAR HAKKINDA.pdf,available,False,2016-09-03T00:00:00,29820,https://kms.kaysis.gov.tr/Home/Goster/75657,,,needs_verification,false,,
83651,TÜRKİYE VAGON SANAYİİ ANONİM ŞİRKETİ GENEL MÜDÜRLÜĞÜ AVANS VERME USUL VE ESASLARI HAKKINDA YÖNETMELİK,Kurum Yönetmeliği,railway,railway,0.9,railway: 'vagon' (+7),out_of_scope,matched,Ulaştırma ve Altyapı Bakanlığı/Ulaştırma ve Altyapı Bakanlığı/Kurum Yönetmeliği/83651_TÜRKİYE VAGON SANAYİİ ANONİM ŞİRKETİ GENEL MÜDÜRLÜĞÜ AVANS VERME USUL.pdf,available,False,2016-11-09T00:00:00,29883,https://kms.kaysis.gov.tr/Home/Goster/83651,,,needs_verification,false,,
95355,DEMİRYOLU EĞİTİM VE SINAV MERKEZİ YÖNETMELİĞİ,Kurum Yönetmeliği,railway,railway,0.97,railway: 'demiryolu' (+10),out_of_scope,matched,Ulaştırma ve Altyapı Bakanlığı/Ulaştırma ve Altyapı Bakanlığı/Kurum Yönetmeliği/95355_DEMİRYOLU EĞİTİM VE SINAV MERKEZİ YÖNETMELİĞİ.pdf,available,False,2016-12-31T00:00:00,29935,https://kms.kaysis.gov.tr/Home/Goster/95355,,,needs_verification,false,,
95356,DEMİRYOLU EMNİYET KRİTİK GÖREVLER YÖNETMELİĞİ,Kurum Yönetmeliği,railway,railway,0.97,railway: 'demiryolu' (+10),out_of_scope,matched,Ulaştırma ve Altyapı Bakanlığı/Ulaştırma ve Altyapı Bakanlığı/Kurum Yönetmeliği/95356_DEMİRYOLU EMNİYET KRİTİK GÖREVLER YÖNETMELİĞİ.pdf,available,False,2016-12-31T00:00:00,29935,https://kms.kaysis.gov.tr/Home/Goster/95356,,,needs_verification,false,,
95357,TREN MAKİNİST YÖNETMELİĞİ,Kurum Yönetmeliği,railway,railway,0.84,railway: 'tren' (+5),out_of_scope,matched,Ulaştırma ve Altyapı Bakanlığı/Ulaştırma ve Altyapı Bakanlığı/Kurum Yönetmeliği/95357_TREN MAKİNİST YÖNETMELİĞİ.pdf,available,False,2016-12-31T00:00:00,29935,https://kms.kaysis.gov.tr/Home/Goster/95357,,,needs_verification,false,,
95425,DENİZ VE İÇSULAR TARAMA YÖNETMELİĞİ,Kurum Yönetmeliği,maritime,maritime,0.98,maritime: 'deniz ve içsular' (+12),out_of_scope,matched,Ulaştırma ve Altyapı Bakanlığı/Ulaştırma ve Altyapı Bakanlığı/Kurum Yönetmeliği/95425_DENİZ VE İÇSULAR TARAMA YÖNETMELİĞİ.pdf,available,False,2016-08-09T00:00:00,29796,https://kms.kaysis.gov.tr/Home/Goster/95425,,,needs_verification,false,,
95660,GEMİLER İÇİN YETKİLENDİRİLMİŞ KURULUŞLAR YÖNETMELİĞİ,Kurum Yönetmeliği,maritime,maritime,0.9,maritime: 'gemi' (+7),out_of_scope,matched,Ulaştırma ve Altyapı Bakanlığı/Ulaştırma ve Altyapı Bakanlığı/Kurum Yönetmeliği/95660_GEMİLER İÇİN YETKİLENDİRİLMİŞ KURULUŞLAR YÖNETMELİĞİ.pdf,available,False,2017-01-18T00:00:00,29952,https://kms.kaysis.gov.tr/Home/Goster/95660,,,needs_verification,false,,
96450,ÜCRETLİ KARAYOLLARINDA YABANCI PLAKALI ARAÇLARA AİT GEÇİŞ ÜCRETLERİ VE İDARİ PARA CEZALARININ TAHSİLİNE İLİŞKİN YÖNETMELİK,Kurum Yönetmeliği,kgm_infrastructure,tolling,0.84,kgm_infrastructure: 'geçiş ücret' (+5),review_required,matched,Ulaştırma ve Altyapı Bakanlığı/Ulaştırma ve Altyapı Bakanlığı/Kurum Yönetmeliği/96450_ÜCRETLİ KARAYOLLARINDA YABANCI PLAKALI ARAÇLARA AİT GEÇİŞ ÜCRETLERİ V.pdf,available,False,2017-02-17T00:00:00,29982,https://kms.kaysis.gov.tr/Home/Goster/96450,,,needs_verification,false,,
104739,KIŞ LASTİĞİ KULLANMA ZORUNLULUĞU İLE İLGİLİ USUL VE ESASLAR HAKKINDA TEBLİĞ,Tebliğ,road_transport,general,0.9,road_transport: 'kış lastiği' (+7),review_required,matched,Ulaştırma ve Altyapı Bakanlığı/Ulaştırma ve Altyapı Bakanlığı/Tebliğ/104739_KIŞ LASTİĞİ KULLANMA ZORUNLULUĞU İLE İLGİLİ USUL VE ESASLAR HAKKINDA.pdf,available,False,2017-04-01T00:00:00,30025,https://kms.kaysis.gov.tr/Home/Goster/104739,,,needs_verification,false,,
105338,GEZİ TEKNELERİ VE KİŞİSEL DENİZ TAŞITLARI YÖNETMELİĞİ,Kurum Yönetmeliği,maritime,maritime,0.87,maritime: 'tekne' (+6),out_of_scope,matched,Ulaştırma ve Altyapı Bakanlığı/Ulaştırma ve Altyapı Bakanlığı/Kurum Yönetmeliği/105338_GEZİ TEKNELERİ VE KİŞİSEL DENİZ TAŞITLARI YÖNETMELİĞİ.pdf,available,False,2017-05-05T00:00:00,30057,https://kms.kaysis.gov.tr/Home/Goster/105338,,,needs_verification,false,,
105737,DEMİRYOLU KOORDİNASYON KURULU YÖNETMELİĞİ,Kurum Yönetmeliği,railway,railway,0.97,railway: 'demiryolu' (+10),out_of_scope,matched,Ulaştırma ve Altyapı Bakanlığı/Ulaştırma ve Altyapı Bakanlığı/Kurum Yönetmeliği/105737_DEMİRYOLU KOORDİNASYON KURULU YÖNETMELİĞİ.pdf,available,False,2017-06-02T00:00:00,30084,https://kms.kaysis.gov.tr/Home/Goster/105737,,,needs_verification,false,,
106257,MUAYENE MERKEZLERİ GENELGESİ,Kurum Genelgesi,road_transport,vehicle_inspection,0.9,road_transport: 'muayene merkez' (+7),review_required,matched,Ulaştırma ve Altyapı Bakanlığı/Ulaştırma ve Altyapı Bakanlığı/Kurum Genelgesi/106257_MUAYENE MERKEZLERİ GENELGESİ.pdf,available,False,0001-01-01T00:00:00,,https://kms.kaysis.gov.tr/Home/Goster/106257,,,needs_verification,false,,
106258,RADYOAKTİF MADDE İÇEREN PAKETLERİN HAVAALANLARINDA GEÇİCİ DEPOLANMASINA DAİR YÖNERGE,Yönerge,aviation,aviation,0.9,aviation: 'havaalan' (+7),out_of_scope,matched,Ulaştırma ve Altyapı Bakanlığı/Ulaştırma ve Altyapı Bakanlığı/Yönerge/106258_RADYOAKTİF MADDE İÇEREN PAKETLERİN HAVAALANLARINDA GEÇİCİ DEPOLANMAS.pdf,available,False,0001-01-01T00:00:00,,https://kms.kaysis.gov.tr/Home/Goster/106258,,,needs_verification,false,,
106259,TEHLİKELİ MADDELERİN HAVAYOLUYLA TAŞINMASI HAKKINDA EĞİTİM YÖNERGESİ,Yönerge,aviation,aviation,0.95,aviation: 'havayolu' (+9),out_of_scope,matched,Ulaştırma ve Altyapı Bakanlığı/Ulaştırma ve Altyapı Bakanlığı/Yönerge/106259_TEHLİKELİ MADDELERİN HAVAYOLUYLA TAŞINMASI HAKKINDA EĞİTİM YÖNERGESİ.pdf,available,False,0001-01-01T00:00:00,,https://kms.kaysis.gov.tr/Home/Goster/106259,,,needs_verification,false,,
106261,TEHLİKELİ MADDE TAŞIMACILIĞI DENETİMLERİ GENELGESİ,Kurum Genelgesi,unknown,unknown,0.0,Başlıkta güvenilir bir alan göstergesi bulunamadı.,review_required,matched,Ulaştırma ve Altyapı Bakanlığı/Ulaştırma ve Altyapı Bakanlığı/Kurum Genelgesi/106261_TEHLİKELİ MADDE TAŞIMACILIĞI DENETİMLERİ GENELGESİ.pdf,available,False,0001-01-01T00:00:00,,https://kms.kaysis.gov.tr/Home/Goster/106261,,,needs_verification,false,,
106265,YOL KENARI DENETİMİ GENELGESİ,Kurum Genelgesi,road_transport,general,0.95,road_transport: 'yol kenarı denetim' (+9),review_required,matched,Ulaştırma ve Altyapı Bakanlığı/Ulaştırma ve Altyapı Bakanlığı/Kurum Genelgesi/106265_YOL KENARI DENETİMİ GENELGESİ.pdf,available,False,0001-01-01T00:00:00,,https://kms.kaysis.gov.tr/Home/Goster/106265,,,needs_verification,false,,
106266,TEHLİKELİ MADDELERİN DEMİRYOLUYLA TAŞINMASI HAKKINDA EĞİTİM YÖNERGESİ,Yönerge,railway,railway,0.97,railway: 'demiryolu' (+10),out_of_scope,matched,Ulaştırma ve Altyapı Bakanlığı/Ulaştırma ve Altyapı Bakanlığı/Yönerge/106266_TEHLİKELİ MADDELERİN DEMİRYOLUYLA TAŞINMASI HAKKINDA EĞİTİM YÖNERGES.pdf,available,False,0001-01-01T00:00:00,,https://kms.kaysis.gov.tr/Home/Goster/106266,,,needs_verification,false,,
106267,"TEHLİKELİ MAL KOMBİNE TAŞIMACILIK DÜZENLEME GENEL MÜDÜRLÜĞÜ TEŞKİLAT, GÖREV, YETKİ VE SORUMLULUK YÖNERGESİ",Yönerge,unknown,unknown,0.0,Başlıkta güvenilir bir alan göstergesi bulunamadı.,review_required,matched,Ulaştırma ve Altyapı Bakanlığı/Ulaştırma ve Altyapı Bakanlığı/Yönerge/106267_TEHLİKELİ MAL KOMBİNE TAŞIMACILIK DÜZENLEME GENEL MÜDÜRLÜĞÜ TEŞKİLAT.pdf,available,False,0001-01-01T00:00:00,,https://kms.kaysis.gov.tr/Home/Goster/106267,,,needs_verification,false,,
106269,DENİZYOLUYLA TAŞINACAK DOLU KONTEYNERLERİN BRÜT AĞIRLIKLARININ TESPİTİ VE BİLDİRİMİ HAKKINDA YÖNERGE,Yönerge,maritime,maritime,0.98,maritime: 'denizyolu' (+9) | maritime: 'konteyner' (+9),out_of_scope,matched,Ulaştırma ve Altyapı Bakanlığı/Ulaştırma ve Altyapı Bakanlığı/Yönerge/106269_DENİZYOLUYLA TAŞINACAK DOLU KONTEYNERLERİN BRÜT AĞIRLIKLARININ TESPİ.pdf,available,False,0001-01-01T00:00:00,,https://kms.kaysis.gov.tr/Home/Goster/106269,,,needs_verification,false,,
106270,DOLU KONTEYNERLERİN BRÜT AĞIRLIK DOĞRULAMA HİZMETİ İÇİN TAVAN ÜCRETİN BELİRLENMESİ HAKKINDA GENELGE,Kurum Genelgesi,maritime,maritime,0.86,maritime: 'konteyner' (+9),out_of_scope,matched,Ulaştırma ve Altyapı Bakanlığı/Ulaştırma ve Altyapı Bakanlığı/Kurum Genelgesi/106270_DOLU KONTEYNERLERİN BRÜT AĞIRLIK DOĞRULAMA HİZMETİ İÇİN TAVAN ÜCRETİ.pdf,available,False,0001-01-01T00:00:00,,https://kms.kaysis.gov.tr/Home/Goster/106270,,,needs_verification,false,,
106276,TEHLİKELİ YÜKLERLE İLGİLİ GÖZETİM HİZMETİ FAALİYETİNDE BULUNACAK GÖZETİM ŞİRKETLERİNİN YETKİLENDİRİLMESİ HAKKINDA YÖNERGE,Yönerge,unknown,unknown,0.0,Başlıkta güvenilir bir alan göstergesi bulunamadı.,review_required,matched,Ulaştırma ve Altyapı Bakanlığı/Ulaştırma ve Altyapı Bakanlığı/Yönerge/106276_TEHLİKELİ YÜKLERLE İLGİLİ GÖZETİM HİZMETİ FAALİYETİNDE BULUNACAK GÖZ.pdf,ocr_required,True,0001-01-01T00:00:00,,https://kms.kaysis.gov.tr/Home/Goster/106276,,,needs_verification,false,,
106286,TEHLİKELİ MADDE FAALİYET BELGESİ (TMFB) ALINMASI HAKKINDA GENELGE,Kurum Genelgesi,unknown,unknown,0.0,Başlıkta güvenilir bir alan göstergesi bulunamadı.,review_required,matched,Ulaştırma ve Altyapı Bakanlığı/Ulaştırma ve Altyapı Bakanlığı/Kurum Genelgesi/106286_TEHLİKELİ MADDE FAALİYET BELGESİ (TMFB) ALINMASI HAKKINDA GENELGE.pdf,available,False,0001-01-01T00:00:00,,https://kms.kaysis.gov.tr/Home/Goster/106286,,,needs_verification,false,,
106287,TEHLİKELİ MADDE TAŞIYAN ESKİ ARAÇ VE ÜST YAPILARIN MUAYENE VE BELGELENDİRİLMELERİ HAKKINDA YÖNERGE,Yönerge,unknown,unknown,0.0,Başlıkta güvenilir bir alan göstergesi bulunamadı.,review_required,matched,Ulaştırma ve Altyapı Bakanlığı/Ulaştırma ve Altyapı Bakanlığı/Yönerge/106287_TEHLİKELİ MADDE TAŞIYAN ESKİ ARAÇ VE ÜST YAPILARIN MUAYENE VE BELGEL.pdf,available,False,0001-01-01T00:00:00,,https://kms.kaysis.gov.tr/Home/Goster/106287,,,needs_verification,false,,
106288,TEHLİKELİ MADDE GÜVENLİK DANIŞMANI (TMGD) İSTİHDAM EDİLMESİ HAKKINDA GENELGE,Kurum Genelgesi,unknown,unknown,0.0,Başlıkta güvenilir bir alan göstergesi bulunamadı.,review_required,matched,Ulaştırma ve Altyapı Bakanlığı/Ulaştırma ve Altyapı Bakanlığı/Kurum Genelgesi/106288_TEHLİKELİ MADDE GÜVENLİK DANIŞMANI (TMGD) İSTİHDAM EDİLMESİ HAKKINDA.pdf,available,False,0001-01-01T00:00:00,,https://kms.kaysis.gov.tr/Home/Goster/106288,,,needs_verification,false,,
106290,KIYI TESİSİ TEHLİKELİ MADDE UYGUNLUK BELGESİ DÜZENLENMESİ HAKKINDA YÖNERGE,Yönerge,maritime,maritime,0.9,maritime: 'kıyı tesis' (+7),out_of_scope,matched,Ulaştırma ve Altyapı Bakanlığı/Ulaştırma ve Altyapı Bakanlığı/Yönerge/106290_KIYI TESİSİ TEHLİKELİ MADDE UYGUNLUK BELGESİ DÜZENLENMESİ HAKKINDA Y.pdf,ocr_required,True,0001-01-01T00:00:00,,https://kms.kaysis.gov.tr/Home/Goster/106290,,,needs_verification,false,,
106300,DEMİRYOLU TAŞIMALARINDA TEHLİKELİ MADDE FAALİYET BELGESİ DÜZENLENMESİNE İLİŞKİN USUL VE ESASLAR HAKKINDA YÖNERGE,Yönerge,railway,railway,0.97,railway: 'demiryolu' (+10),out_of_scope,matched,Ulaştırma ve Altyapı Bakanlığı/Ulaştırma ve Altyapı Bakanlığı/Yönerge/106300_DEMİRYOLU TAŞIMALARINDA TEHLİKELİ MADDE FAALİYET BELGESİ DÜZENLENMES.pdf,available,False,0001-01-01T00:00:00,,https://kms.kaysis.gov.tr/Home/Goster/106300,,,needs_verification,false,,
106376,TCDD TAŞIMACILIK ANONİM ŞİRKETİ GENEL MÜDÜRLÜĞÜNÜN 4734 SAYILI KAMU İHALE KANUNUNUN 3/G MADDESİ UYARINCA YAPACAĞI MAL VE HİZMET ALIMLARINDA UYGULANACAK ESAS VE USULLER HAKKINDA YÖNETMELİK,Kurum Yönetmeliği,unknown,unknown,0.0,Başlıkta güvenilir bir alan göstergesi bulunamadı.,review_required,matched,Ulaştırma ve Altyapı Bakanlığı/Ulaştırma ve Altyapı Bakanlığı/Kurum Yönetmeliği/106376_TCDD TAŞIMACILIK ANONİM ŞİRKETİ GENEL MÜDÜRLÜĞÜNÜN 4734 SAYILI KAMU.pdf,available,False,2017-06-21T00:00:00,30103,https://kms.kaysis.gov.tr/Home/Goster/106376,,,needs_verification,false,,
106388,KAMUNET AĞINA BAĞLANMA VE KAMUNET AĞININ DENETİMİNE İLİŞKİN USUL VE ESASLAR HAKKINDA TEBLİĞ,Tebliğ,communications,communications,0.9,communications: 'kamunet' (+7),out_of_scope,matched,Ulaştırma ve Altyapı Bakanlığı/Ulaştırma ve Altyapı Bakanlığı/Tebliğ/106388_KAMUNET AĞINA BAĞLANMA VE KAMUNET AĞININ DENETİMİNE İLİŞKİN USUL VE.pdf,available,False,2017-06-21T00:00:00,30103,https://kms.kaysis.gov.tr/Home/Goster/106388,,,needs_verification,false,,
128431,GEZİ TEKNELERİ VE KİŞİSEL DENİZ TAŞITLARI YÖNETMELİĞİNCE ATIFTA BULUNULAN UYUMLAŞTIRILMIŞ STANDARTLAR VEYA UYUMLAŞTIRILMIŞ STANDARDA KARŞILIK GELEN ULUSAL STANDARTLAR LİSTESİNİN YAYIMLANMASINA İLİŞKİN TEBLİĞ,Tebliğ,maritime,maritime,0.87,maritime: 'tekne' (+6),out_of_scope,matched,Ulaştırma ve Altyapı Bakanlığı/Ulaştırma ve Altyapı Bakanlığı/Tebliğ/128431_GEZİ TEKNELERİ VE KİŞİSEL DENİZ TAŞITLARI YÖNETMELİĞİNCE ATIFTA BULU.pdf,available,False,2017-07-18T00:00:00,30127,https://kms.kaysis.gov.tr/Home/Goster/128431,,,needs_verification,false,,
128759,SİVİL HAVA ARAÇLARI ÜÇÜNCÜ ŞAHIS MALİ SORUMLULUK SİGORTASI HAKKINDA YÖNETMELİK,Kurum Yönetmeliği,aviation,aviation,0.92,aviation: 'sivil hava' (+8),out_of_scope,matched,Ulaştırma ve Altyapı Bakanlığı/Ulaştırma ve Altyapı Bakanlığı/Kurum Yönetmeliği/128759_SİVİL HAVA ARAÇLARI ÜÇÜNCÜ ŞAHIS MALİ SORUMLULUK SİGORTASI HAKKINDA.pdf,available,False,2017-07-27T00:00:00,30136,https://kms.kaysis.gov.tr/Home/Goster/128759,,,needs_verification,false,,
128760,ULAŞTIRMA VE ALTYAPI BAKANLIĞI PERSONELİ GÖREVDE YÜKSELME VE UNVAN DEĞİŞİKLİĞİ YÖNETMELİĞİ,Kurum Yönetmeliği,internal_administration,internal_administration,0.9,internal_administration: 'personel' (+7),out_of_scope,matched,Ulaştırma ve Altyapı Bakanlığı/Ulaştırma ve Altyapı Bakanlığı/Kurum Yönetmeliği/128760_ULAŞTIRMA VE ALTYAPI BAKANLIĞI PERSONELİ GÖREVDE YÜKSELME VE UNVAN D.pdf,available,False,2017-07-27T00:00:00,30136,https://kms.kaysis.gov.tr/Home/Goster/128760,,,needs_verification,false,,
128919,GEÇİŞ BELGELERİ DAĞITIM ESASLARI YÖNERGESİ (OCAK 2018/REVİZE),Yönerge,road_transport,international_permissions,0.87,road_transport: 'geçiş belgeleri' (+6),review_required,matched,Ulaştırma ve Altyapı Bakanlığı/Ulaştırma ve Altyapı Bakanlığı/Yönerge/128919_GEÇİŞ BELGELERİ DAĞITIM ESASLARI YÖNERGESİ (OCAK 2018REVİZE).pdf,available,False,0001-01-01T00:00:00,,https://kms.kaysis.gov.tr/Home/Goster/128919,,,needs_verification,false,,
128922,SU MOTOSİKLETİ İMALAT YETKİ BELGESİ KRİTERLERİ TALİMATI,Talimat / Talimatname / İç Emir,maritime,maritime,0.98,maritime: 'su motosikleti' (+14),out_of_scope,matched,Ulaştırma ve Altyapı Bakanlığı/Ulaştırma ve Altyapı Bakanlığı/Talimat Talimatname İç Emir/128922_SU MOTOSİKLETİ İMALAT YETKİ BELGESİ KRİTERLERİ TALİMATI.pdf,ocr_required,True,0001-01-01T00:00:00,,https://kms.kaysis.gov.tr/Home/Goster/128922,,,needs_verification,false,,
129104,BAYRAK DEVLETİ UYGULAMALARI KAPSAMINDAKİ İDARİ İŞLEMLERDE MUTEBER KABUL EDİLEN P&I KULÜPLERİ VE SİGORTA ŞİRKETLERİNE DAİR YÖNERGE,Yönerge,maritime,maritime,0.9,maritime: 'bayrak devleti' (+7),out_of_scope,matched,Ulaştırma ve Altyapı Bakanlığı/Ulaştırma ve Altyapı Bakanlığı/Yönerge/129104_BAYRAK DEVLETİ UYGULAMALARI KAPSAMINDAKİ İDARİ İŞLEMLERDE MUTEBER KA.pdf,available,False,0001-01-01T00:00:00,,https://kms.kaysis.gov.tr/Home/Goster/129104,,,needs_verification,false,,
131214,TCDD PERSONEL YÖNETMELİĞİNİN YÜRÜRLÜKTEN KALDIRILMASINA DAİR YÖNETMELİK,Kurum Yönetmeliği,internal_administration,internal_administration,0.9,internal_administration: 'personel' (+7),out_of_scope,matched,Ulaştırma ve Altyapı Bakanlığı/Ulaştırma ve Altyapı Bakanlığı/Kurum Yönetmeliği/131214_TCDD PERSONEL YÖNETMELİĞİNİN YÜRÜRLÜKTEN KALDIRILMASINA DAİR YÖNETME.pdf,available,False,2017-08-12T00:00:00,30152,https://kms.kaysis.gov.tr/Home/Goster/131214,,,needs_verification,false,,
131385,İÇ GENELGE (2012/KDGM-01),Kurum Genelgesi,unknown,unknown,0.0,Başlıkta güvenilir bir alan göstergesi bulunamadı.,review_required,matched,Ulaştırma ve Altyapı Bakanlığı/Ulaştırma ve Altyapı Bakanlığı/Kurum Genelgesi/131385_İÇ GENELGE (2012KDGM-01).pdf,available,False,0001-01-01T00:00:00,,https://kms.kaysis.gov.tr/Home/Goster/131385,,,needs_verification,false,,
131386,İÇ GENELGE (2007/KUGM-01),Kurum Genelgesi,unknown,unknown,0.0,Başlıkta güvenilir bir alan göstergesi bulunamadı.,review_required,matched,Ulaştırma ve Altyapı Bakanlığı/Ulaştırma ve Altyapı Bakanlığı/Kurum Genelgesi/131386_İÇ GENELGE (2007KUGM-01).pdf,available,False,0001-01-01T00:00:00,,https://kms.kaysis.gov.tr/Home/Goster/131386,,,needs_verification,false,,
131387,GENELGE (2011/KUGM-13/GENEL),Kurum Genelgesi,unknown,unknown,0.0,Başlıkta güvenilir bir alan göstergesi bulunamadı.,review_required,matched,Ulaştırma ve Altyapı Bakanlığı/Ulaştırma ve Altyapı Bakanlığı/Kurum Genelgesi/131387_GENELGE (2011KUGM-13GENEL).pdf,available,False,0001-01-01T00:00:00,,https://kms.kaysis.gov.tr/Home/Goster/131387,,,needs_verification,false,,
131388,GENELGE (2009/KUGM-22/GENEL),Kurum Genelgesi,unknown,unknown,0.0,Başlıkta güvenilir bir alan göstergesi bulunamadı.,review_required,matched,Ulaştırma ve Altyapı Bakanlığı/Ulaştırma ve Altyapı Bakanlığı/Kurum Genelgesi/131388_GENELGE (2009KUGM-22GENEL).pdf,available,False,0001-01-01T00:00:00,,https://kms.kaysis.gov.tr/Home/Goster/131388,,,needs_verification,false,,
132247,TEHLİKELİ MADDE GÜVENLİK DANIŞMANLIĞI KURULUŞLARININ YETKİLENDİRİLMESİ HAKKINDA YÖNERGE,Yönerge,unknown,unknown,0.0,Başlıkta güvenilir bir alan göstergesi bulunamadı.,review_required,matched,Ulaştırma ve Altyapı Bakanlığı/Ulaştırma ve Altyapı Bakanlığı/Yönerge/132247_TEHLİKELİ MADDE GÜVENLİK DANIŞMANLIĞI KURULUŞLARININ YETKİLENDİRİLME.pdf,available,False,0001-01-01T00:00:00,,https://kms.kaysis.gov.tr/Home/Goster/132247,,,needs_verification,false,,
132312,GEMİLERİN GEMİ ADAMLARI İLE DONATILMASINA İLİŞKİN YÖNERGEDE DEĞİŞİKLİK YAPILMASINA DAİR YÖNERGE,Yönerge,maritime,maritime,0.9,maritime: 'gemi' (+7),out_of_scope,matched,Ulaştırma ve Altyapı Bakanlığı/Ulaştırma ve Altyapı Bakanlığı/Yönerge/132312_GEMİLERİN GEMİ ADAMLARI İLE DONATILMASINA İLİŞKİN YÖNERGEDE DEĞİŞİKL.pdf,available,False,0001-01-01T00:00:00,,https://kms.kaysis.gov.tr/Home/Goster/132312,,,needs_verification,false,,
132313,GEMİLERİN TESCİL VE TERKİNİ HAKKINDA TALİMAT,Talimat / Talimatname / İç Emir,maritime,maritime,0.9,maritime: 'gemi' (+7),out_of_scope,matched,Ulaştırma ve Altyapı Bakanlığı/Ulaştırma ve Altyapı Bakanlığı/Talimat Talimatname İç Emir/132313_GEMİLERİN TESCİL VE TERKİNİ HAKKINDA TALİMAT.pdf,ocr_required,True,0001-01-01T00:00:00,,https://kms.kaysis.gov.tr/Home/Goster/132313,,,needs_verification,false,,
132321,TÜRK BOĞAZLARI DENİZ TRAFİK DÜZENİ TÜZÜĞÜ UYGULAMA TALİMATI,Talimat / Talimatname / İç Emir,unknown,unknown,0.0,Başlıkta güvenilir bir alan göstergesi bulunamadı.,review_required,matched,Ulaştırma ve Altyapı Bakanlığı/Ulaştırma ve Altyapı Bakanlığı/Talimat Talimatname İç Emir/132321_TÜRK BOĞAZLARI DENİZ TRAFİK DÜZENİ TÜZÜĞÜ UYGULAMA TALİMATI.pdf,available,False,0001-01-01T00:00:00,,https://kms.kaysis.gov.tr/Home/Goster/132321,,,needs_verification,false,,
132323,MUAYENE VE TEST SERTİFİKASI DÜZENLEME YETKİSİNE İLİŞKİN UYGULAMA REHBERİNİN UYGULANMASI TALİMATI,Talimat / Talimatname / İç Emir,unknown,unknown,0.0,Başlıkta güvenilir bir alan göstergesi bulunamadı.,review_required,matched,Ulaştırma ve Altyapı Bakanlığı/Ulaştırma ve Altyapı Bakanlığı/Talimat Talimatname İç Emir/132323_MUAYENE VE TEST SERTİFİKASI DÜZENLEME YETKİSİNE İLİŞKİN UYGULAMA REH.pdf,available,False,0001-01-01T00:00:00,,https://kms.kaysis.gov.tr/Home/Goster/132323,,,needs_verification,false,,
133407,"İZMİT, İZMİR, MERSİN GEMİ TRAFİK HİZMETLERİ UYGULAMA TALİMATI",Talimat / Talimatname / İç Emir,maritime,maritime,0.9,maritime: 'gemi' (+7),out_of_scope,matched,"Ulaştırma ve Altyapı Bakanlığı/Ulaştırma ve Altyapı Bakanlığı/Talimat Talimatname İç Emir/133407_İZMİT, İZMİR, MERSİN GEMİ TRAFİK HİZMETLERİ UYGULAMA TALİMATI.pdf",available,False,0001-01-01T00:00:00,,https://kms.kaysis.gov.tr/Home/Goster/133407,,,needs_verification,false,,
136214,OKUL SERVİS ARAÇLARI YÖNETMELİĞİ,Kurum Yönetmeliği,unknown,unknown,0.0,Başlıkta güvenilir bir alan göstergesi bulunamadı.,review_required,matched,Ulaştırma ve Altyapı Bakanlığı/Ulaştırma ve Altyapı Bakanlığı/Kurum Yönetmeliği/136214_OKUL SERVİS ARAÇLARI YÖNETMELİĞİ.pdf,available,False,2017-10-25T00:00:00,30221,https://kms.kaysis.gov.tr/Home/Goster/136214,,,needs_verification,false,,
137901,GEZİ TEKNELERİ VE KİŞİSEL DENİZ TAŞITLARI YÖNETMELİĞİ KAPSAMINDA FAALİYET GÖSTERECEK ONAYLANMIŞ KURULUŞLARIN GÖREVLENDİRİLMELERİNDE VE DENETİMİNDE ESAS ALINACAK TEMEL KRİTERLERE DAİR TEBLİĞ,Tebliğ,maritime,maritime,0.87,maritime: 'tekne' (+6),out_of_scope,matched,Ulaştırma ve Altyapı Bakanlığı/Ulaştırma ve Altyapı Bakanlığı/Tebliğ/137901_GEZİ TEKNELERİ VE KİŞİSEL DENİZ TAŞITLARI YÖNETMELİĞİ KAPSAMINDA FAA.pdf,available,False,2017-12-09T00:00:00,30265,https://kms.kaysis.gov.tr/Home/Goster/137901,,,needs_verification,false,,
139376,KARAYOLU TAŞIMA YÖNETMELİĞİ,Kurum Yönetmeliği,road_transport,general,0.97,road_transport: 'karayolu taşıma' (+10),review_required,matched,Ulaştırma ve Altyapı Bakanlığı/Ulaştırma ve Altyapı Bakanlığı/Kurum Yönetmeliği/139376_KARAYOLU TAŞIMA YÖNETMELİĞİ.pdf,available,False,2018-01-08T00:00:00,30295,https://kms.kaysis.gov.tr/Home/Goster/139376,,,needs_verification,false,,
139706,ELEKTRONİK HABERLEŞME İSTASYONLARINA YER SEÇİM BELGESİNİN VERİLMESİ VE ÜCRETLERİNİN BELİRLENMESİNE İLİŞKİN YÖNETMELİK,Kurum Yönetmeliği,communications,communications,0.92,communications: 'haberleşme' (+8),out_of_scope,matched,Ulaştırma ve Altyapı Bakanlığı/Ulaştırma ve Altyapı Bakanlığı/Kurum Yönetmeliği/139706_ELEKTRONİK HABERLEŞME İSTASYONLARINA YER SEÇİM BELGESİNİN VERİLMESİ.pdf,available,False,2018-01-27T00:00:00,30314,https://kms.kaysis.gov.tr/Home/Goster/139706,,,needs_verification,false,,
139993,GEMİ ACENTELERİ EĞİTİM YÖNERGESİ,Yönerge,maritime,maritime,0.9,maritime: 'gemi' (+7),out_of_scope,matched,Ulaştırma ve Altyapı Bakanlığı/Ulaştırma ve Altyapı Bakanlığı/Yönerge/139993_GEMİ ACENTELERİ EĞİTİM YÖNERGESİ.pdf,available,False,0001-01-01T00:00:00,,https://kms.kaysis.gov.tr/Home/Goster/139993,,,needs_verification,false,,
140860,TEHLİKELİ MADDELERİN HAVAYOLUYLA TAŞINMASI HAKKINDA YÖNETMELİK,Kurum Yönetmeliği,aviation,aviation,0.95,aviation: 'havayolu' (+9),out_of_scope,matched,Ulaştırma ve Altyapı Bakanlığı/Ulaştırma ve Altyapı Bakanlığı/Kurum Yönetmeliği/140860_TEHLİKELİ MADDELERİN HAVAYOLUYLA TAŞINMASI HAKKINDA YÖNETMELİK.pdf,available,False,2018-04-13T00:00:00,30390,https://kms.kaysis.gov.tr/Home/Goster/140860,,,needs_verification,false,,
141328,ÇIPLAK GEMİ KİRA SÖZLEŞMESİ (BAREBOAT CHARTER CONTRACT) KAPSAMINDA GEÇİCİ OLARAK TÜRK BAYRAĞINDAN ÇIKAN VEYA TÜRK BAYRAĞI ÇEKEN GEMİLERE İLİŞKİN UYGULAMA TALİMATI,Talimat / Talimatname / İç Emir,maritime,maritime,0.9,maritime: 'gemi' (+7),out_of_scope,matched,Ulaştırma ve Altyapı Bakanlığı/Ulaştırma ve Altyapı Bakanlığı/Talimat Talimatname İç Emir/141328_ÇIPLAK GEMİ KİRA SÖZLEŞMESİ (BAREBOAT CHARTER CONTRACT) KAPSAMINDA G.pdf,available,False,0001-01-01T00:00:00,,https://kms.kaysis.gov.tr/Home/Goster/141328,,,needs_verification,false,,
141398,DENİZ TİCARETİ GÖZETİM HİZMETLERİ YÖNETMELİĞİ UYGULAMA YÖNERGESİ,Yönerge,maritime,maritime,0.92,maritime: 'deniz ticareti' (+8),out_of_scope,matched,Ulaştırma ve Altyapı Bakanlığı/Ulaştırma ve Altyapı Bakanlığı/Yönerge/141398_DENİZ TİCARETİ GÖZETİM HİZMETLERİ YÖNETMELİĞİ UYGULAMA YÖNERGESİ.pdf,available,False,0001-01-01T00:00:00,,https://kms.kaysis.gov.tr/Home/Goster/141398,,,needs_verification,false,,
143834,GEMİADAMLARI VE KLAVUZ KAPTANLAR EĞİTİM VE SINAV YÖNERGESİ,Yönerge,maritime,maritime,0.98,maritime: 'gemi' (+7) | maritime: 'gemiadam' (+7),out_of_scope,matched,Ulaştırma ve Altyapı Bakanlığı/Ulaştırma ve Altyapı Bakanlığı/Yönerge/143834_GEMİADAMLARI VE KLAVUZ KAPTANLAR EĞİTİM VE SINAV YÖNERGESİ.pdf,available,False,0001-01-01T00:00:00,,https://kms.kaysis.gov.tr/Home/Goster/143834,,,needs_verification,false,,
147135,OTOMATİK FREKANS TARAMA ÖZELLİKLİ TELSİZ CİHAZLARI YÖNETMELİĞİNİN YÜRÜRLÜKTEN KALDIRILMASINA DAİR YÖNETMELİK,Kurum Yönetmeliği,communications,communications,0.9,communications: 'telsiz' (+7),out_of_scope,matched,Ulaştırma ve Altyapı Bakanlığı/Ulaştırma ve Altyapı Bakanlığı/Kurum Yönetmeliği/147135_OTOMATİK FREKANS TARAMA ÖZELLİKLİ TELSİZ CİHAZLARI YÖNETMELİĞİNİN YÜ.pdf,available,False,2018-11-27T00:00:00,30608,https://kms.kaysis.gov.tr/Home/Goster/147135,,,needs_verification,false,,
150502,DEMİRYOLU İLE SEYAHAT EDEN YOLCULARIN HAKLARINA DAİR YÖNETMELİK,Kurum Yönetmeliği,railway,railway,0.97,railway: 'demiryolu' (+10),out_of_scope,matched,Ulaştırma ve Altyapı Bakanlığı/Ulaştırma ve Altyapı Bakanlığı/Kurum Yönetmeliği/150502_DEMİRYOLU İLE SEYAHAT EDEN YOLCULARIN HAKLARINA DAİR YÖNETMELİK.pdf,available,False,2019-03-08T00:00:00,30708,https://kms.kaysis.gov.tr/Home/Goster/150502,,,needs_verification,false,,
150741,"ERİŞİLEBİLİR ULAŞIM HİZMETLERİ ÇALIŞMA GRUBUNUN TEŞKİLİ, GÖREVLERİ, ÇALIŞMA USUL VE ESASLARI HAKKINDA YÖNETMELİK",Kurum Yönetmeliği,unknown,unknown,0.0,Başlıkta güvenilir bir alan göstergesi bulunamadı.,review_required,matched,"Ulaştırma ve Altyapı Bakanlığı/Ulaştırma ve Altyapı Bakanlığı/Kurum Yönetmeliği/150741_ERİŞİLEBİLİR ULAŞIM HİZMETLERİ ÇALIŞMA GRUBUNUN TEŞKİLİ, GÖREVLERİ,.pdf",available,False,2019-03-30T00:00:00,30730,https://kms.kaysis.gov.tr/Home/Goster/150741,,,needs_verification,false,,
151131,ULAŞIMDA ENERJİ VERİMLİLİĞİNİN ARTIRILMASINA İLİŞKİN USUL VE ESASLAR HAKKINDA YÖNETMELİK,Kurum Yönetmeliği,unknown,unknown,0.0,Başlıkta güvenilir bir alan göstergesi bulunamadı.,review_required,matched,Ulaştırma ve Altyapı Bakanlığı/Ulaştırma ve Altyapı Bakanlığı/Kurum Yönetmeliği/151131_ULAŞIMDA ENERJİ VERİMLİLİĞİNİN ARTIRILMASINA İLİŞKİN USUL VE ESASLAR.pdf,available,False,2019-05-02T00:00:00,30762,https://kms.kaysis.gov.tr/Home/Goster/151131,,,needs_verification,false,,
151268,ULAŞTIRMA VE ALTYAPI BAKANLIĞI ULAŞIM EMNİYETİ İNCELEME MERKEZİ BAŞKANLIĞI YÖNETMELİĞİ,Kurum Yönetmeliği,unknown,unknown,0.0,Başlıkta güvenilir bir alan göstergesi bulunamadı.,review_required,matched,Ulaştırma ve Altyapı Bakanlığı/Ulaştırma ve Altyapı Bakanlığı/Kurum Yönetmeliği/151268_ULAŞTIRMA VE ALTYAPI BAKANLIĞI ULAŞIM EMNİYETİ İNCELEME MERKEZİ BAŞK.pdf,available,False,2019-05-11T00:00:00,30771,https://kms.kaysis.gov.tr/Home/Goster/151268,,,needs_verification,false,,
153088,GEMİ BOYA YÖNETMELİĞİ,Kurum Yönetmeliği,maritime,maritime,0.9,maritime: 'gemi' (+7),out_of_scope,matched,Ulaştırma ve Altyapı Bakanlığı/Ulaştırma ve Altyapı Bakanlığı/Kurum Yönetmeliği/153088_GEMİ BOYA YÖNETMELİĞİ.pdf,ocr_required,True,2019-07-27T00:00:00,30844,https://kms.kaysis.gov.tr/Home/Goster/153088,,,needs_verification,false,,
156086,SAC KALINLIK ÖLÇÜMÜ VE KAMERA İLE SU ALTI SÖRVEYİ YAPACAK FİRMALARIN YETKİLENDİRMELERİNE DAİR TEBLİĞ,Tebliğ,maritime,maritime,0.9,maritime: 'sörvey' (+7),out_of_scope,matched,Ulaştırma ve Altyapı Bakanlığı/Ulaştırma ve Altyapı Bakanlığı/Tebliğ/156086_SAC KALINLIK ÖLÇÜMÜ VE KAMERA İLE SU ALTI SÖRVEYİ YAPACAK FİRMALARIN.pdf,available,False,2019-11-09T00:00:00,30943,https://kms.kaysis.gov.tr/Home/Goster/156086,,,needs_verification,false,,
156116,DEMİRYOLU KAZALARINI VE OLAYLARINI ARAŞTIRMA VE İNCELEME YÖNETMELİĞİ,Kurum Yönetmeliği,railway,railway,0.97,railway: 'demiryolu' (+10),out_of_scope,matched,Ulaştırma ve Altyapı Bakanlığı/Ulaştırma ve Altyapı Bakanlığı/Kurum Yönetmeliği/156116_DEMİRYOLU KAZALARINI VE OLAYLARINI ARAŞTIRMA VE İNCELEME YÖNETMELİĞİ.pdf,available,False,2019-11-14T00:00:00,30948,https://kms.kaysis.gov.tr/Home/Goster/156116,,,needs_verification,false,,
157159,DENİZ TİCARETİ GÖZETİM HİZMETLERİ YÖNETMELİĞİ,Kurum Yönetmeliği,maritime,maritime,0.92,maritime: 'deniz ticareti' (+8),out_of_scope,matched,Ulaştırma ve Altyapı Bakanlığı/Ulaştırma ve Altyapı Bakanlığı/Kurum Yönetmeliği/157159_DENİZ TİCARETİ GÖZETİM HİZMETLERİ YÖNETMELİĞİ.pdf,available,False,2019-11-19T00:00:00,30953,https://kms.kaysis.gov.tr/Home/Goster/157159,,,needs_verification,false,,
157215,DENİZ KAZA VE OLAYLARINI İNCELEME YÖNETMELİĞİ,Kurum Yönetmeliği,unknown,unknown,0.0,Başlıkta güvenilir bir alan göstergesi bulunamadı.,review_required,matched,Ulaştırma ve Altyapı Bakanlığı/Ulaştırma ve Altyapı Bakanlığı/Kurum Yönetmeliği/157215_DENİZ KAZA VE OLAYLARINI İNCELEME YÖNETMELİĞİ.pdf,available,False,2019-11-27T00:00:00,30961,https://kms.kaysis.gov.tr/Home/Goster/157215,,,needs_verification,false,,
160959,KARAYOLU YOLCU TAŞIMACILIĞINDA KULLANILAN TERMİNALLERE İLİŞKİN TAVAN ÜCRET TARİFELERİ HAKKINDA TEBLİĞ,Tebliğ,road_transport,passenger_transport,0.98,road_transport: 'yolcu taşımacılığı' (+8) | road_transport: 'terminal' (+5) | road_transport: 'tavan ücret' (+4),review_required,matched,Ulaştırma ve Altyapı Bakanlığı/Ulaştırma ve Altyapı Bakanlığı/Tebliğ/160959_KARAYOLU YOLCU TAŞIMACILIĞINDA KULLANILAN TERMİNALLERE İLİŞKİN TAVAN.pdf,available,False,2020-05-14T00:00:00,31127,https://kms.kaysis.gov.tr/Home/Goster/160959,,,needs_verification,false,,
163213,ULAŞTIRMA VE HABERLEŞME ŞÛRASI YÖNETMELİĞİ,Kurum Yönetmeliği,communications,communications,0.92,communications: 'haberleşme' (+8),out_of_scope,matched,Ulaştırma ve Altyapı Bakanlığı/Ulaştırma ve Altyapı Bakanlığı/Kurum Yönetmeliği/163213_ULAŞTIRMA VE HABERLEŞME ŞÛRASI YÖNETMELİĞİ.pdf,available,False,2020-06-11T00:00:00,31152,https://kms.kaysis.gov.tr/Home/Goster/163213,,,needs_verification,false,,
164745,HAVAYOLUYLA TEHLİKELİ MADDE TAŞIMA YETKİ BELGESİ HAKKINDA YÖNERGE,Yönerge,aviation,aviation,0.64,aviation: 'havayolu' (+9) | Birden fazla ulaşım alanı işareti bulundu; insan kapsam kontrolü zorunlu (road_transport=6).,review_required,matched,Ulaştırma ve Altyapı Bakanlığı/Ulaştırma ve Altyapı Bakanlığı/Yönerge/164745_HAVAYOLUYLA TEHLİKELİ MADDE TAŞIMA YETKİ BELGESİ HAKKINDA YÖNERGE.pdf,ocr_required,True,0001-01-01T00:00:00,,https://kms.kaysis.gov.tr/Home/Goster/164745,,,needs_verification,false,,
167513,TÜRKİYE HAVA MEYDANI YAPILARI DEPREM YÖNETMELİĞİ,Kurum Yönetmeliği,unknown,unknown,0.0,Başlıkta güvenilir bir alan göstergesi bulunamadı.,review_required,matched,Ulaştırma ve Altyapı Bakanlığı/Ulaştırma ve Altyapı Bakanlığı/Kurum Yönetmeliği/167513_TÜRKİYE HAVA MEYDANI YAPILARI DEPREM YÖNETMELİĞİ.pdf,ocr_required,True,2020-10-06T00:00:00,31266,https://kms.kaysis.gov.tr/Home/Goster/167513,,,needs_verification,false,,
167514,TÜRKİYE KARAYOLLARI VE DEMİRYOLLARI TÜNELLERİ İLE DİĞER ZEMİN YAPILARI DEPREM YÖNETMELİĞİ,Kurum Yönetmeliği,railway,railway,0.64,railway: 'demiryolları' (+10) | Birden fazla ulaşım alanı işareti bulundu; insan kapsam kontrolü zorunlu (kgm_infrastructure=4).,review_required,matched,Ulaştırma ve Altyapı Bakanlığı/Ulaştırma ve Altyapı Bakanlığı/Kurum Yönetmeliği/167514_TÜRKİYE KARAYOLLARI VE DEMİRYOLLARI TÜNELLERİ İLE DİĞER ZEMİN YAPILA.pdf,ocr_required,True,2020-10-06T00:00:00,31266,https://kms.kaysis.gov.tr/Home/Goster/167514,,,needs_verification,false,,
167515,TÜRKİYE KIYI VE LİMAN YAPILARI DEPREM YÖNETMELİĞİ,Kurum Yönetmeliği,maritime,maritime,0.87,maritime: 'liman' (+6),out_of_scope,matched,Ulaştırma ve Altyapı Bakanlığı/Ulaştırma ve Altyapı Bakanlığı/Kurum Yönetmeliği/167515_TÜRKİYE KIYI VE LİMAN YAPILARI DEPREM YÖNETMELİĞİ.pdf,ocr_required,True,2020-10-06T00:00:00,31266,https://kms.kaysis.gov.tr/Home/Goster/167515,,,needs_verification,false,,
167516,TÜRKİYE KÖPRÜ DEPREM YÖNETMELİĞİ,Kurum Yönetmeliği,kgm_infrastructure,structures,0.82,kgm_infrastructure: 'köprü' (+4),review_required,matched,Ulaştırma ve Altyapı Bakanlığı/Ulaştırma ve Altyapı Bakanlığı/Kurum Yönetmeliği/167516_TÜRKİYE KÖPRÜ DEPREM YÖNETMELİĞİ.pdf,ocr_required,True,2020-10-06T00:00:00,31266,https://kms.kaysis.gov.tr/Home/Goster/167516,,,needs_verification,false,,
167517,TÜRKİYE YALITIMLI VE SÖNÜMLEYİCİLİ KÖPRÜ VE VİYADÜKLER DEPREM YÖNETMELİĞİ,Kurum Yönetmeliği,kgm_infrastructure,structures,0.92,kgm_infrastructure: 'köprü' (+4) | kgm_infrastructure: 'viyadük' (+4),review_required,matched,Ulaştırma ve Altyapı Bakanlığı/Ulaştırma ve Altyapı Bakanlığı/Kurum Yönetmeliği/167517_TÜRKİYE YALITIMLI VE SÖNÜMLEYİCİLİ KÖPRÜ VE VİYADÜKLER DEPREM YÖNETM.pdf,ocr_required,True,2020-10-06T00:00:00,31266,https://kms.kaysis.gov.tr/Home/Goster/167517,,,needs_verification,false,,
167650,ULUSAL ARAMA VE KURTARMA PLÂNINA İLİŞKİN TEBLİĞ (TEBLİĞ NO: 2002/4)'İN YÜRÜRLÜKTEN KALDIRILMASINA DAİR TEBLİĞ,Tebliğ,unknown,unknown,0.0,Başlıkta güvenilir bir alan göstergesi bulunamadı.,review_required,matched,Ulaştırma ve Altyapı Bakanlığı/Ulaştırma ve Altyapı Bakanlığı/Tebliğ/167650_ULUSAL ARAMA VE KURTARMA PLÂNINA İLİŞKİN TEBLİĞ (TEBLİĞ NO 20024)'İN.pdf,available,False,2020-10-17T00:00:00,31276,https://kms.kaysis.gov.tr/Home/Goster/167650,,,needs_verification,false,,
168524,ULUSAL AKILLI ULAŞIM SİSTEMLERİ STRATEJİ BELGESİ VE 2020-2023 EYLEM PLANI,Plan / Program,unknown,unknown,0.0,Başlıkta güvenilir bir alan göstergesi bulunamadı.,review_required,matched,Ulaştırma ve Altyapı Bakanlığı/Ulaştırma ve Altyapı Bakanlığı/Plan Program/168524_ULUSAL AKILLI ULAŞIM SİSTEMLERİ STRATEJİ BELGESİ VE 2020-2023 EYLEM.pdf,available,False,0001-01-01T00:00:00,,https://kms.kaysis.gov.tr/Home/Goster/168524,,,needs_verification,false,,
168688,KIYI TESİSLERİNDE GEMİLERE VERİLEN HİZMETLERE İLİŞKİN TEBLİĞ,Tebliğ,maritime,maritime,0.98,maritime: 'gemi' (+7) | maritime: 'kıyı tesis' (+7),out_of_scope,matched,Ulaştırma ve Altyapı Bakanlığı/Ulaştırma ve Altyapı Bakanlığı/Tebliğ/168688_KIYI TESİSLERİNDE GEMİLERE VERİLEN HİZMETLERE İLİŞKİN TEBLİĞ.pdf,available,False,2020-12-11T00:00:00,31331,https://kms.kaysis.gov.tr/Home/Goster/168688,,,needs_verification,false,,
170049,"ARAÇ MUAYENE İSTASYONLARININ AÇILMASI, İŞLETİLMESİ VE ARAÇ MUAYENESİ HAKKINDA YÖNETMELİK",Kurum Yönetmeliği,road_transport,vehicle_inspection,0.92,road_transport: 'araç muayene' (+8),review_required,matched,"Ulaştırma ve Altyapı Bakanlığı/Ulaştırma ve Altyapı Bakanlığı/Kurum Yönetmeliği/170049_ARAÇ MUAYENE İSTASYONLARININ AÇILMASI, İŞLETİLMESİ VE ARAÇ MUAYENESİ.pdf",available,False,2021-01-06T00:00:00,31356,https://kms.kaysis.gov.tr/Home/Goster/170049,,,needs_verification,false,,
175795,ELEKTRİKLİ SKUTER YÖNETMELİĞİ,Kurum Yönetmeliği,unknown,unknown,0.0,Başlıkta güvenilir bir alan göstergesi bulunamadı.,review_required,matched,Ulaştırma ve Altyapı Bakanlığı/Ulaştırma ve Altyapı Bakanlığı/Kurum Yönetmeliği/175795_ELEKTRİKLİ SKUTER YÖNETMELİĞİ.pdf,available,False,2021-04-14T00:00:00,31454,https://kms.kaysis.gov.tr/Home/Goster/175795,,,needs_verification,false,,
176986,HURDAYA AYRILAN TÜRK BAYRAKLI GEMİLERİN YERLERİNE YENİ GEMİ İNŞA EDİLMESİNİN TEŞVİKİNE DAİR YÖNETMELİK,Kurum Yönetmeliği,maritime,maritime,0.9,maritime: 'gemi' (+7),out_of_scope,matched,Ulaştırma ve Altyapı Bakanlığı/Ulaştırma ve Altyapı Bakanlığı/Kurum Yönetmeliği/176986_HURDAYA AYRILAN TÜRK BAYRAKLI GEMİLERİN YERLERİNE YENİ GEMİ İNŞA EDİ.pdf,available,False,2021-04-28T00:00:00,31468,https://kms.kaysis.gov.tr/Home/Goster/176986,,,needs_verification,false,,
179310,ULAŞTIRMA HİZMETLERİ DENETİM YÖNETMELİĞİ,Kurum Yönetmeliği,unknown,unknown,0.0,Başlıkta güvenilir bir alan göstergesi bulunamadı.,review_required,matched,Ulaştırma ve Altyapı Bakanlığı/Ulaştırma ve Altyapı Bakanlığı/Kurum Yönetmeliği/179310_ULAŞTIRMA HİZMETLERİ DENETİM YÖNETMELİĞİ.pdf,ocr_required,True,2021-06-03T00:00:00,31500,https://kms.kaysis.gov.tr/Home/Goster/179310,,,needs_verification,false,,
179807,BOZULABİLİR GIDA MADDELERİNİN TAŞIMACILIĞINDA KULLANILACAK ÖZEL EKİPMANLAR HAKKINDA YÖNETMELİK,Kurum Yönetmeliği,unknown,unknown,0.0,Başlıkta güvenilir bir alan göstergesi bulunamadı.,review_required,matched,Ulaştırma ve Altyapı Bakanlığı/Ulaştırma ve Altyapı Bakanlığı/Kurum Yönetmeliği/179807_BOZULABİLİR GIDA MADDELERİNİN TAŞIMACILIĞINDA KULLANILACAK ÖZEL EKİP.pdf,available,False,2021-07-02T00:00:00,31529,https://kms.kaysis.gov.tr/Home/Goster/179807,,,needs_verification,false,,
180097,KARAYOLUYLA YOLCU TAŞIMACILIĞI ALANINDA UYGULANACAK TAVAN ÜCRET TARİFESİ HAKKINDA TEBLİĞ,Tebliğ,road_transport,passenger_transport,0.98,road_transport: 'yolcu taşımacılığı' (+8) | road_transport: 'tavan ücret' (+4),review_required,matched,Ulaştırma ve Altyapı Bakanlığı/Ulaştırma ve Altyapı Bakanlığı/Tebliğ/180097_KARAYOLUYLA YOLCU TAŞIMACILIĞI ALANINDA UYGULANACAK TAVAN ÜCRET TARİ.pdf,available,False,2021-07-14T00:00:00,31541,https://kms.kaysis.gov.tr/Home/Goster/180097,,,needs_verification,false,,
183642,TEHLİKELİ YÜKLERİN DENİZYOLUYLA TAŞINMASI VE YÜKLEME EMNİYETİ HAKKINDA YÖNETMELİK,Kurum Yönetmeliği,maritime,maritime,0.95,maritime: 'denizyolu' (+9),out_of_scope,matched,Ulaştırma ve Altyapı Bakanlığı/Ulaştırma ve Altyapı Bakanlığı/Kurum Yönetmeliği/183642_TEHLİKELİ YÜKLERİN DENİZYOLUYLA TAŞINMASI VE YÜKLEME EMNİYETİ HAKKIN.pdf,available,False,2021-11-14T00:00:00,31659,https://kms.kaysis.gov.tr/Home/Goster/183642,,,needs_verification,false,,
184374,KARAYOLU YOLCU TAŞIMACILIĞINDA KULLANILAN TERMİNALLERE İLİŞKİN TAVAN ÜCRET TARİFELERİ HAKKINDA TEBLİĞ,Tebliğ,road_transport,passenger_transport,0.98,road_transport: 'yolcu taşımacılığı' (+8) | road_transport: 'terminal' (+5) | road_transport: 'tavan ücret' (+4),review_required,matched,Ulaştırma ve Altyapı Bakanlığı/Ulaştırma ve Altyapı Bakanlığı/Tebliğ/184374_KARAYOLU YOLCU TAŞIMACILIĞINDA KULLANILAN TERMİNALLERE İLİŞKİN TAVAN.pdf,available,False,2021-12-31T00:00:00,31706,https://kms.kaysis.gov.tr/Home/Goster/184374,,,needs_verification,false,,
186813,GEMİ VE SU ARAÇLARINDA GAZDAN ARINDIRMA YÖNETMELİĞİ,Kurum Yönetmeliği,maritime,maritime,0.9,maritime: 'gemi' (+7),out_of_scope,matched,Ulaştırma ve Altyapı Bakanlığı/Ulaştırma ve Altyapı Bakanlığı/Kurum Yönetmeliği/186813_GEMİ VE SU ARAÇLARINDA GAZDAN ARINDIRMA YÖNETMELİĞİ.pdf,available,False,2022-02-01T00:00:00,31737,https://kms.kaysis.gov.tr/Home/Goster/186813,,,needs_verification,false,,
188095,KOMBİNE TAŞIMACILIK YÖNETMELİĞİ,Kurum Yönetmeliği,unknown,unknown,0.0,Başlıkta güvenilir bir alan göstergesi bulunamadı.,review_required,matched,Ulaştırma ve Altyapı Bakanlığı/Ulaştırma ve Altyapı Bakanlığı/Kurum Yönetmeliği/188095_KOMBİNE TAŞIMACILIK YÖNETMELİĞİ.pdf,available,False,2022-05-27T00:00:00,31848,https://kms.kaysis.gov.tr/Home/Goster/188095,,,needs_verification,false,,
190380,TEHLİKELİ MADDE GÜVENLİK DANIŞMANLIĞI HİZMETLERİ HAKKINDA YÖNETMELİK,Kurum Yönetmeliği,unknown,unknown,0.0,Başlıkta güvenilir bir alan göstergesi bulunamadı.,review_required,matched,Ulaştırma ve Altyapı Bakanlığı/Ulaştırma ve Altyapı Bakanlığı/Kurum Yönetmeliği/190380_TEHLİKELİ MADDE GÜVENLİK DANIŞMANLIĞI HİZMETLERİ HAKKINDA YÖNETMELİK.pdf,available,False,2022-06-18T00:00:00,31870,https://kms.kaysis.gov.tr/Home/Goster/190380,,,needs_verification,false,,
190381,TEHLİKELİ MADDELERİN KARAYOLUYLA TAŞINMASI HAKKINDA YÖNETMELİK,Kurum Yönetmeliği,road_transport,dangerous_goods,0.97,road_transport: 'karayoluyla taşı' (+10),review_required,matched,Ulaştırma ve Altyapı Bakanlığı/Ulaştırma ve Altyapı Bakanlığı/Kurum Yönetmeliği/190381_TEHLİKELİ MADDELERİN KARAYOLUYLA TAŞINMASI HAKKINDA YÖNETMELİK.pdf,available,False,2022-06-18T00:00:00,31870,https://kms.kaysis.gov.tr/Home/Goster/190381,,,needs_verification,false,,
190482,ULAŞTIRMA VE ALTYAPI BAKANLIĞI DİSİPLİN AMİRLERİ YÖNETMELİĞİ,Kurum Yönetmeliği,internal_administration,internal_administration,0.9,internal_administration: 'disiplin' (+7),out_of_scope,matched,Ulaştırma ve Altyapı Bakanlığı/Ulaştırma ve Altyapı Bakanlığı/Kurum Yönetmeliği/190482_ULAŞTIRMA VE ALTYAPI BAKANLIĞI DİSİPLİN AMİRLERİ YÖNETMELİĞİ.pdf,available,False,2022-06-28T00:00:00,31880,https://kms.kaysis.gov.tr/Home/Goster/190482,,,needs_verification,false,,
190551,TEHLİKELİ MADDE GÜVENLİK DANIŞMANLIĞI VE TEHLİKELİ MAL TAŞIMACILIĞI SÜRÜCÜ EĞİTİMİ YÖNETMELİĞİ,Kurum Yönetmeliği,unknown,unknown,0.0,Başlıkta güvenilir bir alan göstergesi bulunamadı.,review_required,matched,Ulaştırma ve Altyapı Bakanlığı/Ulaştırma ve Altyapı Bakanlığı/Kurum Yönetmeliği/190551_TEHLİKELİ MADDE GÜVENLİK DANIŞMANLIĞI VE TEHLİKELİ MAL TAŞIMACILIĞI.pdf,available,False,2022-07-06T00:00:00,31888,https://kms.kaysis.gov.tr/Home/Goster/190551,,,needs_verification,false,,
190819,TEHLİKELİ MADDE GÜVENLİK DANIŞMANLIĞI HAKKINDA TEBLİĞ (TEBLİĞ NO: TMKTDGM-01)'İN YÜRÜRLÜKTEN KALDIRILMASINA DAİR TEBLİĞ,Tebliğ,unknown,unknown,0.0,Başlıkta güvenilir bir alan göstergesi bulunamadı.,review_required,matched,Ulaştırma ve Altyapı Bakanlığı/Ulaştırma ve Altyapı Bakanlığı/Tebliğ/190819_TEHLİKELİ MADDE GÜVENLİK DANIŞMANLIĞI HAKKINDA TEBLİĞ (TEBLİĞ NO TMK.pdf,available,False,2022-08-04T00:00:00,31913,https://kms.kaysis.gov.tr/Home/Goster/190819,,,needs_verification,false,,
190858,KARAYOLUYLA TAŞINAN YÜKLERİN DENİZYOLUNA AKTARILMASININ DESTEKLENMESİ HAKKINDA YÖNETMELİK,Kurum Yönetmeliği,road_transport,general,0.64,road_transport: 'karayoluyla taşı' (+10) | Birden fazla ulaşım alanı işareti bulundu; insan kapsam kontrolü zorunlu (maritime=9).,review_required,matched,Ulaştırma ve Altyapı Bakanlığı/Ulaştırma ve Altyapı Bakanlığı/Kurum Yönetmeliği/190858_KARAYOLUYLA TAŞINAN YÜKLERİN DENİZYOLUNA AKTARILMASININ DESTEKLENMES.pdf,ocr_required,True,2022-08-09T00:00:00,31918,https://kms.kaysis.gov.tr/Home/Goster/190858,,,needs_verification,false,,
191067,TAŞIMA İŞLERİ ORGANİZATÖRLÜĞÜ YÖNETMELİĞİ,Kurum Yönetmeliği,unknown,unknown,0.0,Başlıkta güvenilir bir alan göstergesi bulunamadı.,review_required,matched,Ulaştırma ve Altyapı Bakanlığı/Ulaştırma ve Altyapı Bakanlığı/Kurum Yönetmeliği/191067_TAŞIMA İŞLERİ ORGANİZATÖRLÜĞÜ YÖNETMELİĞİ.pdf,available,False,2022-08-27T00:00:00,31936,https://kms.kaysis.gov.tr/Home/Goster/191067,,,needs_verification,false,,
191941,SİVİL HAVA ARACI KAZA VEYA CİDDİ OLAYLARINI ARAŞTIRMA VE İNCELEME YÖNETMELİĞİ (HKY-13),Kurum Yönetmeliği,aviation,aviation,0.98,aviation: 'sivil hava' (+8) | aviation: 'hava aracı' (+7),out_of_scope,matched,Ulaştırma ve Altyapı Bakanlığı/Ulaştırma ve Altyapı Bakanlığı/Kurum Yönetmeliği/191941_SİVİL HAVA ARACI KAZA VEYA CİDDİ OLAYLARINI ARAŞTIRMA VE İNCELEME YÖ.pdf,available,False,2022-11-08T00:00:00,32007,https://kms.kaysis.gov.tr/Home/Goster/191941,,,needs_verification,false,,
192029,KIYI TESİSİ İŞLETME İZNİ VE KIYI TESİSİ İŞLETMECİLERİ HAKKINDA YÖNETMELİK,Kurum Yönetmeliği,maritime,maritime,0.9,maritime: 'kıyı tesis' (+7),out_of_scope,matched,Ulaştırma ve Altyapı Bakanlığı/Ulaştırma ve Altyapı Bakanlığı/Kurum Yönetmeliği/192029_KIYI TESİSİ İŞLETME İZNİ VE KIYI TESİSİ İŞLETMECİLERİ HAKKINDA YÖNET.pdf,available,False,2022-11-18T00:00:00,32017,https://kms.kaysis.gov.tr/Home/Goster/192029,,,needs_verification,false,,
193708,ÖZEL TEKNELERİN DONATIMI VE ÖZEL TEKNELERİ KULLANACAK KİŞİLERİN YETERLİKLERİ HAKKINDA YÖNETMELİK,Kurum Yönetmeliği,maritime,maritime,0.87,maritime: 'tekne' (+6),out_of_scope,matched,Ulaştırma ve Altyapı Bakanlığı/Ulaştırma ve Altyapı Bakanlığı/Kurum Yönetmeliği/193708_ÖZEL TEKNELERİN DONATIMI VE ÖZEL TEKNELERİ KULLANACAK KİŞİLERİN YETE.pdf,available,False,2023-01-18T00:00:00,32077,https://kms.kaysis.gov.tr/Home/Goster/193708,,,needs_verification,false,,
193945,DEMİRYOLU HEMZEMİN GEÇİTLERİNDE ALINACAK TEDBİRLER VE UYGULAMA ESASLARINA DAİR YÖNETMELİK,Kurum Yönetmeliği,railway,railway,0.97,railway: 'demiryolu' (+10),out_of_scope,matched,Ulaştırma ve Altyapı Bakanlığı/Ulaştırma ve Altyapı Bakanlığı/Kurum Yönetmeliği/193945_DEMİRYOLU HEMZEMİN GEÇİTLERİNDE ALINACAK TEDBİRLER VE UYGULAMA ESASL.pdf,ocr_required,True,2023-02-11T00:00:00,32101,https://kms.kaysis.gov.tr/Home/Goster/193945,,,needs_verification,false,,
198657,ULAŞTIRMA VE ALTYAPI BAKANLIĞI PİYASA GÖZETİMİ VE DENETİMİ YÖNETMELİĞİ,Kurum Yönetmeliği,unknown,unknown,0.0,Başlıkta güvenilir bir alan göstergesi bulunamadı.,review_required,matched,Ulaştırma ve Altyapı Bakanlığı/Ulaştırma ve Altyapı Bakanlığı/Kurum Yönetmeliği/198657_ULAŞTIRMA VE ALTYAPI BAKANLIĞI PİYASA GÖZETİMİ VE DENETİMİ YÖNETMELİ.pdf,available,False,2023-08-05T00:00:00,32270,https://kms.kaysis.gov.tr/Home/Goster/198657,,,needs_verification,false,,
199108,DEMİRYOLU ALTYAPI ERİŞİM VE KAPASİTE TAHSİS YÖNETMELİĞİ,Kurum Yönetmeliği,railway,railway,0.97,railway: 'demiryolu' (+10),out_of_scope,matched,Ulaştırma ve Altyapı Bakanlığı/Ulaştırma ve Altyapı Bakanlığı/Kurum Yönetmeliği/199108_DEMİRYOLU ALTYAPI ERİŞİM VE KAPASİTE TAHSİS YÖNETMELİĞİ.pdf,available,False,2023-09-28T00:00:00,32323,https://kms.kaysis.gov.tr/Home/Goster/199108,,,needs_verification,false,,
199470,DEMİRYOLU YOLCU TAŞIMACILIĞI KAMU HİZMETİ YÜKÜMLÜLÜĞÜ SÖZLEŞMELERİNDE UYGULANACAK USUL VE ESASLAR HAKKINDA YÖNETMELİK,Kurum Yönetmeliği,railway,railway,0.64,railway: 'demiryolu' (+10) | Birden fazla ulaşım alanı işareti bulundu; insan kapsam kontrolü zorunlu (road_transport=8).,review_required,matched,Ulaştırma ve Altyapı Bakanlığı/Ulaştırma ve Altyapı Bakanlığı/Kurum Yönetmeliği/199470_DEMİRYOLU YOLCU TAŞIMACILIĞI KAMU HİZMETİ YÜKÜMLÜLÜĞÜ SÖZLEŞMELERİND.pdf,available,False,2023-10-21T00:00:00,32346,https://kms.kaysis.gov.tr/Home/Goster/199470,,,needs_verification,false,,
199801,KIYI TESİSLERİNE YEŞİL LİMAN SERTİFİKASI DÜZENLENMESİ HAKKINDA YÖNETMELİK,Kurum Yönetmeliği,maritime,maritime,0.98,maritime: 'kıyı tesis' (+7) | maritime: 'liman' (+6),out_of_scope,matched,Ulaştırma ve Altyapı Bakanlığı/Ulaştırma ve Altyapı Bakanlığı/Kurum Yönetmeliği/199801_KIYI TESİSLERİNE YEŞİL LİMAN SERTİFİKASI DÜZENLENMESİ HAKKINDA YÖNET.pdf,available,False,2023-11-18T00:00:00,32373,https://kms.kaysis.gov.tr/Home/Goster/199801,,,needs_verification,false,,
199973,BAKIMDAN SORUMLU KURULUŞ (ECM) SERTİFİKASYON YÖNETMELİĞİ,Kurum Yönetmeliği,unknown,unknown,0.0,Başlıkta güvenilir bir alan göstergesi bulunamadı.,review_required,matched,Ulaştırma ve Altyapı Bakanlığı/Ulaştırma ve Altyapı Bakanlığı/Kurum Yönetmeliği/199973_BAKIMDAN SORUMLU KURULUŞ (ECM) SERTİFİKASYON YÖNETMELİĞİ.pdf,available,False,2023-12-01T00:00:00,32386,https://kms.kaysis.gov.tr/Home/Goster/199973,,,needs_verification,false,,
200099,ULAŞTIRMA VE ALTYAPI BAKANLIĞI REHBERLİK VE TEFTİŞ BAŞKANLIĞI YÖNETMELİĞİ,Kurum Yönetmeliği,unknown,unknown,0.0,Başlıkta güvenilir bir alan göstergesi bulunamadı.,review_required,matched,Ulaştırma ve Altyapı Bakanlığı/Ulaştırma ve Altyapı Bakanlığı/Kurum Yönetmeliği/200099_ULAŞTIRMA VE ALTYAPI BAKANLIĞI REHBERLİK VE TEFTİŞ BAŞKANLIĞI YÖNETM.pdf,available,False,2023-12-15T00:00:00,32400,https://kms.kaysis.gov.tr/Home/Goster/200099,,,needs_verification,false,,
200272,YURT DIŞINDA BULUNAN VEYA YABANCI BAYRAK ÇEKEN TEKNELERİN TÜRK BAYRAĞINA GEÇİŞİNE İLİŞKİN TEBLİĞ (TEBLİĞ NO: 2017/3)'İN YÜRÜRLÜKTEN KALDIRILMASINA DAİR TEBLİĞ,Tebliğ,maritime,maritime,0.87,maritime: 'tekne' (+6),out_of_scope,matched,Ulaştırma ve Altyapı Bakanlığı/Ulaştırma ve Altyapı Bakanlığı/Tebliğ/200272_YURT DIŞINDA BULUNAN VEYA YABANCI BAYRAK ÇEKEN TEKNELERİN TÜRK BAYRA.pdf,available,False,2024-01-02T00:00:00,31417,https://kms.kaysis.gov.tr/Home/Goster/200272,,,needs_verification,false,,
200847,DEMİRYOLU İŞLETMECİLİĞİ YETKİLENDİRME YÖNETMELİĞİ,Kurum Yönetmeliği,railway,railway,0.97,railway: 'demiryolu' (+10),out_of_scope,matched,Ulaştırma ve Altyapı Bakanlığı/Ulaştırma ve Altyapı Bakanlığı/Kurum Yönetmeliği/200847_DEMİRYOLU İŞLETMECİLİĞİ YETKİLENDİRME YÖNETMELİĞİ.pdf,available,False,2024-02-16T00:00:00,32462,https://kms.kaysis.gov.tr/Home/Goster/200847,,,needs_verification,false,,
200884,GEMİLERLE YAPILAN DÜZENLİ SEFERLER HAKKINDA YÖNETMELİK,Kurum Yönetmeliği,maritime,maritime,0.9,maritime: 'gemi' (+7),out_of_scope,matched,Ulaştırma ve Altyapı Bakanlığı/Ulaştırma ve Altyapı Bakanlığı/Kurum Yönetmeliği/200884_GEMİLERLE YAPILAN DÜZENLİ SEFERLER HAKKINDA YÖNETMELİK.pdf,available,False,2023-11-22T00:00:00,32377,https://kms.kaysis.gov.tr/Home/Goster/200884,,,needs_verification,false,,
202284,"GEZİ TEKNELERİ VE KİŞİSEL DENİZ TAŞITLARI YÖNETMELİĞİ KAPSAMINDA TEKİL İMALATÇI KODLARININ TAHSİSİ, KULLANIMI VE TESCİLİNE DAİR TEBLİĞ",Tebliğ,maritime,maritime,0.87,maritime: 'tekne' (+6),out_of_scope,matched,Ulaştırma ve Altyapı Bakanlığı/Ulaştırma ve Altyapı Bakanlığı/Tebliğ/202284_GEZİ TEKNELERİ VE KİŞİSEL DENİZ TAŞITLARI YÖNETMELİĞİ KAPSAMINDA TEK.pdf,available,False,2024-04-06T00:00:00,32512,https://kms.kaysis.gov.tr/Home/Goster/202284,,,needs_verification,false,,
203186,BAKIMDAN SORUMLU KURULUŞ (ECM) FAALİYETLERİNE DAİR TEBLİĞ,Tebliğ,unknown,unknown,0.0,Başlıkta güvenilir bir alan göstergesi bulunamadı.,review_required,matched,Ulaştırma ve Altyapı Bakanlığı/Ulaştırma ve Altyapı Bakanlığı/Tebliğ/203186_BAKIMDAN SORUMLU KURULUŞ (ECM) FAALİYETLERİNE DAİR TEBLİĞ.pdf,available,False,2024-08-02T00:00:00,32620,https://kms.kaysis.gov.tr/Home/Goster/203186,,,needs_verification,false,,
203205,GAZİRAY HATTINDA VE ARAYÜZLERİ UYUMLU OLAN DİĞER BANLİYÖ HATLARINDA KULLANILACAK BANLİYÖ TREN SETLERİNİN TİP ONAY VE TESCİL KRİTERLERİNE İLİŞKİN TEBLİĞ,Tebliğ,railway,railway,0.84,railway: 'tren' (+5),out_of_scope,matched,Ulaştırma ve Altyapı Bakanlığı/Ulaştırma ve Altyapı Bakanlığı/Tebliğ/203205_GAZİRAY HATTINDA VE ARAYÜZLERİ UYUMLU OLAN DİĞER BANLİYÖ HATLARINDA.pdf,ocr_required,True,2024-08-06T00:00:00,32624,https://kms.kaysis.gov.tr/Home/Goster/203205,,,needs_verification,false,,
203387,BAKIMDAN SORUMLU KURULUŞ (ECM) SERTİFİKASI DÜZENLENMESİNE DAİR TEBLİĞ,Tebliğ,unknown,unknown,0.0,Başlıkta güvenilir bir alan göstergesi bulunamadı.,review_required,matched,Ulaştırma ve Altyapı Bakanlığı/Ulaştırma ve Altyapı Bakanlığı/Tebliğ/203387_BAKIMDAN SORUMLU KURULUŞ (ECM) SERTİFİKASI DÜZENLENMESİNE DAİR TEBLİ.pdf,available,False,2024-08-24T00:00:00,32642,https://kms.kaysis.gov.tr/Home/Goster/203387,,,needs_verification,false,,
203412,GEMİADAMLARI VE KILAVUZ KAPTANLAR YÖNETMELİĞİ,Kurum Yönetmeliği,maritime,maritime,0.98,maritime: 'gemi' (+7) | maritime: 'gemiadam' (+7),out_of_scope,matched,Ulaştırma ve Altyapı Bakanlığı/Ulaştırma ve Altyapı Bakanlığı/Kurum Yönetmeliği/203412_GEMİADAMLARI VE KILAVUZ KAPTANLAR YÖNETMELİĞİ.pdf,available,False,2024-08-29T00:00:00,32647,https://kms.kaysis.gov.tr/Home/Goster/203412,,,needs_verification,false,,
203578,İÇ SULARDA ÇALIŞAN GEMİ VE SU ARAÇLARI YÖNETMELİĞİ,Kurum Yönetmeliği,maritime,maritime,0.9,maritime: 'gemi' (+7),out_of_scope,matched,Ulaştırma ve Altyapı Bakanlığı/Ulaştırma ve Altyapı Bakanlığı/Kurum Yönetmeliği/203578_İÇ SULARDA ÇALIŞAN GEMİ VE SU ARAÇLARI YÖNETMELİĞİ.pdf,available,False,2024-09-11T00:00:00,32659,https://kms.kaysis.gov.tr/Home/Goster/203578,,,needs_verification,false,,
203599,GEZİ TEKNELERİ VE KİŞİSEL DENİZ TAŞITLARI YÖNETMELİĞİ STANDARTLAR LİSTESİNE İLİŞKİN TEBLİĞ,Tebliğ,maritime,maritime,0.87,maritime: 'tekne' (+6),out_of_scope,matched,Ulaştırma ve Altyapı Bakanlığı/Ulaştırma ve Altyapı Bakanlığı/Tebliğ/203599_GEZİ TEKNELERİ VE KİŞİSEL DENİZ TAŞITLARI YÖNETMELİĞİ STANDARTLAR Lİ.pdf,available,False,2024-09-13T00:00:00,32661,https://kms.kaysis.gov.tr/Home/Goster/203599,,,needs_verification,false,,
205224,DEMİRYOLU EMNİYET YÖNETİM SİSTEMİNDE BÜYÜK DEĞİŞİKLİK KARAR KRİTERLERİNE İLİŞKİN TEBLİĞ,Tebliğ,railway,railway,0.97,railway: 'demiryolu' (+10),out_of_scope,matched,Ulaştırma ve Altyapı Bakanlığı/Ulaştırma ve Altyapı Bakanlığı/Tebliğ/205224_DEMİRYOLU EMNİYET YÖNETİM SİSTEMİNDE BÜYÜK DEĞİŞİKLİK KARAR KRİTERLE.pdf,ocr_required,True,2025-02-08T00:00:00,32807,https://kms.kaysis.gov.tr/Home/Goster/205224,,,needs_verification,false,,
205229,KILAVUZLUK VE RÖMORKÖRCÜLÜK HİZMETLERİ HAKKINDA YÖNETMELİK,Kurum Yönetmeliği,unknown,unknown,0.0,Başlıkta güvenilir bir alan göstergesi bulunamadı.,review_required,matched,Ulaştırma ve Altyapı Bakanlığı/Ulaştırma ve Altyapı Bakanlığı/Kurum Yönetmeliği/205229_KILAVUZLUK VE RÖMORKÖRCÜLÜK HİZMETLERİ HAKKINDA YÖNETMELİK.pdf,available,False,2025-02-11T00:00:00,32810,https://kms.kaysis.gov.tr/Home/Goster/205229,,,needs_verification,false,,
206754,ULUSAL TAŞIMACILIK FAALİYETLERİNDE KULLANILACAK ELEKTRİKLİ LOKOMOTİFLERİN TİP ONAY VE TESCİL KRİTERLERİNE İLİŞKİN TEBLİĞ,Tebliğ,railway,railway,0.9,railway: 'lokomotif' (+7),out_of_scope,matched,Ulaştırma ve Altyapı Bakanlığı/Ulaştırma ve Altyapı Bakanlığı/Tebliğ/206754_ULUSAL TAŞIMACILIK FAALİYETLERİNDE KULLANILACAK ELEKTRİKLİ LOKOMOTİF.pdf,available,False,2025-04-09T00:00:00,32865,https://kms.kaysis.gov.tr/Home/Goster/206754,,,needs_verification,false,,
