hizmetId,hizmetAd,kurumHiyerarsik,detail_url
37290,Küresel Deniz Tehlike ve Güvenlik Sistemi (GMDSS) Cihazları Kıyıda Bakım Yetki Belgesinin Verilmesi,ULAŞTIRMA VE ALTYAPI BAKANLIĞI > BAKAN YARDIMCILIĞI (SN. SELİM DURSUN) > DENİZCİLİK GENEL MÜDÜRLÜĞÜ > ACİL DURUM KOORDİNASYON VE HABERLEŞME DAİRE BAŞKANLIĞI,https://envanter.kaysis.gov.tr/HizmetDetay.aspx?ID=37290
40778,Hava ve deniz vasıtaları ile PLB (Şahsi Acil Durum Yer Belirten Cihaz) sahipli şahıslara Arama Kurtarma Hizmeti verilmesinin koordine edilmesi.,ULAŞTIRMA VE ALTYAPI BAKANLIĞI > BAKAN YARDIMCILIĞI (SN. SELİM DURSUN) > DENİZCİLİK GENEL MÜDÜRLÜĞÜ > ACİL DURUM KOORDİNASYON VE HABERLEŞME DAİRE BAŞKANLIĞI,https://envanter.kaysis.gov.tr/HizmetDetay.aspx?ID=40778
37105,Gemi Söküm Yetki Belgesinin Verilmesi,ULAŞTIRMA VE ALTYAPI BAKANLIĞI > BAKAN YARDIMCILIĞI (SN. DURMUŞ ÜNÜVAR) > TERSANELER VE KIYI YAPILARI GENEL MÜDÜRLÜĞÜ > GENEL MÜDÜR YARDIMCILIĞI 1 > TERSANELER DAİRE BAŞKANLIĞI,https://envanter.kaysis.gov.tr/HizmetDetay.aspx?ID=37105
37106,"Tersane, Tekne İmal, Çekek Yerleri Yer Tespitinin Yapılması",ULAŞTIRMA VE ALTYAPI BAKANLIĞI > BAKAN YARDIMCILIĞI (SN. DURMUŞ ÜNÜVAR) > TERSANELER VE KIYI YAPILARI GENEL MÜDÜRLÜĞÜ > GENEL MÜDÜR YARDIMCILIĞI 1 > TERSANELER DAİRE BAŞKANLIĞI,https://envanter.kaysis.gov.tr/HizmetDetay.aspx?ID=37106
37108,Gemi Geri Dönüşüm Tesis Dışında (Mahallinde Söküm) Gemi Geri Dönüşüm İzni Verilmesi,ULAŞTIRMA VE ALTYAPI BAKANLIĞI > BAKAN YARDIMCILIĞI (SN. DURMUŞ ÜNÜVAR) > TERSANELER VE KIYI YAPILARI GENEL MÜDÜRLÜĞÜ > GENEL MÜDÜR YARDIMCILIĞI 1 > TERSANELER DAİRE BAŞKANLIĞI,https://envanter.kaysis.gov.tr/HizmetDetay.aspx?ID=37108
37119,"Tersane, Tekne İmal Yeri ve Çekek Yerleriyle İlgili Kira, Devir ve Tüzel Kişilik Değişiklikleri Taleplerinin Değerlendirilerek Görüş Verilmesi",ULAŞTIRMA VE ALTYAPI BAKANLIĞI > BAKAN YARDIMCILIĞI (SN. DURMUŞ ÜNÜVAR) > TERSANELER VE KIYI YAPILARI GENEL MÜDÜRLÜĞÜ > GENEL MÜDÜR YARDIMCILIĞI 1 > TERSANELER DAİRE BAŞKANLIĞI,https://envanter.kaysis.gov.tr/HizmetDetay.aspx?ID=37119
37120,"İlan Edilen Tersane, Tekne İmal Yeri ve  Çekek Yeri Tahsislerine Başvurularının Alınması, Değerlendirilmesi",ULAŞTIRMA VE ALTYAPI BAKANLIĞI > BAKAN YARDIMCILIĞI (SN. DURMUŞ ÜNÜVAR) > TERSANELER VE KIYI YAPILARI GENEL MÜDÜRLÜĞÜ > GENEL MÜDÜR YARDIMCILIĞI 1 > TERSANELER DAİRE BAŞKANLIĞI,https://envanter.kaysis.gov.tr/HizmetDetay.aspx?ID=37120
37121,"Tersane, Tekne İmal ve Çekek Yerleri İmar Planı Taleplerine Görüş Verilmesi",ULAŞTIRMA VE ALTYAPI BAKANLIĞI > BAKAN YARDIMCILIĞI (SN. DURMUŞ ÜNÜVAR) > TERSANELER VE KIYI YAPILARI GENEL MÜDÜRLÜĞÜ > GENEL MÜDÜR YARDIMCILIĞI 1 > TERSANELER DAİRE BAŞKANLIĞI,https://envanter.kaysis.gov.tr/HizmetDetay.aspx?ID=37121
37123,"Tersane, Tekne İmal ve Çekek Yeri Organizasyonu ve Yerleşim Planının Onaylanması",ULAŞTIRMA VE ALTYAPI BAKANLIĞI > BAKAN YARDIMCILIĞI (SN. DURMUŞ ÜNÜVAR) > TERSANELER VE KIYI YAPILARI GENEL MÜDÜRLÜĞÜ > GENEL MÜDÜR YARDIMCILIĞI 1 > TERSANELER DAİRE BAŞKANLIĞI,https://envanter.kaysis.gov.tr/HizmetDetay.aspx?ID=37123
37127,Tersane Tekne İmal Yeri ve Çekek Yerlerinin Denetlenmesi,ULAŞTIRMA VE ALTYAPI BAKANLIĞI > BAKAN YARDIMCILIĞI (SN. DURMUŞ ÜNÜVAR) > TERSANELER VE KIYI YAPILARI GENEL MÜDÜRLÜĞÜ > GENEL MÜDÜR YARDIMCILIĞI 1 > TERSANELER DAİRE BAŞKANLIĞI,https://envanter.kaysis.gov.tr/HizmetDetay.aspx?ID=37127
37128,Tersane veya Tekne İmal Yerlerinde Yüzer Havuzlara İşletme İzni Verilmesi,ULAŞTIRMA VE ALTYAPI BAKANLIĞI > BAKAN YARDIMCILIĞI (SN. DURMUŞ ÜNÜVAR) > TERSANELER VE KIYI YAPILARI GENEL MÜDÜRLÜĞÜ > GENEL MÜDÜR YARDIMCILIĞI 1 > TERSANELER DAİRE BAŞKANLIĞI,https://envanter.kaysis.gov.tr/HizmetDetay.aspx?ID=37128
37130,Tersanelere veya Tekne İmal Yerlerine Yüzer Havuz ön iznin verilmesi ve bağlama planının onaylanması,ULAŞTIRMA VE ALTYAPI BAKANLIĞI > BAKAN YARDIMCILIĞI (SN. DURMUŞ ÜNÜVAR) > TERSANELER VE KIYI YAPILARI GENEL MÜDÜRLÜĞÜ > GENEL MÜDÜR YARDIMCILIĞI 1 > TERSANELER DAİRE BAŞKANLIĞI,https://envanter.kaysis.gov.tr/HizmetDetay.aspx?ID=37130
37132,"Tersanelere, Tekne İmal Yerlerine ve Çekek Yerlerine İşletme İzni Verilmesi",ULAŞTIRMA VE ALTYAPI BAKANLIĞI > BAKAN YARDIMCILIĞI (SN. DURMUŞ ÜNÜVAR) > TERSANELER VE KIYI YAPILARI GENEL MÜDÜRLÜĞÜ > GENEL MÜDÜR YARDIMCILIĞI 1 > TERSANELER DAİRE BAŞKANLIĞI,https://envanter.kaysis.gov.tr/HizmetDetay.aspx?ID=37132
37134,"Tersane, Tekne İmal Yeri ve  Çekek Yerine Kısmi İşletme İzni Verilmesi",ULAŞTIRMA VE ALTYAPI BAKANLIĞI > BAKAN YARDIMCILIĞI (SN. DURMUŞ ÜNÜVAR) > TERSANELER VE KIYI YAPILARI GENEL MÜDÜRLÜĞÜ > GENEL MÜDÜR YARDIMCILIĞI 1 > TERSANELER DAİRE BAŞKANLIĞI,https://envanter.kaysis.gov.tr/HizmetDetay.aspx?ID=37134
37138,Tersane Tekne İmal ve Çekek Yeri Firmaların Gemi Sanayi Veri Tabanı(GSVP) Programına Kaydedilmesi,ULAŞTIRMA VE ALTYAPI BAKANLIĞI > BAKAN YARDIMCILIĞI (SN. DURMUŞ ÜNÜVAR) > TERSANELER VE KIYI YAPILARI GENEL MÜDÜRLÜĞÜ > GENEL MÜDÜR YARDIMCILIĞI 1 > TERSANELER DAİRE BAŞKANLIĞI,https://envanter.kaysis.gov.tr/HizmetDetay.aspx?ID=37138
37140,Tersane Tekne İmal ve Çekek Yeri Tesislerine Üretici Kodu Verilmesi,ULAŞTIRMA VE ALTYAPI BAKANLIĞI > BAKAN YARDIMCILIĞI (SN. DURMUŞ ÜNÜVAR) > TERSANELER VE KIYI YAPILARI GENEL MÜDÜRLÜĞÜ > GENEL MÜDÜR YARDIMCILIĞI 1 > TERSANELER DAİRE BAŞKANLIĞI,https://envanter.kaysis.gov.tr/HizmetDetay.aspx?ID=37140
83831,Gemi Geri Dönüşüm Tesisi dışında (Mahallinde Söküm) Gemi Geri Dönüşüm İzni İptali,ULAŞTIRMA VE ALTYAPI BAKANLIĞI > BAKAN YARDIMCILIĞI (SN. DURMUŞ ÜNÜVAR) > TERSANELER VE KIYI YAPILARI GENEL MÜDÜRLÜĞÜ > GENEL MÜDÜR YARDIMCILIĞI 1 > TERSANELER DAİRE BAŞKANLIĞI,https://envanter.kaysis.gov.tr/HizmetDetay.aspx?ID=83831
42119,"Tersane, Tekne İmal Yeri ve Çekek Yeri Tahsis Duyurusu İlanının Yayınlattırılması",ULAŞTIRMA VE ALTYAPI BAKANLIĞI > BAKAN YARDIMCILIĞI (SN. DURMUŞ ÜNÜVAR) > TERSANELER VE KIYI YAPILARI GENEL MÜDÜRLÜĞÜ > GENEL MÜDÜR YARDIMCILIĞI 1 > TERSANELER DAİRE BAŞKANLIĞI,https://envanter.kaysis.gov.tr/HizmetDetay.aspx?ID=42119
42180,Kısmi İşletme İzni ve İşletme İzni Askıya Alınması,ULAŞTIRMA VE ALTYAPI BAKANLIĞI > BAKAN YARDIMCILIĞI (SN. DURMUŞ ÜNÜVAR) > TERSANELER VE KIYI YAPILARI GENEL MÜDÜRLÜĞÜ > GENEL MÜDÜR YARDIMCILIĞI 1 > TERSANELER DAİRE BAŞKANLIĞI,https://envanter.kaysis.gov.tr/HizmetDetay.aspx?ID=42180
42181,Gemi Söküm Yetki Belgesinin İptal Edilmesi,ULAŞTIRMA VE ALTYAPI BAKANLIĞI > BAKAN YARDIMCILIĞI (SN. DURMUŞ ÜNÜVAR) > TERSANELER VE KIYI YAPILARI GENEL MÜDÜRLÜĞÜ > GENEL MÜDÜR YARDIMCILIĞI 1 > TERSANELER DAİRE BAŞKANLIĞI,https://envanter.kaysis.gov.tr/HizmetDetay.aspx?ID=42181
84026,DD - Organizatör Yetki Belgesi Verilmesi,ULAŞTIRMA VE ALTYAPI BAKANLIĞI > BAKAN YARDIMCILIĞI (SN. SELİM DURSUN) > ULAŞTIRMA HİZMETLERİ DÜZENLEME GENEL MÜDÜRLÜĞÜ > LOJİSTİK VE KOMBİNE TAŞIMACILIK DAİRESİ BAŞKANLIĞI,https://envanter.kaysis.gov.tr/HizmetDetay.aspx?ID=84026
112852,TMFB (Tehlikeli Madde Faaliyet Belgesi) Faaliyet Devir Sözleşmesi İşlemlerinin Yapılması,ULAŞTIRMA VE ALTYAPI BAKANLIĞI > BAKAN YARDIMCILIĞI (SN. SELİM DURSUN) > ULAŞTIRMA HİZMETLERİ DÜZENLEME GENEL MÜDÜRLÜĞÜ > TEHLİKELİ YÜK TAŞIMACILIĞI DAİRESİ BAŞKANLIĞI > KARAYOLU TEHLİKELİ YÜK TAŞIMACILIĞI ŞUBESİ,https://envanter.kaysis.gov.tr/HizmetDetay.aspx?ID=112852
40736,Liman Tesisi Güvenlik Değerlendirilmesi Onayının Verilmesi,ULAŞTIRMA VE ALTYAPI BAKANLIĞI > BAKAN YARDIMCILIĞI (SN. SELİM DURSUN) > DENİZCİLİK GENEL MÜDÜRLÜĞÜ > DENİZ EMNİYETİ VE GÜVENLİĞİ DAİRE BAŞKANLIĞI,https://envanter.kaysis.gov.tr/HizmetDetay.aspx?ID=40736
40739,Liman Tesisi Güvenlik Planı Onayının Verilmesi,ULAŞTIRMA VE ALTYAPI BAKANLIĞI > BAKAN YARDIMCILIĞI (SN. SELİM DURSUN) > DENİZCİLİK GENEL MÜDÜRLÜĞÜ > DENİZ EMNİYETİ VE GÜVENLİĞİ DAİRE BAŞKANLIĞI,https://envanter.kaysis.gov.tr/HizmetDetay.aspx?ID=40739
39789,Liman Tesislerince atanan Liman Tesisi Güvenlik Sorumlusunun Onaylanması,ULAŞTIRMA VE ALTYAPI BAKANLIĞI > BAKAN YARDIMCILIĞI (SN. SELİM DURSUN) > DENİZCİLİK GENEL MÜDÜRLÜĞÜ > DENİZ EMNİYETİ VE GÜVENLİĞİ DAİRE BAŞKANLIĞI,https://envanter.kaysis.gov.tr/HizmetDetay.aspx?ID=39789
37156,Gemi Trafik Hizmetleri Sistemlerinin Denetlenmesi,ULAŞTIRMA VE ALTYAPI BAKANLIĞI > BAKAN YARDIMCILIĞI (SN. SELİM DURSUN) > DENİZCİLİK GENEL MÜDÜRLÜĞÜ > DENİZ EMNİYETİ VE GÜVENLİĞİ DAİRE BAŞKANLIĞI,https://envanter.kaysis.gov.tr/HizmetDetay.aspx?ID=37156
37157,Türk Boğazları'nda Yapılacak Sportif Faaliyetlere İzin Verilmesi,ULAŞTIRMA VE ALTYAPI BAKANLIĞI > BAKAN YARDIMCILIĞI (SN. SELİM DURSUN) > DENİZCİLİK GENEL MÜDÜRLÜĞÜ > DENİZ EMNİYETİ VE GÜVENLİĞİ DAİRE BAŞKANLIĞI,https://envanter.kaysis.gov.tr/HizmetDetay.aspx?ID=37157
37159,Gemilerin Uzak Mesafelerden Tanımlanması ve Takibi Sisteminden Elde Edilen Bilgilerin İlgili Kurum ve Kuruluşlarla Paylaşılması,ULAŞTIRMA VE ALTYAPI BAKANLIĞI > BAKAN YARDIMCILIĞI (SN. SELİM DURSUN) > DENİZCİLİK GENEL MÜDÜRLÜĞÜ > DENİZ EMNİYETİ VE GÜVENLİĞİ DAİRE BAŞKANLIĞI,https://envanter.kaysis.gov.tr/HizmetDetay.aspx?ID=37159
37161,Uluslararası Liman Tesislerine Ait Liman Tesisi Güvenlik Sertifikası Düzenlenmesi,ULAŞTIRMA VE ALTYAPI BAKANLIĞI > BAKAN YARDIMCILIĞI (SN. SELİM DURSUN) > DENİZCİLİK GENEL MÜDÜRLÜĞÜ > DENİZ EMNİYETİ VE GÜVENLİĞİ DAİRE BAŞKANLIĞI,https://envanter.kaysis.gov.tr/HizmetDetay.aspx?ID=37161
37164,Liman Tesislerine yönelik Tanınmış Güvenlik Kuruluşu (RSO) Yetkilendirilmesi,ULAŞTIRMA VE ALTYAPI BAKANLIĞI > BAKAN YARDIMCILIĞI (SN. SELİM DURSUN) > DENİZCİLİK GENEL MÜDÜRLÜĞÜ > DENİZ EMNİYETİ VE GÜVENLİĞİ DAİRE BAŞKANLIĞI,https://envanter.kaysis.gov.tr/HizmetDetay.aspx?ID=37164
37168,Otomatik Tanımlama Sistemi Verilerinin Dağıtılması,ULAŞTIRMA VE ALTYAPI BAKANLIĞI > BAKAN YARDIMCILIĞI (SN. SELİM DURSUN) > DENİZCİLİK GENEL MÜDÜRLÜĞÜ > DENİZ EMNİYETİ VE GÜVENLİĞİ DAİRE BAŞKANLIĞI,https://envanter.kaysis.gov.tr/HizmetDetay.aspx?ID=37168
37182,Kılavuzluk ve Römorkörcülük Hizmet İzni Verilmesi,ULAŞTIRMA VE ALTYAPI BAKANLIĞI > BAKAN YARDIMCILIĞI (SN. SELİM DURSUN) > DENİZCİLİK GENEL MÜDÜRLÜĞÜ > DENİZ EMNİYETİ VE GÜVENLİĞİ DAİRE BAŞKANLIĞI,https://envanter.kaysis.gov.tr/HizmetDetay.aspx?ID=37182
37185,Yabancı Askeri Gemilerin Türk Limanlarını Ziyaret Etmesine Görüş Verilmesi,ULAŞTIRMA VE ALTYAPI BAKANLIĞI > BAKAN YARDIMCILIĞI (SN. SELİM DURSUN) > DENİZCİLİK GENEL MÜDÜRLÜĞÜ > DENİZ EMNİYETİ VE GÜVENLİĞİ DAİRE BAŞKANLIĞI,https://envanter.kaysis.gov.tr/HizmetDetay.aspx?ID=37185
37187,Yabancı Askeri Gemilerin Türk Boğazlarından geçiş güvenliğine İlişkin Görüş Verilmesi ve geçişle ilgili liman başkanlıklarına bilgi verilmesi,ULAŞTIRMA VE ALTYAPI BAKANLIĞI > BAKAN YARDIMCILIĞI (SN. SELİM DURSUN) > DENİZCİLİK GENEL MÜDÜRLÜĞÜ > DENİZ EMNİYETİ VE GÜVENLİĞİ DAİRE BAŞKANLIĞI,https://envanter.kaysis.gov.tr/HizmetDetay.aspx?ID=37187
90559,Diğer Ülkelerde Haberleşme ve Dijital Dönüşüm Projeleri Geliştirilmesi,ULAŞTIRMA VE ALTYAPI BAKANLIĞI > BAKAN YARDIMCILIĞI (SN. DR. ÖMER FATİH SAYAN) > HABERLEŞME GENEL MÜDÜRLÜĞÜ > BİLGİ TEKNOLOJİLERİ DAİRESİ BAŞKANLIĞI,https://envanter.kaysis.gov.tr/HizmetDetay.aspx?ID=90559
83295,Ulusal Kamu Entegre Veri Merkezinin Kurulması ve İşletilmesi,ULAŞTIRMA VE ALTYAPI BAKANLIĞI > BAKAN YARDIMCILIĞI (SN. DR. ÖMER FATİH SAYAN) > HABERLEŞME GENEL MÜDÜRLÜĞÜ > BİLGİ TEKNOLOJİLERİ DAİRESİ BAŞKANLIĞI,https://envanter.kaysis.gov.tr/HizmetDetay.aspx?ID=83295
83651,Havayoluyla Tehlikeli Madde Taşımacılığı (DGR) Eğitici Belgesi Vermek,ULAŞTIRMA VE ALTYAPI BAKANLIĞI > BAKAN YARDIMCILIĞI (SN. SELİM DURSUN) > ULAŞTIRMA HİZMETLERİ DÜZENLEME GENEL MÜDÜRLÜĞÜ > EĞİTİM VE BELGELENDİRME DAİRESİ BAŞKANLIĞI,https://envanter.kaysis.gov.tr/HizmetDetay.aspx?ID=83651
96375,Tehlikeli Madde Güvenlik Danışmanlarının (TMGD) Kişisel Bilgi Güncelleme İşlemlerini Yapması,ULAŞTIRMA VE ALTYAPI BAKANLIĞI > BAKAN YARDIMCILIĞI (SN. SELİM DURSUN) > ULAŞTIRMA HİZMETLERİ DÜZENLEME GENEL MÜDÜRLÜĞÜ > EĞİTİM VE BELGELENDİRME DAİRESİ BAŞKANLIĞI,https://envanter.kaysis.gov.tr/HizmetDetay.aspx?ID=96375
91983,Tehlikeli Madde Güvenlik Danışmanlığı (TMGD) Eğitim Dönemlerine Kursiyer Ekleme-Silme İşlemi Yapmak,ULAŞTIRMA VE ALTYAPI BAKANLIĞI > BAKAN YARDIMCILIĞI (SN. SELİM DURSUN) > ULAŞTIRMA HİZMETLERİ DÜZENLEME GENEL MÜDÜRLÜĞÜ > EĞİTİM VE BELGELENDİRME DAİRESİ BAŞKANLIĞI,https://envanter.kaysis.gov.tr/HizmetDetay.aspx?ID=91983
91985,Tehlikeli madde Güvenlik Danışmanı (TMGD) Eğitim Dönemlerine Ders Ekleme Çıkarma işlemi,ULAŞTIRMA VE ALTYAPI BAKANLIĞI > BAKAN YARDIMCILIĞI (SN. SELİM DURSUN) > ULAŞTIRMA HİZMETLERİ DÜZENLEME GENEL MÜDÜRLÜĞÜ > EĞİTİM VE BELGELENDİRME DAİRESİ BAŞKANLIĞI,https://envanter.kaysis.gov.tr/HizmetDetay.aspx?ID=91985
91991,Tehlikeli Madde Güvenlik Danışmanı (TMGD) Sorgulaması Yapmak,ULAŞTIRMA VE ALTYAPI BAKANLIĞI > BAKAN YARDIMCILIĞI (SN. SELİM DURSUN) > ULAŞTIRMA HİZMETLERİ DÜZENLEME GENEL MÜDÜRLÜĞÜ > EĞİTİM VE BELGELENDİRME DAİRESİ BAŞKANLIĞI,https://envanter.kaysis.gov.tr/HizmetDetay.aspx?ID=91991
92000,Tehlikeli Madde Güvenlik Danışmanı (TMGD) Sınav Giriş Belgesi Sorgulaması Yapmak,ULAŞTIRMA VE ALTYAPI BAKANLIĞI > BAKAN YARDIMCILIĞI (SN. SELİM DURSUN) > ULAŞTIRMA HİZMETLERİ DÜZENLEME GENEL MÜDÜRLÜĞÜ > EĞİTİM VE BELGELENDİRME DAİRESİ BAŞKANLIĞI,https://envanter.kaysis.gov.tr/HizmetDetay.aspx?ID=92000
92001,Tehlikeli Madde Güvenlik Danışmanlarının(TMGD) Sınav Hakkı Sorgulaması Yapabilmeleri,ULAŞTIRMA VE ALTYAPI BAKANLIĞI > BAKAN YARDIMCILIĞI (SN. SELİM DURSUN) > ULAŞTIRMA HİZMETLERİ DÜZENLEME GENEL MÜDÜRLÜĞÜ > EĞİTİM VE BELGELENDİRME DAİRESİ BAŞKANLIĞI,https://envanter.kaysis.gov.tr/HizmetDetay.aspx?ID=92001
92009,Tehlikeli Madde Güvenlik Danışmanı (TMGD) Sınav Başvuru-Ücret Sorgulaması Yapmak,ULAŞTIRMA VE ALTYAPI BAKANLIĞI > BAKAN YARDIMCILIĞI (SN. SELİM DURSUN) > ULAŞTIRMA HİZMETLERİ DÜZENLEME GENEL MÜDÜRLÜĞÜ > EĞİTİM VE BELGELENDİRME DAİRESİ BAŞKANLIĞI,https://envanter.kaysis.gov.tr/HizmetDetay.aspx?ID=92009
92013,Tehlikeli Madde Güvenlik Danışmanı (TMGD) Sınav Sonuç Sorgulaması Yapmak,ULAŞTIRMA VE ALTYAPI BAKANLIĞI > BAKAN YARDIMCILIĞI (SN. SELİM DURSUN) > ULAŞTIRMA HİZMETLERİ DÜZENLEME GENEL MÜDÜRLÜĞÜ > EĞİTİM VE BELGELENDİRME DAİRESİ BAŞKANLIĞI,https://envanter.kaysis.gov.tr/HizmetDetay.aspx?ID=92013
92019,Tehlikeli Madde Güvenlik Danışmanı (TMGD) Sınavı Toplu Sonuç Sorgulaması Yapmak,ULAŞTIRMA VE ALTYAPI BAKANLIĞI > BAKAN YARDIMCILIĞI (SN. SELİM DURSUN) > ULAŞTIRMA HİZMETLERİ DÜZENLEME GENEL MÜDÜRLÜĞÜ > EĞİTİM VE BELGELENDİRME DAİRESİ BAŞKANLIĞI,https://envanter.kaysis.gov.tr/HizmetDetay.aspx?ID=92019
92021,Tehlikeli Madde Güvenlik Danışmanı(TMGD) Sınav Başvurusu ve Ücret Sorgulama Yapmak,ULAŞTIRMA VE ALTYAPI BAKANLIĞI > BAKAN YARDIMCILIĞI (SN. SELİM DURSUN) > ULAŞTIRMA HİZMETLERİ DÜZENLEME GENEL MÜDÜRLÜĞÜ > EĞİTİM VE BELGELENDİRME DAİRESİ BAŞKANLIĞI,https://envanter.kaysis.gov.tr/HizmetDetay.aspx?ID=92021
92028,Tehlikeli Madde Güvenlik Danışmanı(TMGD) Sınav Başvurusu  ve Güncellemesi Yapmak,ULAŞTIRMA VE ALTYAPI BAKANLIĞI > BAKAN YARDIMCILIĞI (SN. SELİM DURSUN) > ULAŞTIRMA HİZMETLERİ DÜZENLEME GENEL MÜDÜRLÜĞÜ > EĞİTİM VE BELGELENDİRME DAİRESİ BAŞKANLIĞI,https://envanter.kaysis.gov.tr/HizmetDetay.aspx?ID=92028
92031,Tehlikeli Madde Güvenlik Danışmanı (TMGD)Eğitim Dönemi Ders Listelemesi Yapmak,ULAŞTIRMA VE ALTYAPI BAKANLIĞI > BAKAN YARDIMCILIĞI (SN. SELİM DURSUN) > ULAŞTIRMA HİZMETLERİ DÜZENLEME GENEL MÜDÜRLÜĞÜ > EĞİTİM VE BELGELENDİRME DAİRESİ BAŞKANLIĞI,https://envanter.kaysis.gov.tr/HizmetDetay.aspx?ID=92031
92032,Tehlikeli Madde Güvenlik Danışmanlığı(TMGD)Eğitimleri Hakkında Duyurularını Takip Etmek,ULAŞTIRMA VE ALTYAPI BAKANLIĞI > BAKAN YARDIMCILIĞI (SN. SELİM DURSUN) > ULAŞTIRMA HİZMETLERİ DÜZENLEME GENEL MÜDÜRLÜĞÜ > EĞİTİM VE BELGELENDİRME DAİRESİ BAŞKANLIĞI,https://envanter.kaysis.gov.tr/HizmetDetay.aspx?ID=92032
92035,Tehlikeli Madde Güvenlik Danışmanı (TMGD) Eğitim Dönemleri Listelemek,ULAŞTIRMA VE ALTYAPI BAKANLIĞI > BAKAN YARDIMCILIĞI (SN. SELİM DURSUN) > ULAŞTIRMA HİZMETLERİ DÜZENLEME GENEL MÜDÜRLÜĞÜ > EĞİTİM VE BELGELENDİRME DAİRESİ BAŞKANLIĞI,https://envanter.kaysis.gov.tr/HizmetDetay.aspx?ID=92035
92039,Tehlikeli Madde Güvenlik Danışmanlığı (TMGD) Eğitim Kuruluşlarını Sorgulamak,ULAŞTIRMA VE ALTYAPI BAKANLIĞI > BAKAN YARDIMCILIĞI (SN. SELİM DURSUN) > ULAŞTIRMA HİZMETLERİ DÜZENLEME GENEL MÜDÜRLÜĞÜ > EĞİTİM VE BELGELENDİRME DAİRESİ BAŞKANLIĞI,https://envanter.kaysis.gov.tr/HizmetDetay.aspx?ID=92039
92040,Tehlikeli madde Güvenlik Danışmanlığı(TMGD) Eğitmen Ders Listelenmesi,ULAŞTIRMA VE ALTYAPI BAKANLIĞI > BAKAN YARDIMCILIĞI (SN. SELİM DURSUN) > ULAŞTIRMA HİZMETLERİ DÜZENLEME GENEL MÜDÜRLÜĞÜ > EĞİTİM VE BELGELENDİRME DAİRESİ BAŞKANLIĞI,https://envanter.kaysis.gov.tr/HizmetDetay.aspx?ID=92040
92042,Tehlikeli madde Güvenlik Danışmanı(TMGD) Yeni Eğitim Dönemi Açmak,ULAŞTIRMA VE ALTYAPI BAKANLIĞI > BAKAN YARDIMCILIĞI (SN. SELİM DURSUN) > ULAŞTIRMA HİZMETLERİ DÜZENLEME GENEL MÜDÜRLÜĞÜ > EĞİTİM VE BELGELENDİRME DAİRESİ BAŞKANLIĞI,https://envanter.kaysis.gov.tr/HizmetDetay.aspx?ID=92042
92048,Tehlikeli Madde Güvenlik Danışmanı (TMGD) Eğitimi Alan Kursiyeri Listelemek,ULAŞTIRMA VE ALTYAPI BAKANLIĞI > BAKAN YARDIMCILIĞI (SN. SELİM DURSUN) > ULAŞTIRMA HİZMETLERİ DÜZENLEME GENEL MÜDÜRLÜĞÜ > EĞİTİM VE BELGELENDİRME DAİRESİ BAŞKANLIĞI,https://envanter.kaysis.gov.tr/HizmetDetay.aspx?ID=92048
92049,Tehlikeli Madde Güvenlik Danışmanı (TMGD) Sınav Puanı Girişi Yapmak,ULAŞTIRMA VE ALTYAPI BAKANLIĞI > BAKAN YARDIMCILIĞI (SN. SELİM DURSUN) > ULAŞTIRMA HİZMETLERİ DÜZENLEME GENEL MÜDÜRLÜĞÜ > EĞİTİM VE BELGELENDİRME DAİRESİ BAŞKANLIĞI,https://envanter.kaysis.gov.tr/HizmetDetay.aspx?ID=92049
92051,Tehlikeli Madde Güvenlik Danışmanı(TMGD) Sertifika Doğrulaması Yapmak,ULAŞTIRMA VE ALTYAPI BAKANLIĞI > BAKAN YARDIMCILIĞI (SN. SELİM DURSUN) > ULAŞTIRMA HİZMETLERİ DÜZENLEME GENEL MÜDÜRLÜĞÜ > EĞİTİM VE BELGELENDİRME DAİRESİ BAŞKANLIĞI,https://envanter.kaysis.gov.tr/HizmetDetay.aspx?ID=92051
92056,Tehlikeli Madde Güvenlik Danışmanı (TMGD) Sertifika İşlemleri Yapılması,ULAŞTIRMA VE ALTYAPI BAKANLIĞI > BAKAN YARDIMCILIĞI (SN. SELİM DURSUN) > ULAŞTIRMA HİZMETLERİ DÜZENLEME GENEL MÜDÜRLÜĞÜ > EĞİTİM VE BELGELENDİRME DAİRESİ BAŞKANLIĞI,https://envanter.kaysis.gov.tr/HizmetDetay.aspx?ID=92056
92065,Tehlikeli Madde Güvenlik Danışmanı (TMGD) Sertifika ve Eğitim Tamamlama Belgesi Sorgulama,ULAŞTIRMA VE ALTYAPI BAKANLIĞI > BAKAN YARDIMCILIĞI (SN. SELİM DURSUN) > ULAŞTIRMA HİZMETLERİ DÜZENLEME GENEL MÜDÜRLÜĞÜ > EĞİTİM VE BELGELENDİRME DAİRESİ BAŞKANLIĞI,https://envanter.kaysis.gov.tr/HizmetDetay.aspx?ID=92065
92072,Tehlikeli Madde Güvenlik Danışmanı (TMGD) Sınav Başvuru İşlemlerini Yapmak,ULAŞTIRMA VE ALTYAPI BAKANLIĞI > BAKAN YARDIMCILIĞI (SN. SELİM DURSUN) > ULAŞTIRMA HİZMETLERİ DÜZENLEME GENEL MÜDÜRLÜĞÜ > EĞİTİM VE BELGELENDİRME DAİRESİ BAŞKANLIĞI,https://envanter.kaysis.gov.tr/HizmetDetay.aspx?ID=92072
92074,Tehlikeli Madde Güvenlik Danışmanı (TMGD) Sınav Başvuru Sorgulaması Yapmak,ULAŞTIRMA VE ALTYAPI BAKANLIĞI > BAKAN YARDIMCILIĞI (SN. SELİM DURSUN) > ULAŞTIRMA HİZMETLERİ DÜZENLEME GENEL MÜDÜRLÜĞÜ > EĞİTİM VE BELGELENDİRME DAİRESİ BAŞKANLIĞI,https://envanter.kaysis.gov.tr/HizmetDetay.aspx?ID=92074
92076,Tehlikeli Madde Güvenlik Danışmanı (TMGD) Sınavı Sonuç Sorgulaması Yapmak,ULAŞTIRMA VE ALTYAPI BAKANLIĞI > BAKAN YARDIMCILIĞI (SN. SELİM DURSUN) > ULAŞTIRMA HİZMETLERİ DÜZENLEME GENEL MÜDÜRLÜĞÜ > EĞİTİM VE BELGELENDİRME DAİRESİ BAŞKANLIĞI,https://envanter.kaysis.gov.tr/HizmetDetay.aspx?ID=92076
92079,Tehlikeli Madde Güvenlik Danışmanı (TMGD) Sınav Giriş Belgesi Sorgulaması Yapmak,ULAŞTIRMA VE ALTYAPI BAKANLIĞI > BAKAN YARDIMCILIĞI (SN. SELİM DURSUN) > ULAŞTIRMA HİZMETLERİ DÜZENLEME GENEL MÜDÜRLÜĞÜ > EĞİTİM VE BELGELENDİRME DAİRESİ BAŞKANLIĞI,https://envanter.kaysis.gov.tr/HizmetDetay.aspx?ID=92079
83778,Demiryoluyla Tehlike Madde Taşımacılığı Eğitimi Yetki Belgesi Vermek,ULAŞTIRMA VE ALTYAPI BAKANLIĞI > BAKAN YARDIMCILIĞI (SN. SELİM DURSUN) > ULAŞTIRMA HİZMETLERİ DÜZENLEME GENEL MÜDÜRLÜĞÜ > EĞİTİM VE BELGELENDİRME DAİRESİ BAŞKANLIĞI,https://envanter.kaysis.gov.tr/HizmetDetay.aspx?ID=83778
83787,RID Eğitici Belgesi Vermek,ULAŞTIRMA VE ALTYAPI BAKANLIĞI > BAKAN YARDIMCILIĞI (SN. SELİM DURSUN) > ULAŞTIRMA HİZMETLERİ DÜZENLEME GENEL MÜDÜRLÜĞÜ > EĞİTİM VE BELGELENDİRME DAİRESİ BAŞKANLIĞI,https://envanter.kaysis.gov.tr/HizmetDetay.aspx?ID=83787
83827,Tehlikeli Madde Taşımacılığı Mesleki Yeterlilik Eğitimi Yetki Belgesi Vermek,ULAŞTIRMA VE ALTYAPI BAKANLIĞI > BAKAN YARDIMCILIĞI (SN. SELİM DURSUN) > ULAŞTIRMA HİZMETLERİ DÜZENLEME GENEL MÜDÜRLÜĞÜ > EĞİTİM VE BELGELENDİRME DAİRESİ BAŞKANLIĞI,https://envanter.kaysis.gov.tr/HizmetDetay.aspx?ID=83827
83840,SRC5 Eğitici Belgesi Vermek,ULAŞTIRMA VE ALTYAPI BAKANLIĞI > BAKAN YARDIMCILIĞI (SN. SELİM DURSUN) > ULAŞTIRMA HİZMETLERİ DÜZENLEME GENEL MÜDÜRLÜĞÜ > EĞİTİM VE BELGELENDİRME DAİRESİ BAŞKANLIĞI,https://envanter.kaysis.gov.tr/HizmetDetay.aspx?ID=83840
83844,Tehlikeli Madde Güvenlik Danışmanı Eğitimi Yetki Belgesi Vermek,ULAŞTIRMA VE ALTYAPI BAKANLIĞI > BAKAN YARDIMCILIĞI (SN. SELİM DURSUN) > ULAŞTIRMA HİZMETLERİ DÜZENLEME GENEL MÜDÜRLÜĞÜ > EĞİTİM VE BELGELENDİRME DAİRESİ BAŞKANLIĞI,https://envanter.kaysis.gov.tr/HizmetDetay.aspx?ID=83844
83848,Tehlikeli Madde Güvenlik Danışmanı Eğitici Belgesi Vermek,ULAŞTIRMA VE ALTYAPI BAKANLIĞI > BAKAN YARDIMCILIĞI (SN. SELİM DURSUN) > ULAŞTIRMA HİZMETLERİ DÜZENLEME GENEL MÜDÜRLÜĞÜ > EĞİTİM VE BELGELENDİRME DAİRESİ BAŞKANLIĞI,https://envanter.kaysis.gov.tr/HizmetDetay.aspx?ID=83848
83868,Tehlikeli Madde Güvenlik Danışmanı Sertifikası Vermek,ULAŞTIRMA VE ALTYAPI BAKANLIĞI > BAKAN YARDIMCILIĞI (SN. SELİM DURSUN) > ULAŞTIRMA HİZMETLERİ DÜZENLEME GENEL MÜDÜRLÜĞÜ > EĞİTİM VE BELGELENDİRME DAİRESİ BAŞKANLIĞI,https://envanter.kaysis.gov.tr/HizmetDetay.aspx?ID=83868
117706,SRC-5 Yoklama Girişinin Yapılması,ULAŞTIRMA VE ALTYAPI BAKANLIĞI > BAKAN YARDIMCILIĞI (SN. SELİM DURSUN) > ULAŞTIRMA HİZMETLERİ DÜZENLEME GENEL MÜDÜRLÜĞÜ > EĞİTİM VE BELGELENDİRME DAİRESİ BAŞKANLIĞI,https://envanter.kaysis.gov.tr/HizmetDetay.aspx?ID=117706
92082,Tehlikeli Madde Güvenlik Danışmanı(TMGD) Eğitmen İşlemleri Yapmak,ULAŞTIRMA VE ALTYAPI BAKANLIĞI > BAKAN YARDIMCILIĞI (SN. SELİM DURSUN) > ULAŞTIRMA HİZMETLERİ DÜZENLEME GENEL MÜDÜRLÜĞÜ > EĞİTİM VE BELGELENDİRME DAİRESİ BAŞKANLIĞI,https://envanter.kaysis.gov.tr/HizmetDetay.aspx?ID=92082
92087,Tehlikeli Madde Güvenlik Danışmanı(TMGD) Kamu İşlem Yetkisi Tanımlaması Yapmak,ULAŞTIRMA VE ALTYAPI BAKANLIĞI > BAKAN YARDIMCILIĞI (SN. SELİM DURSUN) > ULAŞTIRMA HİZMETLERİ DÜZENLEME GENEL MÜDÜRLÜĞÜ > EĞİTİM VE BELGELENDİRME DAİRESİ BAŞKANLIĞI,https://envanter.kaysis.gov.tr/HizmetDetay.aspx?ID=92087
92089,Tehlikeli Madde Eğiticileri Tarafından Sözleşme/Dönem Onaylama İşlemleri Yapmak,ULAŞTIRMA VE ALTYAPI BAKANLIĞI > BAKAN YARDIMCILIĞI (SN. SELİM DURSUN) > ULAŞTIRMA HİZMETLERİ DÜZENLEME GENEL MÜDÜRLÜĞÜ > EĞİTİM VE BELGELENDİRME DAİRESİ BAŞKANLIĞI,https://envanter.kaysis.gov.tr/HizmetDetay.aspx?ID=92089
92101,Mesleki Yeterlilik Belgesi(SRC5) Sorgulaması Yapmak,ULAŞTIRMA VE ALTYAPI BAKANLIĞI > BAKAN YARDIMCILIĞI (SN. SELİM DURSUN) > ULAŞTIRMA HİZMETLERİ DÜZENLEME GENEL MÜDÜRLÜĞÜ > EĞİTİM VE BELGELENDİRME DAİRESİ BAŞKANLIĞI,https://envanter.kaysis.gov.tr/HizmetDetay.aspx?ID=92101
92103,Sınav Bilgileri Sorgulaması Yapmak,ULAŞTIRMA VE ALTYAPI BAKANLIĞI > BAKAN YARDIMCILIĞI (SN. SELİM DURSUN) > ULAŞTIRMA HİZMETLERİ DÜZENLEME GENEL MÜDÜRLÜĞÜ > EĞİTİM VE BELGELENDİRME DAİRESİ BAŞKANLIĞI,https://envanter.kaysis.gov.tr/HizmetDetay.aspx?ID=92103
92106,Mesleki Yeterlilik Kursları Sorgulaması Yapmak,ULAŞTIRMA VE ALTYAPI BAKANLIĞI > BAKAN YARDIMCILIĞI (SN. SELİM DURSUN) > ULAŞTIRMA HİZMETLERİ DÜZENLEME GENEL MÜDÜRLÜĞÜ > EĞİTİM VE BELGELENDİRME DAİRESİ BAŞKANLIĞI,https://envanter.kaysis.gov.tr/HizmetDetay.aspx?ID=92106
92111,Eğitim Tamamlama Belgesi (Sertifika) Sorgulaması Yapmak,ULAŞTIRMA VE ALTYAPI BAKANLIĞI > BAKAN YARDIMCILIĞI (SN. SELİM DURSUN) > ULAŞTIRMA HİZMETLERİ DÜZENLEME GENEL MÜDÜRLÜĞÜ > EĞİTİM VE BELGELENDİRME DAİRESİ BAŞKANLIĞI,https://envanter.kaysis.gov.tr/HizmetDetay.aspx?ID=92111
92112,Mesleki Yeterlilik Sınavı Başvuru/Güncellemesi Yapmak,ULAŞTIRMA VE ALTYAPI BAKANLIĞI > BAKAN YARDIMCILIĞI (SN. SELİM DURSUN) > ULAŞTIRMA HİZMETLERİ DÜZENLEME GENEL MÜDÜRLÜĞÜ > EĞİTİM VE BELGELENDİRME DAİRESİ BAŞKANLIĞI,https://envanter.kaysis.gov.tr/HizmetDetay.aspx?ID=92112
92113,Sınav Başvuru ve Ücret Durumu Sorgulaması Yapmak,ULAŞTIRMA VE ALTYAPI BAKANLIĞI > BAKAN YARDIMCILIĞI (SN. SELİM DURSUN) > ULAŞTIRMA HİZMETLERİ DÜZENLEME GENEL MÜDÜRLÜĞÜ > EĞİTİM VE BELGELENDİRME DAİRESİ BAŞKANLIĞI,https://envanter.kaysis.gov.tr/HizmetDetay.aspx?ID=92113
92115,Sınav Giriş Belgesi Sorgulaması Yapmak,ULAŞTIRMA VE ALTYAPI BAKANLIĞI > BAKAN YARDIMCILIĞI (SN. SELİM DURSUN) > ULAŞTIRMA HİZMETLERİ DÜZENLEME GENEL MÜDÜRLÜĞÜ > EĞİTİM VE BELGELENDİRME DAİRESİ BAŞKANLIĞI,https://envanter.kaysis.gov.tr/HizmetDetay.aspx?ID=92115
92118,Sınav Sonuç Sorgulaması Yapmak,ULAŞTIRMA VE ALTYAPI BAKANLIĞI > BAKAN YARDIMCILIĞI (SN. SELİM DURSUN) > ULAŞTIRMA HİZMETLERİ DÜZENLEME GENEL MÜDÜRLÜĞÜ > EĞİTİM VE BELGELENDİRME DAİRESİ BAŞKANLIĞI,https://envanter.kaysis.gov.tr/HizmetDetay.aspx?ID=92118
92182,Mesleki Yeterlilik(SRC5) Eğitimi Dönem İşlemlerinin Yapılması,ULAŞTIRMA VE ALTYAPI BAKANLIĞI > BAKAN YARDIMCILIĞI (SN. SELİM DURSUN) > ULAŞTIRMA HİZMETLERİ DÜZENLEME GENEL MÜDÜRLÜĞÜ > EĞİTİM VE BELGELENDİRME DAİRESİ BAŞKANLIĞI,https://envanter.kaysis.gov.tr/HizmetDetay.aspx?ID=92182
92183,Mesleki Yeterlilik (SRC5) Eğitmen İşlemlerinin Yapılması,ULAŞTIRMA VE ALTYAPI BAKANLIĞI > BAKAN YARDIMCILIĞI (SN. SELİM DURSUN) > ULAŞTIRMA HİZMETLERİ DÜZENLEME GENEL MÜDÜRLÜĞÜ > EĞİTİM VE BELGELENDİRME DAİRESİ BAŞKANLIĞI,https://envanter.kaysis.gov.tr/HizmetDetay.aspx?ID=92183
92186,Sınav Başvuru Girişi Yapmak,ULAŞTIRMA VE ALTYAPI BAKANLIĞI > BAKAN YARDIMCILIĞI (SN. SELİM DURSUN) > ULAŞTIRMA HİZMETLERİ DÜZENLEME GENEL MÜDÜRLÜĞÜ > EĞİTİM VE BELGELENDİRME DAİRESİ BAŞKANLIĞI,https://envanter.kaysis.gov.tr/HizmetDetay.aspx?ID=92186
92188,Sınav Başvuru Sorgulaması Yapmak,ULAŞTIRMA VE ALTYAPI BAKANLIĞI > BAKAN YARDIMCILIĞI (SN. SELİM DURSUN) > ULAŞTIRMA HİZMETLERİ DÜZENLEME GENEL MÜDÜRLÜĞÜ > EĞİTİM VE BELGELENDİRME DAİRESİ BAŞKANLIĞI,https://envanter.kaysis.gov.tr/HizmetDetay.aspx?ID=92188
92189,Sınav Giriş Belgesi Sorgulaması Yapmak,ULAŞTIRMA VE ALTYAPI BAKANLIĞI > BAKAN YARDIMCILIĞI (SN. SELİM DURSUN) > ULAŞTIRMA HİZMETLERİ DÜZENLEME GENEL MÜDÜRLÜĞÜ > EĞİTİM VE BELGELENDİRME DAİRESİ BAŞKANLIĞI,https://envanter.kaysis.gov.tr/HizmetDetay.aspx?ID=92189
92191,Sınav Hakkı Sorgulaması Yapmak,ULAŞTIRMA VE ALTYAPI BAKANLIĞI > BAKAN YARDIMCILIĞI (SN. SELİM DURSUN) > ULAŞTIRMA HİZMETLERİ DÜZENLEME GENEL MÜDÜRLÜĞÜ > EĞİTİM VE BELGELENDİRME DAİRESİ BAŞKANLIĞI,https://envanter.kaysis.gov.tr/HizmetDetay.aspx?ID=92191
92192,Sınav Ücreti Ödeme Sorgulama Yapma,ULAŞTIRMA VE ALTYAPI BAKANLIĞI > BAKAN YARDIMCILIĞI (SN. SELİM DURSUN) > ULAŞTIRMA HİZMETLERİ DÜZENLEME GENEL MÜDÜRLÜĞÜ > EĞİTİM VE BELGELENDİRME DAİRESİ BAŞKANLIĞI,https://envanter.kaysis.gov.tr/HizmetDetay.aspx?ID=92192
92194,Sınav Sonuç Sorgulaması Yapmak,ULAŞTIRMA VE ALTYAPI BAKANLIĞI > BAKAN YARDIMCILIĞI (SN. SELİM DURSUN) > ULAŞTIRMA HİZMETLERİ DÜZENLEME GENEL MÜDÜRLÜĞÜ > EĞİTİM VE BELGELENDİRME DAİRESİ BAŞKANLIĞI,https://envanter.kaysis.gov.tr/HizmetDetay.aspx?ID=92194
110460,Eğitim Tamamlama Belgesi (Sertifika) Verilmesi,ULAŞTIRMA VE ALTYAPI BAKANLIĞI > BAKAN YARDIMCILIĞI (SN. SELİM DURSUN) > ULAŞTIRMA HİZMETLERİ DÜZENLEME GENEL MÜDÜRLÜĞÜ > EĞİTİM VE BELGELENDİRME DAİRESİ BAŞKANLIĞI,https://envanter.kaysis.gov.tr/HizmetDetay.aspx?ID=110460
110461,Eğitim Tamamlama Belgesinin (Sertifika) Doğrulanması,ULAŞTIRMA VE ALTYAPI BAKANLIĞI > BAKAN YARDIMCILIĞI (SN. SELİM DURSUN) > ULAŞTIRMA HİZMETLERİ DÜZENLEME GENEL MÜDÜRLÜĞÜ > EĞİTİM VE BELGELENDİRME DAİRESİ BAŞKANLIĞI,https://envanter.kaysis.gov.tr/HizmetDetay.aspx?ID=110461
92195,Sınav Toplu Sonuçları Sorgulaması Yapmak,ULAŞTIRMA VE ALTYAPI BAKANLIĞI > BAKAN YARDIMCILIĞI (SN. SELİM DURSUN) > ULAŞTIRMA HİZMETLERİ DÜZENLEME GENEL MÜDÜRLÜĞÜ > EĞİTİM VE BELGELENDİRME DAİRESİ BAŞKANLIĞI,https://envanter.kaysis.gov.tr/HizmetDetay.aspx?ID=92195
92197,Mesleki Yeterlilik (SRC5) Eğitim Dönemi Kursiyer İşlemlerinin Yapılması,ULAŞTIRMA VE ALTYAPI BAKANLIĞI > BAKAN YARDIMCILIĞI (SN. SELİM DURSUN) > ULAŞTIRMA HİZMETLERİ DÜZENLEME GENEL MÜDÜRLÜĞÜ > EĞİTİM VE BELGELENDİRME DAİRESİ BAŞKANLIĞI,https://envanter.kaysis.gov.tr/HizmetDetay.aspx?ID=92197
92199,Mesleki Yeterlilik (SRC5) Eğitim Dönemi Kursiyerlerinin Listelenmesi,ULAŞTIRMA VE ALTYAPI BAKANLIĞI > BAKAN YARDIMCILIĞI (SN. SELİM DURSUN) > ULAŞTIRMA HİZMETLERİ DÜZENLEME GENEL MÜDÜRLÜĞÜ > EĞİTİM VE BELGELENDİRME DAİRESİ BAŞKANLIĞI,https://envanter.kaysis.gov.tr/HizmetDetay.aspx?ID=92199
92203,Mesleki Yeterlilik (SRC5) Kursiyer Puan Girişi Yapma,ULAŞTIRMA VE ALTYAPI BAKANLIĞI > BAKAN YARDIMCILIĞI (SN. SELİM DURSUN) > ULAŞTIRMA HİZMETLERİ DÜZENLEME GENEL MÜDÜRLÜĞÜ > EĞİTİM VE BELGELENDİRME DAİRESİ BAŞKANLIĞI,https://envanter.kaysis.gov.tr/HizmetDetay.aspx?ID=92203
92204,Mesleki Yeterlilik (SRC5) Eğitimi Sertifika İşlemleri,ULAŞTIRMA VE ALTYAPI BAKANLIĞI > BAKAN YARDIMCILIĞI (SN. SELİM DURSUN) > ULAŞTIRMA HİZMETLERİ DÜZENLEME GENEL MÜDÜRLÜĞÜ > EĞİTİM VE BELGELENDİRME DAİRESİ BAŞKANLIĞI,https://envanter.kaysis.gov.tr/HizmetDetay.aspx?ID=92204
92207,Mesleki Yeterlilik (SRC5) Ders İşlemlerini Yapma,ULAŞTIRMA VE ALTYAPI BAKANLIĞI > BAKAN YARDIMCILIĞI (SN. SELİM DURSUN) > ULAŞTIRMA HİZMETLERİ DÜZENLEME GENEL MÜDÜRLÜĞÜ > EĞİTİM VE BELGELENDİRME DAİRESİ BAŞKANLIĞI,https://envanter.kaysis.gov.tr/HizmetDetay.aspx?ID=92207
92217,Mesleki Yeterlilik (SRC5) Eğitim Dönemi Ders Listesi,ULAŞTIRMA VE ALTYAPI BAKANLIĞI > BAKAN YARDIMCILIĞI (SN. SELİM DURSUN) > ULAŞTIRMA HİZMETLERİ DÜZENLEME GENEL MÜDÜRLÜĞÜ > EĞİTİM VE BELGELENDİRME DAİRESİ BAŞKANLIĞI,https://envanter.kaysis.gov.tr/HizmetDetay.aspx?ID=92217
92238,Kamu İşlem Yetkisi Tanımlaması (SRC5) Yapmak,ULAŞTIRMA VE ALTYAPI BAKANLIĞI > BAKAN YARDIMCILIĞI (SN. SELİM DURSUN) > ULAŞTIRMA HİZMETLERİ DÜZENLEME GENEL MÜDÜRLÜĞÜ > EĞİTİM VE BELGELENDİRME DAİRESİ BAŞKANLIĞI,https://envanter.kaysis.gov.tr/HizmetDetay.aspx?ID=92238
92243,"Denizyolu(IMDG kod), Havayolu(DGR) ve Demiryolu(RID) Eğitim Kuruluşu Eğitmen İşlemleri Yapılması",ULAŞTIRMA VE ALTYAPI BAKANLIĞI > BAKAN YARDIMCILIĞI (SN. SELİM DURSUN) > ULAŞTIRMA HİZMETLERİ DÜZENLEME GENEL MÜDÜRLÜĞÜ > EĞİTİM VE BELGELENDİRME DAİRESİ BAŞKANLIĞI,https://envanter.kaysis.gov.tr/HizmetDetay.aspx?ID=92243
92245,"Denizyolu(IMDG kod), Havayolu(DGR) ve Demiryolu(RID) Eğitim Kuruluşu Kamu İşlem Yetkisi Tanımlama",ULAŞTIRMA VE ALTYAPI BAKANLIĞI > BAKAN YARDIMCILIĞI (SN. SELİM DURSUN) > ULAŞTIRMA HİZMETLERİ DÜZENLEME GENEL MÜDÜRLÜĞÜ > EĞİTİM VE BELGELENDİRME DAİRESİ BAŞKANLIĞI,https://envanter.kaysis.gov.tr/HizmetDetay.aspx?ID=92245
92248,"Denizyolu(IMDG kod), Havayolu(DGR) ve Demiryolu((RID) Eğitim Kuruluşlarına Duyuru Yapılması",ULAŞTIRMA VE ALTYAPI BAKANLIĞI > BAKAN YARDIMCILIĞI (SN. SELİM DURSUN) > ULAŞTIRMA HİZMETLERİ DÜZENLEME GENEL MÜDÜRLÜĞÜ > EĞİTİM VE BELGELENDİRME DAİRESİ BAŞKANLIĞI,https://envanter.kaysis.gov.tr/HizmetDetay.aspx?ID=92248
92257,"Denizyolu(IMDG kod), Havayolu(DGR) ve Demiryolu(RID) Eğitim Dönemlerini Listelemek",ULAŞTIRMA VE ALTYAPI BAKANLIĞI > BAKAN YARDIMCILIĞI (SN. SELİM DURSUN) > ULAŞTIRMA HİZMETLERİ DÜZENLEME GENEL MÜDÜRLÜĞÜ > EĞİTİM VE BELGELENDİRME DAİRESİ BAŞKANLIĞI,https://envanter.kaysis.gov.tr/HizmetDetay.aspx?ID=92257
92259,"Denizyolu(IMDG kod), Havayolu(DGR) ve Demiryolu(RID) Yeni Eğitim Dönemi Açma",ULAŞTIRMA VE ALTYAPI BAKANLIĞI > BAKAN YARDIMCILIĞI (SN. SELİM DURSUN) > ULAŞTIRMA HİZMETLERİ DÜZENLEME GENEL MÜDÜRLÜĞÜ > EĞİTİM VE BELGELENDİRME DAİRESİ BAŞKANLIĞI,https://envanter.kaysis.gov.tr/HizmetDetay.aspx?ID=92259
92261,"Denizyolu(IMDG kod), Havayolu(DGR) ve Demiryolu(RID) Eğitim Dönemi Ders Ekleme Çıkarma İşlemi Yapmak",ULAŞTIRMA VE ALTYAPI BAKANLIĞI > BAKAN YARDIMCILIĞI (SN. SELİM DURSUN) > ULAŞTIRMA HİZMETLERİ DÜZENLEME GENEL MÜDÜRLÜĞÜ > EĞİTİM VE BELGELENDİRME DAİRESİ BAŞKANLIĞI,https://envanter.kaysis.gov.tr/HizmetDetay.aspx?ID=92261
92263,"Denizyolu(IMDG kod), Havayolu(DGR) ve Demiryolu(RID) Eğitim Dönemi Derslerini Listelemek",ULAŞTIRMA VE ALTYAPI BAKANLIĞI > BAKAN YARDIMCILIĞI (SN. SELİM DURSUN) > ULAŞTIRMA HİZMETLERİ DÜZENLEME GENEL MÜDÜRLÜĞÜ > EĞİTİM VE BELGELENDİRME DAİRESİ BAŞKANLIĞI,https://envanter.kaysis.gov.tr/HizmetDetay.aspx?ID=92263
92264,"Denizyolu(IMDG kod), Havayolu(DGR) ve Demiryolu(RID) Eğitim Dönemi Kursiyer İşlemlerini Yapmak",ULAŞTIRMA VE ALTYAPI BAKANLIĞI > BAKAN YARDIMCILIĞI (SN. SELİM DURSUN) > ULAŞTIRMA HİZMETLERİ DÜZENLEME GENEL MÜDÜRLÜĞÜ > EĞİTİM VE BELGELENDİRME DAİRESİ BAŞKANLIĞI,https://envanter.kaysis.gov.tr/HizmetDetay.aspx?ID=92264
92265,"Denizyolu(IMDG kod), Havayolu(DGR) ve Demiryolu(RID) Eğitim Dönemine Kayıtlı Kursiyerin Listelenmesi",ULAŞTIRMA VE ALTYAPI BAKANLIĞI > BAKAN YARDIMCILIĞI (SN. SELİM DURSUN) > ULAŞTIRMA HİZMETLERİ DÜZENLEME GENEL MÜDÜRLÜĞÜ > EĞİTİM VE BELGELENDİRME DAİRESİ BAŞKANLIĞI,https://envanter.kaysis.gov.tr/HizmetDetay.aspx?ID=92265
92266,"Denizyolu (IMDG kod), Havayolu (DGR) ve Demiryolu (RID) Eğitim Dönemi Puan Girişi Yapmak",ULAŞTIRMA VE ALTYAPI BAKANLIĞI > BAKAN YARDIMCILIĞI (SN. SELİM DURSUN) > ULAŞTIRMA HİZMETLERİ DÜZENLEME GENEL MÜDÜRLÜĞÜ > EĞİTİM VE BELGELENDİRME DAİRESİ BAŞKANLIĞI,https://envanter.kaysis.gov.tr/HizmetDetay.aspx?ID=92266
92267,"Denizyolu(IMDG kod), Havayolu(DGR) ve Demiryolu(RID) Eğitimi Sertifika İşlemi Yapmak",ULAŞTIRMA VE ALTYAPI BAKANLIĞI > BAKAN YARDIMCILIĞI (SN. SELİM DURSUN) > ULAŞTIRMA HİZMETLERİ DÜZENLEME GENEL MÜDÜRLÜĞÜ > EĞİTİM VE BELGELENDİRME DAİRESİ BAŞKANLIĞI,https://envanter.kaysis.gov.tr/HizmetDetay.aspx?ID=92267
83625,Havayoluyla Tehlikeli Madde Taşımacılığı Eğitimi Yetki Belgesi Vermek,ULAŞTIRMA VE ALTYAPI BAKANLIĞI > BAKAN YARDIMCILIĞI (SN. SELİM DURSUN) > ULAŞTIRMA HİZMETLERİ DÜZENLEME GENEL MÜDÜRLÜĞÜ > EĞİTİM VE BELGELENDİRME DAİRESİ BAŞKANLIĞI,https://envanter.kaysis.gov.tr/HizmetDetay.aspx?ID=83625
117707,Tehlikeli madde Güvenlik Danışmanı (TMGD) Yoklama Girişinin Yapılması,ULAŞTIRMA VE ALTYAPI BAKANLIĞI > BAKAN YARDIMCILIĞI (SN. SELİM DURSUN) > ULAŞTIRMA HİZMETLERİ DÜZENLEME GENEL MÜDÜRLÜĞÜ > EĞİTİM VE BELGELENDİRME DAİRESİ BAŞKANLIĞI,https://envanter.kaysis.gov.tr/HizmetDetay.aspx?ID=117707
100479,Muafiyetli SRC Başvurusu Yapılması,ULAŞTIRMA VE ALTYAPI BAKANLIĞI > BAKAN YARDIMCILIĞI (SN. SELİM DURSUN) > ULAŞTIRMA HİZMETLERİ DÜZENLEME GENEL MÜDÜRLÜĞÜ > EĞİTİM VE BELGELENDİRME DAİRESİ BAŞKANLIĞI,https://envanter.kaysis.gov.tr/HizmetDetay.aspx?ID=100479
100480,Mesleki Yeterlilik Belgesi Sorgulama/Düzenleme Yapılması,ULAŞTIRMA VE ALTYAPI BAKANLIĞI > BAKAN YARDIMCILIĞI (SN. SELİM DURSUN) > ULAŞTIRMA HİZMETLERİ DÜZENLEME GENEL MÜDÜRLÜĞÜ > EĞİTİM VE BELGELENDİRME DAİRESİ BAŞKANLIĞI,https://envanter.kaysis.gov.tr/HizmetDetay.aspx?ID=100480
100481,Mesleki Yeterlilik Belgesi Doğrulama Yapılması,ULAŞTIRMA VE ALTYAPI BAKANLIĞI > BAKAN YARDIMCILIĞI (SN. SELİM DURSUN) > ULAŞTIRMA HİZMETLERİ DÜZENLEME GENEL MÜDÜRLÜĞÜ > EĞİTİM VE BELGELENDİRME DAİRESİ BAŞKANLIĞI,https://envanter.kaysis.gov.tr/HizmetDetay.aspx?ID=100481
112854,Deniz Gözetim İşletme Yetki Belgesi Almış İşletmelerin Listelenmesi,ULAŞTIRMA VE ALTYAPI BAKANLIĞI > BAKAN YARDIMCILIĞI (SN. DURMUŞ ÜNÜVAR) > DENİZCİLİK GENEL MÜDÜRLÜĞÜ,https://envanter.kaysis.gov.tr/HizmetDetay.aspx?ID=112854
112884,Denize Elverişlilik Belgesi Ödeme İşlemlerinin Yapılması,ULAŞTIRMA VE ALTYAPI BAKANLIĞI > BAKAN YARDIMCILIĞI (SN. DURMUŞ ÜNÜVAR) > DENİZCİLİK GENEL MÜDÜRLÜĞÜ,https://envanter.kaysis.gov.tr/HizmetDetay.aspx?ID=112884
114163,Deniz Ticareti Gözetim Hizmetleri Programına Giriş Sağlanması İçin Ön Başvuru İşleminin Yapılması,ULAŞTIRMA VE ALTYAPI BAKANLIĞI > BAKAN YARDIMCILIĞI (SN. DURMUŞ ÜNÜVAR) > DENİZCİLİK GENEL MÜDÜRLÜĞÜ,https://envanter.kaysis.gov.tr/HizmetDetay.aspx?ID=114163
114165,Ön başvurusu Yapılan Deniz Ticareti Gözetim Hizmetleri Programı Girişinin Yapılması,ULAŞTIRMA VE ALTYAPI BAKANLIĞI > BAKAN YARDIMCILIĞI (SN. DURMUŞ ÜNÜVAR) > DENİZCİLİK GENEL MÜDÜRLÜĞÜ,https://envanter.kaysis.gov.tr/HizmetDetay.aspx?ID=114165
114213,Denizyolu ile Düzenli Sefer Yapacak Gemilere Verilen Hat İzin Belgesinin Görüntülenmesi,ULAŞTIRMA VE ALTYAPI BAKANLIĞI > BAKAN YARDIMCILIĞI (SN. DURMUŞ ÜNÜVAR) > DENİZCİLİK GENEL MÜDÜRLÜĞÜ,https://envanter.kaysis.gov.tr/HizmetDetay.aspx?ID=114213
114214,Denizyolu ile Düzenli Sefer Yapacak Gemilere Verilen Hat İzin Belgesinin Doğrulanması,ULAŞTIRMA VE ALTYAPI BAKANLIĞI > BAKAN YARDIMCILIĞI (SN. DURMUŞ ÜNÜVAR) > DENİZCİLİK GENEL MÜDÜRLÜĞÜ,https://envanter.kaysis.gov.tr/HizmetDetay.aspx?ID=114214
117526,Tehlikeli Yük Deniz Gözetim Yetkilisi (TYDGY) kayıt işlemlerinin işletme tarafından yapılması,ULAŞTIRMA VE ALTYAPI BAKANLIĞI > BAKAN YARDIMCILIĞI (SN. DURMUŞ ÜNÜVAR) > DENİZCİLİK GENEL MÜDÜRLÜĞÜ,https://envanter.kaysis.gov.tr/HizmetDetay.aspx?ID=117526
117527,Tehlikeli Yük Deniz Gözetim Yetkilisi (TYDGY) kayıt işlemlerinin TYDGY tarafından yapılması,ULAŞTIRMA VE ALTYAPI BAKANLIĞI > BAKAN YARDIMCILIĞI (SN. DURMUŞ ÜNÜVAR) > DENİZCİLİK GENEL MÜDÜRLÜĞÜ,https://envanter.kaysis.gov.tr/HizmetDetay.aspx?ID=117527
112976,Umurbey-Denizcilik Vatandaş Portalı Girişi,ULAŞTIRMA VE ALTYAPI BAKANLIĞI > BAKAN YARDIMCILIĞI (SN. DURMUŞ ÜNÜVAR) > DENİZCİLİK GENEL MÜDÜRLÜĞÜ,https://envanter.kaysis.gov.tr/HizmetDetay.aspx?ID=112976
88342,Deniz Ticareti Gözetim Hizmetleri Gözetim Yetkilisi Tanıtım Belgesi Verilmesi,ULAŞTIRMA VE ALTYAPI BAKANLIĞI > BAKAN YARDIMCILIĞI (SN. DURMUŞ ÜNÜVAR) > DENİZCİLİK GENEL MÜDÜRLÜĞÜ,https://envanter.kaysis.gov.tr/HizmetDetay.aspx?ID=88342
84431,Yeşil Liman Sertifikası Verilmesi,ULAŞTIRMA VE ALTYAPI BAKANLIĞI > BAKAN YARDIMCILIĞI (SN. DURMUŞ ÜNÜVAR) > DENİZCİLİK GENEL MÜDÜRLÜĞÜ,https://envanter.kaysis.gov.tr/HizmetDetay.aspx?ID=84431
84586,Deniz Ticareti Gözetim Hizmetleri İşletme Yetki Belgesi Verilmesi,ULAŞTIRMA VE ALTYAPI BAKANLIĞI > BAKAN YARDIMCILIĞI (SN. DURMUŞ ÜNÜVAR) > DENİZCİLİK GENEL MÜDÜRLÜĞÜ,https://envanter.kaysis.gov.tr/HizmetDetay.aspx?ID=84586
84654,"Türk deniz ticaret istatistiklerinin oluşturulması, yayınlanması ve dünya deniz ticaret filosu istatistiklerinin takibinin yapılması, bu kapsamdaki  bilgi taleplerinin karşılanması",ULAŞTIRMA VE ALTYAPI BAKANLIĞI > BAKAN YARDIMCILIĞI (SN. DURMUŞ ÜNÜVAR) > DENİZCİLİK GENEL MÜDÜRLÜĞÜ,https://envanter.kaysis.gov.tr/HizmetDetay.aspx?ID=84654
109395,Deniz Ticareti Gözetim Hizmetleri Yetki Belgesinin Doğrulanması,ULAŞTIRMA VE ALTYAPI BAKANLIĞI > BAKAN YARDIMCILIĞI (SN. DURMUŞ ÜNÜVAR) > DENİZCİLİK GENEL MÜDÜRLÜĞÜ,https://envanter.kaysis.gov.tr/HizmetDetay.aspx?ID=109395
39855,Denizyolu ile Düzenli Sefer Yapacak Gemilere İzin Verilmesi,ULAŞTIRMA VE ALTYAPI BAKANLIĞI > BAKAN YARDIMCILIĞI (SN. DURMUŞ ÜNÜVAR) > DENİZCİLİK GENEL MÜDÜRLÜĞÜ,https://envanter.kaysis.gov.tr/HizmetDetay.aspx?ID=39855
39858,ÖTV'siz Yakıt Dağıtımı Yapacak Firmalara Sisteme Bilgi Girişi İçin Erişim Yetkisi Verilmesi,ULAŞTIRMA VE ALTYAPI BAKANLIĞI > BAKAN YARDIMCILIĞI (SN. DURMUŞ ÜNÜVAR) > DENİZCİLİK GENEL MÜDÜRLÜĞÜ,https://envanter.kaysis.gov.tr/HizmetDetay.aspx?ID=39858
39862,Geçici Olarak Türk Bayrağı Çeken Gemilere İzin Verilmesi,ULAŞTIRMA VE ALTYAPI BAKANLIĞI > BAKAN YARDIMCILIĞI (SN. DURMUŞ ÜNÜVAR) > DENİZCİLİK GENEL MÜDÜRLÜĞÜ,https://envanter.kaysis.gov.tr/HizmetDetay.aspx?ID=39862
39868,Geçici Olarak Türk Bayrağından Çıkan Gemilere İzin Verilmesi,ULAŞTIRMA VE ALTYAPI BAKANLIĞI > BAKAN YARDIMCILIĞI (SN. DURMUŞ ÜNÜVAR) > DENİZCİLİK GENEL MÜDÜRLÜĞÜ,https://envanter.kaysis.gov.tr/HizmetDetay.aspx?ID=39868
90940,Yol Kenarı Denetimi Yapan/Yapacak Personelin Eğitilmesi,ULAŞTIRMA VE ALTYAPI BAKANLIĞI > BAKAN YARDIMCILIĞI (SN. SELİM DURSUN) > ULAŞTIRMA HİZMETLERİ DÜZENLEME GENEL MÜDÜRLÜĞÜ > ARAÇ MUAYENE VE DENETİM DAİRESİ BAŞKANLIĞI > YOL KENARI VE İŞLETMELER DENETİM ŞUBESİ,https://envanter.kaysis.gov.tr/HizmetDetay.aspx?ID=90940
90945,"Tehlikeli Madde Taşımacılığı Denetimleri ile Tehlikeli Madde Taşımacılığında Kullanılan Tank, Ambalaj ve Taşıma Birimlerine Yönelik Gerçekleştirilen Test, Muayene ve Belgelendirme Çalışmalarını Raporlamak",ULAŞTIRMA VE ALTYAPI BAKANLIĞI > BAKAN YARDIMCILIĞI (SN. SELİM DURSUN) > ULAŞTIRMA HİZMETLERİ DÜZENLEME GENEL MÜDÜRLÜĞÜ > ARAÇ MUAYENE VE DENETİM DAİRESİ BAŞKANLIĞI > YOL KENARI VE İŞLETMELER DENETİM ŞUBESİ,https://envanter.kaysis.gov.tr/HizmetDetay.aspx?ID=90945
90889,Görev Alanı ile İlgili Konularda Verilen Hizmetler Karşılığında Elde Edilen Gelirlere İlişkin Mahsuplaşma İşlemi Yapılması,ULAŞTIRMA VE ALTYAPI BAKANLIĞI > BAKAN YARDIMCILIĞI (SN. SELİM DURSUN) > ULAŞTIRMA HİZMETLERİ DÜZENLEME GENEL MÜDÜRLÜĞÜ > ARAÇ MUAYENE VE DENETİM DAİRESİ BAŞKANLIĞI > YOL KENARI VE İŞLETMELER DENETİM ŞUBESİ,https://envanter.kaysis.gov.tr/HizmetDetay.aspx?ID=90889
90894,Tehlikeli Madde Taşımacılığı Denetimleri Yapılması,ULAŞTIRMA VE ALTYAPI BAKANLIĞI > BAKAN YARDIMCILIĞI (SN. SELİM DURSUN) > ULAŞTIRMA HİZMETLERİ DÜZENLEME GENEL MÜDÜRLÜĞÜ > ARAÇ MUAYENE VE DENETİM DAİRESİ BAŞKANLIĞI > YOL KENARI VE İŞLETMELER DENETİM ŞUBESİ,https://envanter.kaysis.gov.tr/HizmetDetay.aspx?ID=90894
84065,İşletme Yetki Belgesi Verilmesi,ULAŞTIRMA VE ALTYAPI BAKANLIĞI > BAKAN YARDIMCILIĞI (SN. SELİM DURSUN) > ULAŞTIRMA HİZMETLERİ DÜZENLEME GENEL MÜDÜRLÜĞÜ > ARAÇ MUAYENE VE DENETİM DAİRESİ BAŞKANLIĞI > YOL KENARI VE İŞLETMELER DENETİM ŞUBESİ,https://envanter.kaysis.gov.tr/HizmetDetay.aspx?ID=84065
118192,Uyarı Sorgulama / Paraya Çevirme Hizmetinin e-DK Üzerinden Sunulması (Tüzel Kişi),ULAŞTIRMA VE ALTYAPI BAKANLIĞI,https://envanter.kaysis.gov.tr/HizmetDetay.aspx?ID=118192
118277,UETDS Yük Bildirim Uygulamasının e-Dk Üzerinden Sunulması,ULAŞTIRMA VE ALTYAPI BAKANLIĞI,https://envanter.kaysis.gov.tr/HizmetDetay.aspx?ID=118277
117602,Amatör Denizci Yeterlik Belgesinin Sorgulanması,ULAŞTIRMA VE ALTYAPI BAKANLIĞI > BAKAN YARDIMCILIĞI (SN. SELİM DURSUN) > DENİZCİLİK GENEL MÜDÜRLÜĞÜ > EĞİTİM VE BELGELENDİRME DAİRE BAŞKANLIĞI,https://envanter.kaysis.gov.tr/HizmetDetay.aspx?ID=117602
117603,Amatör Denizci Yeterlik Belgesinin Doğrulanması,ULAŞTIRMA VE ALTYAPI BAKANLIĞI > BAKAN YARDIMCILIĞI (SN. SELİM DURSUN) > DENİZCİLİK GENEL MÜDÜRLÜĞÜ > EĞİTİM VE BELGELENDİRME DAİRE BAŞKANLIĞI,https://envanter.kaysis.gov.tr/HizmetDetay.aspx?ID=117603
117604,Kısa Mesafe Telsiz Operatör Yeterlik Belgesinin Sorgulanması,ULAŞTIRMA VE ALTYAPI BAKANLIĞI > BAKAN YARDIMCILIĞI (SN. SELİM DURSUN) > DENİZCİLİK GENEL MÜDÜRLÜĞÜ > EĞİTİM VE BELGELENDİRME DAİRE BAŞKANLIĞI,https://envanter.kaysis.gov.tr/HizmetDetay.aspx?ID=117604
117605,Kısa Mesafe Telsiz Operatör Yeterlik Belgesinin Doğrulanması,ULAŞTIRMA VE ALTYAPI BAKANLIĞI > BAKAN YARDIMCILIĞI (SN. SELİM DURSUN) > DENİZCİLİK GENEL MÜDÜRLÜĞÜ > EĞİTİM VE BELGELENDİRME DAİRE BAŞKANLIĞI,https://envanter.kaysis.gov.tr/HizmetDetay.aspx?ID=117605
117612,Gemiadamları Sınav Başvuru Sisteminin Yürütülmesi,ULAŞTIRMA VE ALTYAPI BAKANLIĞI > BAKAN YARDIMCILIĞI (SN. SELİM DURSUN) > DENİZCİLİK GENEL MÜDÜRLÜĞÜ > EĞİTİM VE BELGELENDİRME DAİRE BAŞKANLIĞI,https://envanter.kaysis.gov.tr/HizmetDetay.aspx?ID=117612
97955,Denizcilik Eğitimi veren kurumların yetki durumları,ULAŞTIRMA VE ALTYAPI BAKANLIĞI > BAKAN YARDIMCILIĞI (SN. SELİM DURSUN) > DENİZCİLİK GENEL MÜDÜRLÜĞÜ > EĞİTİM VE BELGELENDİRME DAİRE BAŞKANLIĞI,https://envanter.kaysis.gov.tr/HizmetDetay.aspx?ID=97955
97956,Gemiadamı Deniz Hizmet Çizelgesi düzenlemesinin yapılması,ULAŞTIRMA VE ALTYAPI BAKANLIĞI > BAKAN YARDIMCILIĞI (SN. SELİM DURSUN) > DENİZCİLİK GENEL MÜDÜRLÜĞÜ > EĞİTİM VE BELGELENDİRME DAİRE BAŞKANLIĞI,https://envanter.kaysis.gov.tr/HizmetDetay.aspx?ID=97956
109396,İkinci sınıf dalgıç yeterlik belgesi düzenlenmesi,ULAŞTIRMA VE ALTYAPI BAKANLIĞI > BAKAN YARDIMCILIĞI (SN. SELİM DURSUN) > DENİZCİLİK GENEL MÜDÜRLÜĞÜ > EĞİTİM VE BELGELENDİRME DAİRE BAŞKANLIĞI,https://envanter.kaysis.gov.tr/HizmetDetay.aspx?ID=109396
109397,Balıkadam gaz karışım yeterlik belgesinin düzenlenmesi,ULAŞTIRMA VE ALTYAPI BAKANLIĞI > BAKAN YARDIMCILIĞI (SN. SELİM DURSUN) > DENİZCİLİK GENEL MÜDÜRLÜĞÜ > EĞİTİM VE BELGELENDİRME DAİRE BAŞKANLIĞI,https://envanter.kaysis.gov.tr/HizmetDetay.aspx?ID=109397
109398,Kılavuz kaptan yeterlik belgesinin düzenlenmesi,ULAŞTIRMA VE ALTYAPI BAKANLIĞI > BAKAN YARDIMCILIĞI (SN. SELİM DURSUN) > DENİZCİLİK GENEL MÜDÜRLÜĞÜ > EĞİTİM VE BELGELENDİRME DAİRE BAŞKANLIĞI,https://envanter.kaysis.gov.tr/HizmetDetay.aspx?ID=109398
109399,Balıkadam yeterlik belgesinin düzenlenmesi,ULAŞTIRMA VE ALTYAPI BAKANLIĞI > BAKAN YARDIMCILIĞI (SN. SELİM DURSUN) > DENİZCİLİK GENEL MÜDÜRLÜĞÜ > EĞİTİM VE BELGELENDİRME DAİRE BAŞKANLIĞI,https://envanter.kaysis.gov.tr/HizmetDetay.aspx?ID=109399
109400,Birinci sınıf dalgıç yeterlik belgesi düzenlenmesi,ULAŞTIRMA VE ALTYAPI BAKANLIĞI > BAKAN YARDIMCILIĞI (SN. SELİM DURSUN) > DENİZCİLİK GENEL MÜDÜRLÜĞÜ > EĞİTİM VE BELGELENDİRME DAİRE BAŞKANLIĞI,https://envanter.kaysis.gov.tr/HizmetDetay.aspx?ID=109400
37289,Sınırlı Vardiya Zabiti Yeterlik Kodunun Verilmesi,ULAŞTIRMA VE ALTYAPI BAKANLIĞI > BAKAN YARDIMCILIĞI (SN. SELİM DURSUN) > DENİZCİLİK GENEL MÜDÜRLÜĞÜ > EĞİTİM VE BELGELENDİRME DAİRE BAŞKANLIĞI,https://envanter.kaysis.gov.tr/HizmetDetay.aspx?ID=37289
37307,Sınırlı Kaptan Yeterlik Kodunun Verilmesi,ULAŞTIRMA VE ALTYAPI BAKANLIĞI > BAKAN YARDIMCILIĞI (SN. SELİM DURSUN) > DENİZCİLİK GENEL MÜDÜRLÜĞÜ > EĞİTİM VE BELGELENDİRME DAİRE BAŞKANLIĞI,https://envanter.kaysis.gov.tr/HizmetDetay.aspx?ID=37307
37310,Vardiya Zabiti Yeterlik Kodunun Verilmesi,ULAŞTIRMA VE ALTYAPI BAKANLIĞI > BAKAN YARDIMCILIĞI (SN. SELİM DURSUN) > DENİZCİLİK GENEL MÜDÜRLÜĞÜ > EĞİTİM VE BELGELENDİRME DAİRE BAŞKANLIĞI,https://envanter.kaysis.gov.tr/HizmetDetay.aspx?ID=37310
37313,Birinci Zabit Yeterlik Kodunun Verilmesi,ULAŞTIRMA VE ALTYAPI BAKANLIĞI > BAKAN YARDIMCILIĞI (SN. SELİM DURSUN) > DENİZCİLİK GENEL MÜDÜRLÜĞÜ > EĞİTİM VE BELGELENDİRME DAİRE BAŞKANLIĞI,https://envanter.kaysis.gov.tr/HizmetDetay.aspx?ID=37313
37314,Kaptan Yeterlik Kodunun Verilmesi,ULAŞTIRMA VE ALTYAPI BAKANLIĞI > BAKAN YARDIMCILIĞI (SN. SELİM DURSUN) > DENİZCİLİK GENEL MÜDÜRLÜĞÜ > EĞİTİM VE BELGELENDİRME DAİRE BAŞKANLIĞI,https://envanter.kaysis.gov.tr/HizmetDetay.aspx?ID=37314
37315,Uzakyol Vardiya Zabiti Yeterlik Kodunun Verilmesi,ULAŞTIRMA VE ALTYAPI BAKANLIĞI > BAKAN YARDIMCILIĞI (SN. SELİM DURSUN) > DENİZCİLİK GENEL MÜDÜRLÜĞÜ > EĞİTİM VE BELGELENDİRME DAİRE BAŞKANLIĞI,https://envanter.kaysis.gov.tr/HizmetDetay.aspx?ID=37315
37320,Uzakyol Birinci Zabit Yeterlik Kodunun Verilmesi,ULAŞTIRMA VE ALTYAPI BAKANLIĞI > BAKAN YARDIMCILIĞI (SN. SELİM DURSUN) > DENİZCİLİK GENEL MÜDÜRLÜĞÜ > EĞİTİM VE BELGELENDİRME DAİRE BAŞKANLIĞI,https://envanter.kaysis.gov.tr/HizmetDetay.aspx?ID=37320
37321,Uzakyol Kaptan Yeterlik Kodunun Verilmesi,ULAŞTIRMA VE ALTYAPI BAKANLIĞI > BAKAN YARDIMCILIĞI (SN. SELİM DURSUN) > DENİZCİLİK GENEL MÜDÜRLÜĞÜ > EĞİTİM VE BELGELENDİRME DAİRE BAŞKANLIĞI,https://envanter.kaysis.gov.tr/HizmetDetay.aspx?ID=37321
37322,Sınırlı Makine Zabiti Yeterlik Kodunun Verilmesi,ULAŞTIRMA VE ALTYAPI BAKANLIĞI > BAKAN YARDIMCILIĞI (SN. SELİM DURSUN) > DENİZCİLİK GENEL MÜDÜRLÜĞÜ > EĞİTİM VE BELGELENDİRME DAİRE BAŞKANLIĞI,https://envanter.kaysis.gov.tr/HizmetDetay.aspx?ID=37322
37323,Sınırlı Başmakinsit Yeterlik Kodunun Verilmesi,ULAŞTIRMA VE ALTYAPI BAKANLIĞI > BAKAN YARDIMCILIĞI (SN. SELİM DURSUN) > DENİZCİLİK GENEL MÜDÜRLÜĞÜ > EĞİTİM VE BELGELENDİRME DAİRE BAŞKANLIĞI,https://envanter.kaysis.gov.tr/HizmetDetay.aspx?ID=37323
37325,Makine Zabiti Yeterlik Kodunun Verilmesi,ULAŞTIRMA VE ALTYAPI BAKANLIĞI > BAKAN YARDIMCILIĞI (SN. SELİM DURSUN) > DENİZCİLİK GENEL MÜDÜRLÜĞÜ > EĞİTİM VE BELGELENDİRME DAİRE BAŞKANLIĞI,https://envanter.kaysis.gov.tr/HizmetDetay.aspx?ID=37325
37326,İkinci Makinist Yeterlik Kodunun Verilmesi,ULAŞTIRMA VE ALTYAPI BAKANLIĞI > BAKAN YARDIMCILIĞI (SN. SELİM DURSUN) > DENİZCİLİK GENEL MÜDÜRLÜĞÜ > EĞİTİM VE BELGELENDİRME DAİRE BAŞKANLIĞI,https://envanter.kaysis.gov.tr/HizmetDetay.aspx?ID=37326
37327,Başmakinist Yeterlik Kodunun Verilmesi,ULAŞTIRMA VE ALTYAPI BAKANLIĞI > BAKAN YARDIMCILIĞI (SN. SELİM DURSUN) > DENİZCİLİK GENEL MÜDÜRLÜĞÜ > EĞİTİM VE BELGELENDİRME DAİRE BAŞKANLIĞI,https://envanter.kaysis.gov.tr/HizmetDetay.aspx?ID=37327
37328,Uzakyol Vardiya Mühendisi Yeterlik Kodunun Verilmesi,ULAŞTIRMA VE ALTYAPI BAKANLIĞI > BAKAN YARDIMCILIĞI (SN. SELİM DURSUN) > DENİZCİLİK GENEL MÜDÜRLÜĞÜ > EĞİTİM VE BELGELENDİRME DAİRE BAŞKANLIĞI,https://envanter.kaysis.gov.tr/HizmetDetay.aspx?ID=37328
37329,Uzakyol Vardiya Makinisti Yeterlik Kodunun Verilmesi,ULAŞTIRMA VE ALTYAPI BAKANLIĞI > BAKAN YARDIMCILIĞI (SN. SELİM DURSUN) > DENİZCİLİK GENEL MÜDÜRLÜĞÜ > EĞİTİM VE BELGELENDİRME DAİRE BAŞKANLIĞI,https://envanter.kaysis.gov.tr/HizmetDetay.aspx?ID=37329
37330,Uzakyol İkinci Mühendisi Yeterlik Kodunun Verilmesi,ULAŞTIRMA VE ALTYAPI BAKANLIĞI > BAKAN YARDIMCILIĞI (SN. SELİM DURSUN) > DENİZCİLİK GENEL MÜDÜRLÜĞÜ > EĞİTİM VE BELGELENDİRME DAİRE BAŞKANLIĞI,https://envanter.kaysis.gov.tr/HizmetDetay.aspx?ID=37330
37331,Uzakyol İkinci Makinist Yeterlik Kodunun Verilmesi,ULAŞTIRMA VE ALTYAPI BAKANLIĞI > BAKAN YARDIMCILIĞI (SN. SELİM DURSUN) > DENİZCİLİK GENEL MÜDÜRLÜĞÜ > EĞİTİM VE BELGELENDİRME DAİRE BAŞKANLIĞI,https://envanter.kaysis.gov.tr/HizmetDetay.aspx?ID=37331
37337,Uzakyol Başmühendis Yeterlik Kodunun Verilmesi,ULAŞTIRMA VE ALTYAPI BAKANLIĞI > BAKAN YARDIMCILIĞI (SN. SELİM DURSUN) > DENİZCİLİK GENEL MÜDÜRLÜĞÜ > EĞİTİM VE BELGELENDİRME DAİRE BAŞKANLIĞI,https://envanter.kaysis.gov.tr/HizmetDetay.aspx?ID=37337
37338,Uzakyol Başmakinist Yeterlik Kodunun Verilmesi,ULAŞTIRMA VE ALTYAPI BAKANLIĞI > BAKAN YARDIMCILIĞI (SN. SELİM DURSUN) > DENİZCİLİK GENEL MÜDÜRLÜĞÜ > EĞİTİM VE BELGELENDİRME DAİRE BAŞKANLIĞI,https://envanter.kaysis.gov.tr/HizmetDetay.aspx?ID=37338
40477,Balıkçı Gemisi Kaptanı Yeterlik Kodunun Verilmesi,ULAŞTIRMA VE ALTYAPI BAKANLIĞI > BAKAN YARDIMCILIĞI (SN. SELİM DURSUN) > DENİZCİLİK GENEL MÜDÜRLÜĞÜ > EĞİTİM VE BELGELENDİRME DAİRE BAŞKANLIĞI,https://envanter.kaysis.gov.tr/HizmetDetay.aspx?ID=40477
40478,Açık Deniz Balıkçı Gemisi Kaptanı Yeterlik Kodunun Verilmesi,ULAŞTIRMA VE ALTYAPI BAKANLIĞI > BAKAN YARDIMCILIĞI (SN. SELİM DURSUN) > DENİZCİLİK GENEL MÜDÜRLÜĞÜ > EĞİTİM VE BELGELENDİRME DAİRE BAŞKANLIĞI,https://envanter.kaysis.gov.tr/HizmetDetay.aspx?ID=40478
40479,Amatör Denizci Yeterlik Belgesi Başvurularının Alınması,ULAŞTIRMA VE ALTYAPI BAKANLIĞI > BAKAN YARDIMCILIĞI (SN. SELİM DURSUN) > DENİZCİLİK GENEL MÜDÜRLÜĞÜ > EĞİTİM VE BELGELENDİRME DAİRE BAŞKANLIĞI,https://envanter.kaysis.gov.tr/HizmetDetay.aspx?ID=40479
40510,Kısa Mesafe Telsiz Operatör Yeterlik Belgesi Başvurularının Alınması,ULAŞTIRMA VE ALTYAPI BAKANLIĞI > BAKAN YARDIMCILIĞI (SN. SELİM DURSUN) > DENİZCİLİK GENEL MÜDÜRLÜĞÜ > EĞİTİM VE BELGELENDİRME DAİRE BAŞKANLIĞI,https://envanter.kaysis.gov.tr/HizmetDetay.aspx?ID=40510
40513,GMDSS Genel Telsiz Operatörü Yeterlik (GOC) kodu verilmesi,ULAŞTIRMA VE ALTYAPI BAKANLIĞI > BAKAN YARDIMCILIĞI (SN. SELİM DURSUN) > DENİZCİLİK GENEL MÜDÜRLÜĞÜ > EĞİTİM VE BELGELENDİRME DAİRE BAŞKANLIĞI,https://envanter.kaysis.gov.tr/HizmetDetay.aspx?ID=40513
40517,1 inci Sınıf Telsiz Elektronik Operatörü  (REO 1) Yeterlik Kodu Verilmesi,ULAŞTIRMA VE ALTYAPI BAKANLIĞI > BAKAN YARDIMCILIĞI (SN. SELİM DURSUN) > DENİZCİLİK GENEL MÜDÜRLÜĞÜ > EĞİTİM VE BELGELENDİRME DAİRE BAŞKANLIĞI,https://envanter.kaysis.gov.tr/HizmetDetay.aspx?ID=40517
40524,2 inci Sınıf Telsiz Elektronik Operatörü  (REO 2) Yeterlik Kodu Verilmesi,ULAŞTIRMA VE ALTYAPI BAKANLIĞI > BAKAN YARDIMCILIĞI (SN. SELİM DURSUN) > DENİZCİLİK GENEL MÜDÜRLÜĞÜ > EĞİTİM VE BELGELENDİRME DAİRE BAŞKANLIĞI,https://envanter.kaysis.gov.tr/HizmetDetay.aspx?ID=40524
115300,"Gemi acenteliği yetki belgesi, gemi acenteliği şube yetki belgesi ve gemi acentesi personeli tanıtım kartının sorgulanması",ULAŞTIRMA VE ALTYAPI BAKANLIĞI > BAKAN YARDIMCILIĞI (SN. SELİM DURSUN) > DENİZCİLİK GENEL MÜDÜRLÜĞÜ > DENİZ TİCARETİNİ GELİŞTİRME DAİRE BAŞKANLIĞI,https://envanter.kaysis.gov.tr/HizmetDetay.aspx?ID=115300
115301,"Gemi acenteliği yetki belgesi, gemi acenteliği şube yetki belgesi ve gemi acentesi personeli tanıtım kartının doğrulanması",ULAŞTIRMA VE ALTYAPI BAKANLIĞI > BAKAN YARDIMCILIĞI (SN. SELİM DURSUN) > DENİZCİLİK GENEL MÜDÜRLÜĞÜ > DENİZ TİCARETİNİ GELİŞTİRME DAİRE BAŞKANLIĞI,https://envanter.kaysis.gov.tr/HizmetDetay.aspx?ID=115301
99387,Gemi Acenteliği Yetki Belgesi ve Gemi Acentesi Şube Yetki Belgesi Verilmesi,ULAŞTIRMA VE ALTYAPI BAKANLIĞI > BAKAN YARDIMCILIĞI (SN. SELİM DURSUN) > DENİZCİLİK GENEL MÜDÜRLÜĞÜ > DENİZ TİCARETİNİ GELİŞTİRME DAİRE BAŞKANLIĞI,https://envanter.kaysis.gov.tr/HizmetDetay.aspx?ID=99387
99392,Gemi Acentesi Personeline Tanıtım Kartı Verilmesi,ULAŞTIRMA VE ALTYAPI BAKANLIĞI > BAKAN YARDIMCILIĞI (SN. SELİM DURSUN) > DENİZCİLİK GENEL MÜDÜRLÜĞÜ > DENİZ TİCARETİNİ GELİŞTİRME DAİRE BAŞKANLIĞI,https://envanter.kaysis.gov.tr/HizmetDetay.aspx?ID=99392
101770,Kamu Kurum ve Kuruluşlarına Personel Servis Hizmeti İhdas ve İşletebilmeleri İçin İzin Verilmesi,ULAŞTIRMA VE ALTYAPI BAKANLIĞI > BAKAN YARDIMCILIĞI (SN. SELİM DURSUN) > ULAŞTIRMA HİZMETLERİ DÜZENLEME GENEL MÜDÜRLÜĞÜ > KARAYOLU TAŞIMACILIĞI DAİRESİ BAŞKANLIĞI,https://envanter.kaysis.gov.tr/HizmetDetay.aspx?ID=101770
105360,Sözleşmeli Taşıt Muvafakat Sorgulama ve Düzenleme,ULAŞTIRMA VE ALTYAPI BAKANLIĞI > BAKAN YARDIMCILIĞI (SN. SELİM DURSUN) > ULAŞTIRMA HİZMETLERİ DÜZENLEME GENEL MÜDÜRLÜĞÜ > KARAYOLU TAŞIMACILIĞI DAİRESİ BAŞKANLIĞI,https://envanter.kaysis.gov.tr/HizmetDetay.aspx?ID=105360
86660,Güzergah Listesi Sorgulanması ve Barkodlu Belge Düzenlenmesi,ULAŞTIRMA VE ALTYAPI BAKANLIĞI > BAKAN YARDIMCILIĞI (SN. SELİM DURSUN) > ULAŞTIRMA HİZMETLERİ DÜZENLEME GENEL MÜDÜRLÜĞÜ > KARAYOLU TAŞIMACILIĞI DAİRESİ BAŞKANLIĞI,https://envanter.kaysis.gov.tr/HizmetDetay.aspx?ID=86660
100505,Taşıt Kartı Sorgulaması / Düzenlemesi,ULAŞTIRMA VE ALTYAPI BAKANLIĞI > BAKAN YARDIMCILIĞI (SN. SELİM DURSUN) > ULAŞTIRMA HİZMETLERİ DÜZENLEME GENEL MÜDÜRLÜĞÜ > KARAYOLU TAŞIMACILIĞI DAİRESİ BAŞKANLIĞI,https://envanter.kaysis.gov.tr/HizmetDetay.aspx?ID=100505
101513,Plaka Bilgisinden Ödeme Sorgulaması,ULAŞTIRMA VE ALTYAPI BAKANLIĞI > BAKAN YARDIMCILIĞI (SN. SELİM DURSUN) > ULAŞTIRMA HİZMETLERİ DÜZENLEME GENEL MÜDÜRLÜĞÜ > KARAYOLU TAŞIMACILIĞI DAİRESİ BAŞKANLIĞI,https://envanter.kaysis.gov.tr/HizmetDetay.aspx?ID=101513
101516,B1 Yetki Belgeli Firmaları Acentelerinin Sorgulanması,ULAŞTIRMA VE ALTYAPI BAKANLIĞI > BAKAN YARDIMCILIĞI (SN. SELİM DURSUN) > ULAŞTIRMA HİZMETLERİ DÜZENLEME GENEL MÜDÜRLÜĞÜ > KARAYOLU TAŞIMACILIĞI DAİRESİ BAŞKANLIĞI,https://envanter.kaysis.gov.tr/HizmetDetay.aspx?ID=101516
101517,"A1, A2 ve B1 Yetki Belgesine Sahip Firmaların Şubelerinin Sorgulanması",ULAŞTIRMA VE ALTYAPI BAKANLIĞI > BAKAN YARDIMCILIĞI (SN. SELİM DURSUN) > ULAŞTIRMA HİZMETLERİ DÜZENLEME GENEL MÜDÜRLÜĞÜ > KARAYOLU TAŞIMACILIĞI DAİRESİ BAŞKANLIĞI,https://envanter.kaysis.gov.tr/HizmetDetay.aspx?ID=101517
101649,T3 Yetki Belgesi için Şube Açılış İşlemleri,ULAŞTIRMA VE ALTYAPI BAKANLIĞI > BAKAN YARDIMCILIĞI (SN. SELİM DURSUN) > ULAŞTIRMA HİZMETLERİ DÜZENLEME GENEL MÜDÜRLÜĞÜ > KARAYOLU TAŞIMACILIĞI DAİRESİ BAŞKANLIĞI,https://envanter.kaysis.gov.tr/HizmetDetay.aspx?ID=101649
88289,Yolcu Taşımacılığı Yapan Firmalara Ait Güzergahlarının Sorgulanması,ULAŞTIRMA VE ALTYAPI BAKANLIĞI > BAKAN YARDIMCILIĞI (SN. SELİM DURSUN) > ULAŞTIRMA HİZMETLERİ DÜZENLEME GENEL MÜDÜRLÜĞÜ > KARAYOLU TAŞIMACILIĞI DAİRESİ BAŞKANLIĞI,https://envanter.kaysis.gov.tr/HizmetDetay.aspx?ID=88289
107762,Zaman Tarifesinin Sorgulanması ve Barkodlu Belgenin Düzenlenmesi,ULAŞTIRMA VE ALTYAPI BAKANLIĞI > BAKAN YARDIMCILIĞI (SN. SELİM DURSUN) > ULAŞTIRMA HİZMETLERİ DÜZENLEME GENEL MÜDÜRLÜĞÜ > KARAYOLU TAŞIMACILIĞI DAİRESİ BAŞKANLIĞI,https://envanter.kaysis.gov.tr/HizmetDetay.aspx?ID=107762
107766,Ücret Tarifesinin Sorgulanması ve Barkodlu Belgenin Düzenlenmesi,ULAŞTIRMA VE ALTYAPI BAKANLIĞI > BAKAN YARDIMCILIĞI (SN. SELİM DURSUN) > ULAŞTIRMA HİZMETLERİ DÜZENLEME GENEL MÜDÜRLÜĞÜ > KARAYOLU TAŞIMACILIĞI DAİRESİ BAŞKANLIĞI,https://envanter.kaysis.gov.tr/HizmetDetay.aspx?ID=107766
84084,T3 Yetki Belgesi Verilmesi ve Yenilenmesi,ULAŞTIRMA VE ALTYAPI BAKANLIĞI > BAKAN YARDIMCILIĞI (SN. SELİM DURSUN) > ULAŞTIRMA HİZMETLERİ DÜZENLEME GENEL MÜDÜRLÜĞÜ > KARAYOLU TAŞIMACILIĞI DAİRESİ BAŞKANLIĞI,https://envanter.kaysis.gov.tr/HizmetDetay.aspx?ID=84084
110449,Sorgulanan ve Barkodlu Olarak Düzenlenen Güzergah Listesi Belgelerinin Doğrulanması,ULAŞTIRMA VE ALTYAPI BAKANLIĞI > BAKAN YARDIMCILIĞI (SN. SELİM DURSUN) > ULAŞTIRMA HİZMETLERİ DÜZENLEME GENEL MÜDÜRLÜĞÜ > KARAYOLU TAŞIMACILIĞI DAİRESİ BAŞKANLIĞI,https://envanter.kaysis.gov.tr/HizmetDetay.aspx?ID=110449
110424,Ücret Tarifesi Belgesinin Doğrulanması,ULAŞTIRMA VE ALTYAPI BAKANLIĞI > BAKAN YARDIMCILIĞI (SN. SELİM DURSUN) > ULAŞTIRMA HİZMETLERİ DÜZENLEME GENEL MÜDÜRLÜĞÜ > KARAYOLU TAŞIMACILIĞI DAİRESİ BAŞKANLIĞI,https://envanter.kaysis.gov.tr/HizmetDetay.aspx?ID=110424
110425,Zaman Tarifesi Belgesinin Doğrulanması,ULAŞTIRMA VE ALTYAPI BAKANLIĞI > BAKAN YARDIMCILIĞI (SN. SELİM DURSUN) > ULAŞTIRMA HİZMETLERİ DÜZENLEME GENEL MÜDÜRLÜĞÜ > KARAYOLU TAŞIMACILIĞI DAİRESİ BAŞKANLIĞI,https://envanter.kaysis.gov.tr/HizmetDetay.aspx?ID=110425
110434,U-ETDS (Ulaştırma Elektronik Takip Ve Denetim Sistemi)'ye IP ve Operatör Tanımlanması,ULAŞTIRMA VE ALTYAPI BAKANLIĞI > BAKAN YARDIMCILIĞI (SN. SELİM DURSUN) > ULAŞTIRMA HİZMETLERİ DÜZENLEME GENEL MÜDÜRLÜĞÜ > KARAYOLU TAŞIMACILIĞI DAİRESİ BAŞKANLIĞI,https://envanter.kaysis.gov.tr/HizmetDetay.aspx?ID=110434
110683,UETDS Terminal Taşıt Hareket Bildiriminin Yapılması,ULAŞTIRMA VE ALTYAPI BAKANLIĞI > BAKAN YARDIMCILIĞI (SN. SELİM DURSUN) > ULAŞTIRMA HİZMETLERİ DÜZENLEME GENEL MÜDÜRLÜĞÜ > KARAYOLU TAŞIMACILIĞI DAİRESİ BAŞKANLIĞI,https://envanter.kaysis.gov.tr/HizmetDetay.aspx?ID=110683
110684,Firmaların Acentelik Muvafakat İşlemlerinin Yapılması,ULAŞTIRMA VE ALTYAPI BAKANLIĞI > BAKAN YARDIMCILIĞI (SN. SELİM DURSUN) > ULAŞTIRMA HİZMETLERİ DÜZENLEME GENEL MÜDÜRLÜĞÜ > KARAYOLU TAŞIMACILIĞI DAİRESİ BAŞKANLIĞI,https://envanter.kaysis.gov.tr/HizmetDetay.aspx?ID=110684
110685,Mesleki Yeterlilik Belgesi (ODY/ÜDY) Sahibi Kişilerin Muvafakat İşlemlerinin Yapılması,ULAŞTIRMA VE ALTYAPI BAKANLIĞI > BAKAN YARDIMCILIĞI (SN. SELİM DURSUN) > ULAŞTIRMA HİZMETLERİ DÜZENLEME GENEL MÜDÜRLÜĞÜ > KARAYOLU TAŞIMACILIĞI DAİRESİ BAŞKANLIĞI,https://envanter.kaysis.gov.tr/HizmetDetay.aspx?ID=110685
110686,Tüzel Kişilere Sözleşmeli Taşıt Muvafakat İşlemleri İçin İzin Verilmesi,ULAŞTIRMA VE ALTYAPI BAKANLIĞI > BAKAN YARDIMCILIĞI (SN. SELİM DURSUN) > ULAŞTIRMA HİZMETLERİ DÜZENLEME GENEL MÜDÜRLÜĞÜ > KARAYOLU TAŞIMACILIĞI DAİRESİ BAŞKANLIĞI,https://envanter.kaysis.gov.tr/HizmetDetay.aspx?ID=110686
110687,Yetki Belgesi Sahiplerinin İlave Şube Başvurularının Alınması,ULAŞTIRMA VE ALTYAPI BAKANLIĞI > BAKAN YARDIMCILIĞI (SN. SELİM DURSUN) > ULAŞTIRMA HİZMETLERİ DÜZENLEME GENEL MÜDÜRLÜĞÜ > KARAYOLU TAŞIMACILIĞI DAİRESİ BAŞKANLIĞI,https://envanter.kaysis.gov.tr/HizmetDetay.aspx?ID=110687
110688,Yetki Belgesi Sahiplerinin İlave Acentelik Başvurularının Alınması,ULAŞTIRMA VE ALTYAPI BAKANLIĞI > BAKAN YARDIMCILIĞI (SN. SELİM DURSUN) > ULAŞTIRMA HİZMETLERİ DÜZENLEME GENEL MÜDÜRLÜĞÜ > KARAYOLU TAŞIMACILIĞI DAİRESİ BAŞKANLIĞI,https://envanter.kaysis.gov.tr/HizmetDetay.aspx?ID=110688
110689,Yetki Belgesi Sahibi Firmaların Mesleki Yeterlilik Belgesi (ODY/ÜDY) Sahibi Kişileri Belgeye Eklemesi,ULAŞTIRMA VE ALTYAPI BAKANLIĞI > BAKAN YARDIMCILIĞI (SN. SELİM DURSUN) > ULAŞTIRMA HİZMETLERİ DÜZENLEME GENEL MÜDÜRLÜĞÜ > KARAYOLU TAŞIMACILIĞI DAİRESİ BAŞKANLIĞI,https://envanter.kaysis.gov.tr/HizmetDetay.aspx?ID=110689
110690,Yetki Belgesi Sahibi Firmaların Acente Listesini Düzenlemesi ve Sorgulaması,ULAŞTIRMA VE ALTYAPI BAKANLIĞI > BAKAN YARDIMCILIĞI (SN. SELİM DURSUN) > ULAŞTIRMA HİZMETLERİ DÜZENLEME GENEL MÜDÜRLÜĞÜ > KARAYOLU TAŞIMACILIĞI DAİRESİ BAŞKANLIĞI,https://envanter.kaysis.gov.tr/HizmetDetay.aspx?ID=110690
111836,Yetki Belgesi Sahibi Firmaların Barkodlu Acente Listesinin Doğrulanması,ULAŞTIRMA VE ALTYAPI BAKANLIĞI > BAKAN YARDIMCILIĞI (SN. SELİM DURSUN) > ULAŞTIRMA HİZMETLERİ DÜZENLEME GENEL MÜDÜRLÜĞÜ > KARAYOLU TAŞIMACILIĞI DAİRESİ BAŞKANLIĞI,https://envanter.kaysis.gov.tr/HizmetDetay.aspx?ID=111836
40447,A1 Yetki Belgesi Verilmesi ve Yenilenmesi,ULAŞTIRMA VE ALTYAPI BAKANLIĞI > BAKAN YARDIMCILIĞI (SN. SELİM DURSUN) > ULAŞTIRMA HİZMETLERİ DÜZENLEME GENEL MÜDÜRLÜĞÜ > KARAYOLU TAŞIMACILIĞI DAİRESİ BAŞKANLIĞI,https://envanter.kaysis.gov.tr/HizmetDetay.aspx?ID=40447
40466,A2 Yetki Belgesi Verilmesi ve Yenilenmesi.,ULAŞTIRMA VE ALTYAPI BAKANLIĞI > BAKAN YARDIMCILIĞI (SN. SELİM DURSUN) > ULAŞTIRMA HİZMETLERİ DÜZENLEME GENEL MÜDÜRLÜĞÜ > KARAYOLU TAŞIMACILIĞI DAİRESİ BAŞKANLIĞI,https://envanter.kaysis.gov.tr/HizmetDetay.aspx?ID=40466
81326,Uluslararası Hat ilave ve Hat süre uzatımı işlemlerinin yapılması,ULAŞTIRMA VE ALTYAPI BAKANLIĞI > BAKAN YARDIMCILIĞI (SN. SELİM DURSUN) > ULAŞTIRMA HİZMETLERİ DÜZENLEME GENEL MÜDÜRLÜĞÜ > KARAYOLU TAŞIMACILIĞI DAİRESİ BAŞKANLIĞI,https://envanter.kaysis.gov.tr/HizmetDetay.aspx?ID=81326
40753,Ulusal siber güvenliğe ilişkin faaliyetlerin yürütülmesi ve koordinasyonun sağlanması.,ULAŞTIRMA VE ALTYAPI BAKANLIĞI > BAKAN YARDIMCILIĞI (SN. DR. ÖMER FATİH SAYAN) > HABERLEŞME GENEL MÜDÜRLÜĞÜ > SİBER GÜVENLİK DAİRESİ BAŞKANLIĞI,https://envanter.kaysis.gov.tr/HizmetDetay.aspx?ID=40753
100457,Acil Durum Haberleşmesine Yönelik Hizmetlerin Sağlanması,ULAŞTIRMA VE ALTYAPI BAKANLIĞI > BAKAN YARDIMCILIĞI (SN. DR. ÖMER FATİH SAYAN) > HABERLEŞME GENEL MÜDÜRLÜĞÜ > ELEKTRONİK HABERLEŞME DAİRESİ BAŞKANLIĞI,https://envanter.kaysis.gov.tr/HizmetDetay.aspx?ID=100457
85628,Geçiş Hakkı Kullanım Onayı Verilmesi,ULAŞTIRMA VE ALTYAPI BAKANLIĞI > BAKAN YARDIMCILIĞI (SN. DR. ÖMER FATİH SAYAN) > HABERLEŞME GENEL MÜDÜRLÜĞÜ > ELEKTRONİK HABERLEŞME DAİRESİ BAŞKANLIĞI,https://envanter.kaysis.gov.tr/HizmetDetay.aspx?ID=85628
90558,Elektronik Haberleşme ve Posta Sektörüne Yönelik Strateji ve Politika Belirlenmesi ve Düzenlemeler Yapılması,ULAŞTIRMA VE ALTYAPI BAKANLIĞI > BAKAN YARDIMCILIĞI (SN. DR. ÖMER FATİH SAYAN) > HABERLEŞME GENEL MÜDÜRLÜĞÜ > ELEKTRONİK HABERLEŞME DAİRESİ BAŞKANLIĞI,https://envanter.kaysis.gov.tr/HizmetDetay.aspx?ID=90558
90560,Haberleşme Sektörüne İlişkin Ücret ve Tarifelerin Belirlenmesi,ULAŞTIRMA VE ALTYAPI BAKANLIĞI > BAKAN YARDIMCILIĞI (SN. DR. ÖMER FATİH SAYAN) > HABERLEŞME GENEL MÜDÜRLÜĞÜ > ELEKTRONİK HABERLEŞME DAİRESİ BAŞKANLIĞI,https://envanter.kaysis.gov.tr/HizmetDetay.aspx?ID=90560
84721,"Elektronik Haberleşme, Havacılık ve Uzay Teknolojileri Alanında Ar-Ge Desteği Verilmesi","ULAŞTIRMA VE ALTYAPI BAKANLIĞI > BAKAN YARDIMCILIĞI (SN. OSMAN BOYRAZ) > ULAŞTIRMA, DENİZCİLİK VE HABERLEŞME ARAŞTIRMALARI MERKEZİ BAŞKANLIĞI",https://envanter.kaysis.gov.tr/HizmetDetay.aspx?ID=84721
83716,Demiryolu Araçlarına  Tescil Belgesi Verilmesi,ULAŞTIRMA VE ALTYAPI BAKANLIĞI > BAKAN YARDIMCILIĞI (SN. SELİM DURSUN) > ULAŞTIRMA HİZMETLERİ DÜZENLEME GENEL MÜDÜRLÜĞÜ > DEMİRYOLU TAŞIMACILIĞI DAİRESİ BAŞKANLIĞI,https://envanter.kaysis.gov.tr/HizmetDetay.aspx?ID=83716
83674,Tren Makinist Ehliyeti Verilmesi,ULAŞTIRMA VE ALTYAPI BAKANLIĞI > BAKAN YARDIMCILIĞI (SN. SELİM DURSUN) > ULAŞTIRMA HİZMETLERİ DÜZENLEME GENEL MÜDÜRLÜĞÜ > DEMİRYOLU TAŞIMACILIĞI DAİRESİ BAŞKANLIĞI,https://envanter.kaysis.gov.tr/HizmetDetay.aspx?ID=83674
93050,Bakımdan Sorumlu Kuruluş (ECM) Sertifikası verilmesi,ULAŞTIRMA VE ALTYAPI BAKANLIĞI > BAKAN YARDIMCILIĞI (SN. SELİM DURSUN) > ULAŞTIRMA HİZMETLERİ DÜZENLEME GENEL MÜDÜRLÜĞÜ > DEMİRYOLU TAŞIMACILIĞI DAİRESİ BAŞKANLIĞI,https://envanter.kaysis.gov.tr/HizmetDetay.aspx?ID=93050
93209,Bakımdan Sorumlu Birim Sertifikasının Verilmesi,ULAŞTIRMA VE ALTYAPI BAKANLIĞI > BAKAN YARDIMCILIĞI (SN. SELİM DURSUN) > ULAŞTIRMA HİZMETLERİ DÜZENLEME GENEL MÜDÜRLÜĞÜ > DEMİRYOLU TAŞIMACILIĞI DAİRESİ BAŞKANLIĞI,https://envanter.kaysis.gov.tr/HizmetDetay.aspx?ID=93209
83814,Demiryolu Araçlarına  Tip Onay Belgesi verilmesi,ULAŞTIRMA VE ALTYAPI BAKANLIĞI > BAKAN YARDIMCILIĞI (SN. SELİM DURSUN) > ULAŞTIRMA HİZMETLERİ DÜZENLEME GENEL MÜDÜRLÜĞÜ > DEMİRYOLU TAŞIMACILIĞI DAİRESİ BAŞKANLIĞI,https://envanter.kaysis.gov.tr/HizmetDetay.aspx?ID=83814
83958,Demiryolu Eğitim ve Sınav Merkezi Yetkilendirilmesi,ULAŞTIRMA VE ALTYAPI BAKANLIĞI > BAKAN YARDIMCILIĞI (SN. SELİM DURSUN) > ULAŞTIRMA HİZMETLERİ DÜZENLEME GENEL MÜDÜRLÜĞÜ > DEMİRYOLU TAŞIMACILIĞI DAİRESİ BAŞKANLIĞI,https://envanter.kaysis.gov.tr/HizmetDetay.aspx?ID=83958
39795,Deniz Çevresinin Petrol ve Diğer Zararlı Maddelerle Kirlenmesinde Acil Durumlara Müdahale Yetki Belgesi Verilmesi,ULAŞTIRMA VE ALTYAPI BAKANLIĞI > BAKAN YARDIMCILIĞI (SN. SELİM DURSUN) > DENİZCİLİK GENEL MÜDÜRLÜĞÜ > DENİZ ÇEVRESİ VE TURİZMİ DAİRE BAŞKANLIĞI,https://envanter.kaysis.gov.tr/HizmetDetay.aspx?ID=39795
39816,Petrol ve Diğer Zararlı Maddelerden Kaynaklanan Kirliliğe Hazırlıklı Olma ve Müdahale ile İlgili Eğitim Semineri Programı ve Tatbikat Programı Düzenleme Yetki Belgesi Verilmesi,ULAŞTIRMA VE ALTYAPI BAKANLIĞI > BAKAN YARDIMCILIĞI (SN. SELİM DURSUN) > DENİZCİLİK GENEL MÜDÜRLÜĞÜ > DENİZ ÇEVRESİ VE TURİZMİ DAİRE BAŞKANLIĞI,https://envanter.kaysis.gov.tr/HizmetDetay.aspx?ID=39816
40806,Denetimlerde Yaşanan Sorunların Çözüme Kavuşturulması,ULAŞTIRMA VE ALTYAPI BAKANLIĞI > BAKAN YARDIMCILIĞI (SN. SELİM DURSUN) > ULAŞTIRMA HİZMETLERİ DÜZENLEME GENEL MÜDÜRLÜĞÜ > ARAÇ MUAYENE VE DENETİM DAİRESİ BAŞKANLIĞI,https://envanter.kaysis.gov.tr/HizmetDetay.aspx?ID=40806
40812,Araç Muayene İstasyonlarına İşletme Yetki Belgesi Verilmesi/Yenilenmesi,ULAŞTIRMA VE ALTYAPI BAKANLIĞI > BAKAN YARDIMCILIĞI (SN. SELİM DURSUN) > ULAŞTIRMA HİZMETLERİ DÜZENLEME GENEL MÜDÜRLÜĞÜ > ARAÇ MUAYENE VE DENETİM DAİRESİ BAŞKANLIĞI,https://envanter.kaysis.gov.tr/HizmetDetay.aspx?ID=40812
40814,Araç Muayene İstasyonlarına Geçici İşletme Yetki Belgesi Verilmesi/Yenilenmesi,ULAŞTIRMA VE ALTYAPI BAKANLIĞI > BAKAN YARDIMCILIĞI (SN. SELİM DURSUN) > ULAŞTIRMA HİZMETLERİ DÜZENLEME GENEL MÜDÜRLÜĞÜ > ARAÇ MUAYENE VE DENETİM DAİRESİ BAŞKANLIĞI,https://envanter.kaysis.gov.tr/HizmetDetay.aspx?ID=40814
100465,Barkodlu Araç Muayene Raporu Sorgulaması Yapılması,ULAŞTIRMA VE ALTYAPI BAKANLIĞI > BAKAN YARDIMCILIĞI (SN. SELİM DURSUN) > ULAŞTIRMA HİZMETLERİ DÜZENLEME GENEL MÜDÜRLÜĞÜ > ARAÇ MUAYENE VE DENETİM DAİRESİ BAŞKANLIĞI,https://envanter.kaysis.gov.tr/HizmetDetay.aspx?ID=100465
100467,Barkodlu Araç Muayene Raporu Doğrulaması Yapılması,ULAŞTIRMA VE ALTYAPI BAKANLIĞI > BAKAN YARDIMCILIĞI (SN. SELİM DURSUN) > ULAŞTIRMA HİZMETLERİ DÜZENLEME GENEL MÜDÜRLÜĞÜ > ARAÇ MUAYENE VE DENETİM DAİRESİ BAŞKANLIĞI,https://envanter.kaysis.gov.tr/HizmetDetay.aspx?ID=100467
100469,4925 Sayılı Karayolu Taşıma Kanunu Kapsamında Düzenlenen İdari Para Cezalarının Sorgulanması,ULAŞTIRMA VE ALTYAPI BAKANLIĞI > BAKAN YARDIMCILIĞI (SN. SELİM DURSUN) > ULAŞTIRMA HİZMETLERİ DÜZENLEME GENEL MÜDÜRLÜĞÜ > ARAÇ MUAYENE VE DENETİM DAİRESİ BAŞKANLIĞI,https://envanter.kaysis.gov.tr/HizmetDetay.aspx?ID=100469
100471,Karayolu Taşıma Yönetmeliği Uyarınca Düzenlenen Uyarmaların Sorgulanması/Paraya Çevirilmesi,ULAŞTIRMA VE ALTYAPI BAKANLIĞI > BAKAN YARDIMCILIĞI (SN. SELİM DURSUN) > ULAŞTIRMA HİZMETLERİ DÜZENLEME GENEL MÜDÜRLÜĞÜ > ARAÇ MUAYENE VE DENETİM DAİRESİ BAŞKANLIĞI,https://envanter.kaysis.gov.tr/HizmetDetay.aspx?ID=100471
101518,Seyyar Araç Muayene İstasyonlarının İş Programlarının Onaylanması,ULAŞTIRMA VE ALTYAPI BAKANLIĞI > BAKAN YARDIMCILIĞI (SN. SELİM DURSUN) > ULAŞTIRMA HİZMETLERİ DÜZENLEME GENEL MÜDÜRLÜĞÜ > ARAÇ MUAYENE VE DENETİM DAİRESİ BAŞKANLIĞI,https://envanter.kaysis.gov.tr/HizmetDetay.aspx?ID=101518
101551,Seyyar Araç Muayene İstasyonu Bilgisi Sorgulaması,ULAŞTIRMA VE ALTYAPI BAKANLIĞI > BAKAN YARDIMCILIĞI (SN. SELİM DURSUN) > ULAŞTIRMA HİZMETLERİ DÜZENLEME GENEL MÜDÜRLÜĞÜ > ARAÇ MUAYENE VE DENETİM DAİRESİ BAŞKANLIĞI,https://envanter.kaysis.gov.tr/HizmetDetay.aspx?ID=101551
101552,Araç Muayene Durum Sorgulaması,ULAŞTIRMA VE ALTYAPI BAKANLIĞI > BAKAN YARDIMCILIĞI (SN. SELİM DURSUN) > ULAŞTIRMA HİZMETLERİ DÜZENLEME GENEL MÜDÜRLÜĞÜ > ARAÇ MUAYENE VE DENETİM DAİRESİ BAŞKANLIĞI,https://envanter.kaysis.gov.tr/HizmetDetay.aspx?ID=101552
101553,Araç Muayene İstasyonu Bilgisi Sorgulaması,ULAŞTIRMA VE ALTYAPI BAKANLIĞI > BAKAN YARDIMCILIĞI (SN. SELİM DURSUN) > ULAŞTIRMA HİZMETLERİ DÜZENLEME GENEL MÜDÜRLÜĞÜ > ARAÇ MUAYENE VE DENETİM DAİRESİ BAŞKANLIĞI,https://envanter.kaysis.gov.tr/HizmetDetay.aspx?ID=101553
101554,Araç Muayene Randevusunun İptal edilmesi,ULAŞTIRMA VE ALTYAPI BAKANLIĞI > BAKAN YARDIMCILIĞI (SN. SELİM DURSUN) > ULAŞTIRMA HİZMETLERİ DÜZENLEME GENEL MÜDÜRLÜĞÜ > ARAÇ MUAYENE VE DENETİM DAİRESİ BAŞKANLIĞI,https://envanter.kaysis.gov.tr/HizmetDetay.aspx?ID=101554
101555,Araç Muayene Randevu Kaydının Yapılması,ULAŞTIRMA VE ALTYAPI BAKANLIĞI > BAKAN YARDIMCILIĞI (SN. SELİM DURSUN) > ULAŞTIRMA HİZMETLERİ DÜZENLEME GENEL MÜDÜRLÜĞÜ > ARAÇ MUAYENE VE DENETİM DAİRESİ BAŞKANLIĞI,https://envanter.kaysis.gov.tr/HizmetDetay.aspx?ID=101555
101556,Araç Muayene Randevularını Listeleme,ULAŞTIRMA VE ALTYAPI BAKANLIĞI > BAKAN YARDIMCILIĞI (SN. SELİM DURSUN) > ULAŞTIRMA HİZMETLERİ DÜZENLEME GENEL MÜDÜRLÜĞÜ > ARAÇ MUAYENE VE DENETİM DAİRESİ BAŞKANLIĞI,https://envanter.kaysis.gov.tr/HizmetDetay.aspx?ID=101556
101839,Araç Muayene İstasyonlarında Çalışacak Personelin Onaylanması,ULAŞTIRMA VE ALTYAPI BAKANLIĞI > BAKAN YARDIMCILIĞI (SN. SELİM DURSUN) > ULAŞTIRMA HİZMETLERİ DÜZENLEME GENEL MÜDÜRLÜĞÜ > ARAÇ MUAYENE VE DENETİM DAİRESİ BAŞKANLIĞI,https://envanter.kaysis.gov.tr/HizmetDetay.aspx?ID=101839
101847,Traktör Muayene İstasyonlarının İş Programlarının Onaylanması,ULAŞTIRMA VE ALTYAPI BAKANLIĞI > BAKAN YARDIMCILIĞI (SN. SELİM DURSUN) > ULAŞTIRMA HİZMETLERİ DÜZENLEME GENEL MÜDÜRLÜĞÜ > ARAÇ MUAYENE VE DENETİM DAİRESİ BAŞKANLIĞI,https://envanter.kaysis.gov.tr/HizmetDetay.aspx?ID=101847
112844,UETDS Tarifeli Yolcu Taşımacılığı Bildirim İşlemlerinin Yapılması,ULAŞTIRMA VE ALTYAPI BAKANLIĞI > BAKAN YARDIMCILIĞI (SN. SELİM DURSUN) > ULAŞTIRMA HİZMETLERİ DÜZENLEME GENEL MÜDÜRLÜĞÜ > ARAÇ MUAYENE VE DENETİM DAİRESİ BAŞKANLIĞI,https://envanter.kaysis.gov.tr/HizmetDetay.aspx?ID=112844
117452,Ulaştırma ve Altyapı Bakanlığı Tarafından Uygulanan İdari Para Cezalarının Sorgulanabilmesi,ULAŞTIRMA VE ALTYAPI BAKANLIĞI > BAKAN YARDIMCILIĞI (SN. SELİM DURSUN) > ULAŞTIRMA HİZMETLERİ DÜZENLEME GENEL MÜDÜRLÜĞÜ > ARAÇ MUAYENE VE DENETİM DAİRESİ BAŞKANLIĞI,https://envanter.kaysis.gov.tr/HizmetDetay.aspx?ID=117452
101671,Araç Muayene İstasyonlarına Yola Elverişlilik Muayene Yetki Yetki Belgesi Verilmesi/Yenilenmesi,ULAŞTIRMA VE ALTYAPI BAKANLIĞI > BAKAN YARDIMCILIĞI (SN. SELİM DURSUN) > ULAŞTIRMA HİZMETLERİ DÜZENLEME GENEL MÜDÜRLÜĞÜ > ARAÇ MUAYENE VE DENETİM DAİRESİ BAŞKANLIĞI,https://envanter.kaysis.gov.tr/HizmetDetay.aspx?ID=101671
112845,UETDS Tarifesiz Yolcu Taşımacılığı Bildirim İşlemlerinin Yapılması,ULAŞTIRMA VE ALTYAPI BAKANLIĞI > BAKAN YARDIMCILIĞI (SN. SELİM DURSUN) > ULAŞTIRMA HİZMETLERİ DÜZENLEME GENEL MÜDÜRLÜĞÜ > ARAÇ MUAYENE VE DENETİM DAİRESİ BAŞKANLIĞI,https://envanter.kaysis.gov.tr/HizmetDetay.aspx?ID=112845
112846,UETDS Tarifesiz Yolcu Taşımacılığının Raporlanması,ULAŞTIRMA VE ALTYAPI BAKANLIĞI > BAKAN YARDIMCILIĞI (SN. SELİM DURSUN) > ULAŞTIRMA HİZMETLERİ DÜZENLEME GENEL MÜDÜRLÜĞÜ > ARAÇ MUAYENE VE DENETİM DAİRESİ BAŞKANLIĞI,https://envanter.kaysis.gov.tr/HizmetDetay.aspx?ID=112846
95851,UDH Bakanlığı Bilgi Edinme Başvurusunun yapılması,ULAŞTIRMA VE ALTYAPI BAKANLIĞI > BASIN VE HALKLA İLİŞKİLER MÜŞAVİRLİĞİ,https://envanter.kaysis.gov.tr/HizmetDetay.aspx?ID=95851
84723,TÜRK BAYRAKLI GEMİLER İÇİN MUTEBER KABUL EDİLEN P&I KULÜPLERİ VE SİGORTA ŞİRKETLERİNİN BELİRLENMESİ,ULAŞTIRMA VE ALTYAPI BAKANLIĞI > BAKAN YARDIMCILIĞI (SN. SELİM DURSUN) > DENİZCİLİK GENEL MÜDÜRLÜĞÜ > DENİZCİLİK POLİTİKALARI VE ULUSLARARASI İLİŞKİLER DAİRE BAŞKANLIĞI,https://envanter.kaysis.gov.tr/HizmetDetay.aspx?ID=84723
96390,"Tehlike Madde Güvenlik Danışmanlığı Kuruluşları (TMGDK), Tehlikeli Madde Güvenlik Danışmanı (TMGD) olarak çalışacak olan kişilerin firma ile arasındaki giriş ve atama işlemleri",ULAŞTIRMA VE ALTYAPI BAKANLIĞI > BAKAN YARDIMCILIĞI (SN. SELİM DURSUN) > ULAŞTIRMA HİZMETLERİ DÜZENLEME GENEL MÜDÜRLÜĞÜ > TEHLİKELİ YÜK TAŞIMACILIĞI DAİRESİ BAŞKANLIĞI,https://envanter.kaysis.gov.tr/HizmetDetay.aspx?ID=96390
99285,Tehlikeli Madde Faaliyet Belgesi Verilmesi,ULAŞTIRMA VE ALTYAPI BAKANLIĞI > BAKAN YARDIMCILIĞI (SN. SELİM DURSUN) > ULAŞTIRMA HİZMETLERİ DÜZENLEME GENEL MÜDÜRLÜĞÜ > TEHLİKELİ YÜK TAŞIMACILIĞI DAİRESİ BAŞKANLIĞI,https://envanter.kaysis.gov.tr/HizmetDetay.aspx?ID=99285
84793,Tehlikeli malların karayoluyla taşınması için işletmelere muafiyet ve/veya özel izin vermek,ULAŞTIRMA VE ALTYAPI BAKANLIĞI > BAKAN YARDIMCILIĞI (SN. SELİM DURSUN) > ULAŞTIRMA HİZMETLERİ DÜZENLEME GENEL MÜDÜRLÜĞÜ > TEHLİKELİ YÜK TAŞIMACILIĞI DAİRESİ BAŞKANLIĞI,https://envanter.kaysis.gov.tr/HizmetDetay.aspx?ID=84793
109393,Tehlikeli Mallara İlişkin Taşıma Evrakının Sunulması,ULAŞTIRMA VE ALTYAPI BAKANLIĞI > BAKAN YARDIMCILIĞI (SN. SELİM DURSUN) > ULAŞTIRMA HİZMETLERİ DÜZENLEME GENEL MÜDÜRLÜĞÜ > TEHLİKELİ YÜK TAŞIMACILIĞI DAİRESİ BAŞKANLIĞI,https://envanter.kaysis.gov.tr/HizmetDetay.aspx?ID=109393
109403,Tehlikeli Madde Güvenlik Danışmanlığı Kuruluşlarına Şube Listesi Verilmesi,ULAŞTIRMA VE ALTYAPI BAKANLIĞI > BAKAN YARDIMCILIĞI (SN. SELİM DURSUN) > ULAŞTIRMA HİZMETLERİ DÜZENLEME GENEL MÜDÜRLÜĞÜ > TEHLİKELİ YÜK TAŞIMACILIĞI DAİRESİ BAŞKANLIĞI,https://envanter.kaysis.gov.tr/HizmetDetay.aspx?ID=109403
110414,Tehlikeli Madde Faaliyet Belgesi Değerlendirme Raporu Düzenlenmesi,ULAŞTIRMA VE ALTYAPI BAKANLIĞI > BAKAN YARDIMCILIĞI (SN. SELİM DURSUN) > ULAŞTIRMA HİZMETLERİ DÜZENLEME GENEL MÜDÜRLÜĞÜ > TEHLİKELİ YÜK TAŞIMACILIĞI DAİRESİ BAŞKANLIĞI,https://envanter.kaysis.gov.tr/HizmetDetay.aspx?ID=110414
110450,Tehlikeli Madde Güvenlik Danışmanlığı Kuruluşlarına Verilen Şube Yetkisinin Doğrulanması,ULAŞTIRMA VE ALTYAPI BAKANLIĞI > BAKAN YARDIMCILIĞI (SN. SELİM DURSUN) > ULAŞTIRMA HİZMETLERİ DÜZENLEME GENEL MÜDÜRLÜĞÜ > TEHLİKELİ YÜK TAŞIMACILIĞI DAİRESİ BAŞKANLIĞI,https://envanter.kaysis.gov.tr/HizmetDetay.aspx?ID=110450
112842,Havayoluyla Tehlikeli Madde Taşıma Yetki Belgesi Verilmesi,ULAŞTIRMA VE ALTYAPI BAKANLIĞI > BAKAN YARDIMCILIĞI (SN. SELİM DURSUN) > ULAŞTIRMA HİZMETLERİ DÜZENLEME GENEL MÜDÜRLÜĞÜ > TEHLİKELİ YÜK TAŞIMACILIĞI DAİRESİ BAŞKANLIĞI,https://envanter.kaysis.gov.tr/HizmetDetay.aspx?ID=112842
92276,Tehlikeli Mal Taşımacılığı Faaliyetleri Komitesi Çalışmalarının Yürütülmesi,ULAŞTIRMA VE ALTYAPI BAKANLIĞI > BAKAN YARDIMCILIĞI (SN. SELİM DURSUN) > ULAŞTIRMA HİZMETLERİ DÜZENLEME GENEL MÜDÜRLÜĞÜ > TEHLİKELİ YÜK TAŞIMACILIĞI DAİRESİ BAŞKANLIĞI,https://envanter.kaysis.gov.tr/HizmetDetay.aspx?ID=92276
105289,"Tehlikeli madde güvenlik danışmanı, faaliyet ve kaza raporu ile tespit ve tavsiyelerinin bildiriminin yapılması",ULAŞTIRMA VE ALTYAPI BAKANLIĞI > BAKAN YARDIMCILIĞI (SN. SELİM DURSUN) > ULAŞTIRMA HİZMETLERİ DÜZENLEME GENEL MÜDÜRLÜĞÜ > TEHLİKELİ YÜK TAŞIMACILIĞI DAİRESİ BAŞKANLIĞI,https://envanter.kaysis.gov.tr/HizmetDetay.aspx?ID=105289
105290,Tehlikeli Madde Güvenlik Danışmanlığı Faaliyet Raporu Bildirimi Yapmak,ULAŞTIRMA VE ALTYAPI BAKANLIĞI > BAKAN YARDIMCILIĞI (SN. SELİM DURSUN) > ULAŞTIRMA HİZMETLERİ DÜZENLEME GENEL MÜDÜRLÜĞÜ > TEHLİKELİ YÜK TAŞIMACILIĞI DAİRESİ BAŞKANLIĞI,https://envanter.kaysis.gov.tr/HizmetDetay.aspx?ID=105290
105301,Demiryolu Tehlikeli Madde Faaliyet Belgesi Verilmesi,ULAŞTIRMA VE ALTYAPI BAKANLIĞI > BAKAN YARDIMCILIĞI (SN. SELİM DURSUN) > ULAŞTIRMA HİZMETLERİ DÜZENLEME GENEL MÜDÜRLÜĞÜ > TEHLİKELİ YÜK TAŞIMACILIĞI DAİRESİ BAŞKANLIĞI,https://envanter.kaysis.gov.tr/HizmetDetay.aspx?ID=105301
90887,Tehlikeli Madde Güvenlik Danışmanlığı Kuruluşlarına Yetki Belgesi Verilmesi,ULAŞTIRMA VE ALTYAPI BAKANLIĞI > BAKAN YARDIMCILIĞI (SN. SELİM DURSUN) > ULAŞTIRMA HİZMETLERİ DÜZENLEME GENEL MÜDÜRLÜĞÜ > TEHLİKELİ YÜK TAŞIMACILIĞI DAİRESİ BAŞKANLIĞI,https://envanter.kaysis.gov.tr/HizmetDetay.aspx?ID=90887
90913,Tehlikeli Maddelerin Havayoluyla Taşınması Hususunda Mevzuat Hazırlanması,ULAŞTIRMA VE ALTYAPI BAKANLIĞI > BAKAN YARDIMCILIĞI (SN. SELİM DURSUN) > ULAŞTIRMA HİZMETLERİ DÜZENLEME GENEL MÜDÜRLÜĞÜ > TEHLİKELİ YÜK TAŞIMACILIĞI DAİRESİ BAŞKANLIĞI,https://envanter.kaysis.gov.tr/HizmetDetay.aspx?ID=90913
82740,Tehlikeli Madde Güvenlik Danışmanı (TMGD)Faaliyet / Kaza Raporu İşlemlerinin yürütülmesi,ULAŞTIRMA VE ALTYAPI BAKANLIĞI > BAKAN YARDIMCILIĞI (SN. SELİM DURSUN) > ULAŞTIRMA HİZMETLERİ DÜZENLEME GENEL MÜDÜRLÜĞÜ > TEHLİKELİ YÜK TAŞIMACILIĞI DAİRESİ BAŞKANLIĞI,https://envanter.kaysis.gov.tr/HizmetDetay.aspx?ID=82740
82741,Tehlikeli Madde Güvenlik Danışmanı (TMGD) Kaza/Faaliyet Raporu Girişi (TMGD Girişi),ULAŞTIRMA VE ALTYAPI BAKANLIĞI > BAKAN YARDIMCILIĞI (SN. SELİM DURSUN) > ULAŞTIRMA HİZMETLERİ DÜZENLEME GENEL MÜDÜRLÜĞÜ > TEHLİKELİ YÜK TAŞIMACILIĞI DAİRESİ BAŞKANLIĞI,https://envanter.kaysis.gov.tr/HizmetDetay.aspx?ID=82741
82762,Tehlikeli Madde Güvenlik Danışmanı(TMGD)-Firma Anlaşma İşlemlerinin Yürütülmesi (Firma Girişi),ULAŞTIRMA VE ALTYAPI BAKANLIĞI > BAKAN YARDIMCILIĞI (SN. SELİM DURSUN) > ULAŞTIRMA HİZMETLERİ DÜZENLEME GENEL MÜDÜRLÜĞÜ > TEHLİKELİ YÜK TAŞIMACILIĞI DAİRESİ BAŞKANLIĞI,https://envanter.kaysis.gov.tr/HizmetDetay.aspx?ID=82762
82763,Tehlikeli Madde Güvenlik Danışmanı (TMGD)-Firma Anlaşma İşlemlerinin Yürütülmesi (TMGD Girişi),ULAŞTIRMA VE ALTYAPI BAKANLIĞI > BAKAN YARDIMCILIĞI (SN. SELİM DURSUN) > ULAŞTIRMA HİZMETLERİ DÜZENLEME GENEL MÜDÜRLÜĞÜ > TEHLİKELİ YÜK TAŞIMACILIĞI DAİRESİ BAŞKANLIĞI,https://envanter.kaysis.gov.tr/HizmetDetay.aspx?ID=82763
83191,Radyoaktif Madde İçeren Paketlerin Havaalanlarında Geçici Depolanma İzin Belgesi Vermek,ULAŞTIRMA VE ALTYAPI BAKANLIĞI > BAKAN YARDIMCILIĞI (SN. SELİM DURSUN) > ULAŞTIRMA HİZMETLERİ DÜZENLEME GENEL MÜDÜRLÜĞÜ > TEHLİKELİ YÜK TAŞIMACILIĞI DAİRESİ BAŞKANLIĞI,https://envanter.kaysis.gov.tr/HizmetDetay.aspx?ID=83191
105338,Tehlikeli Madde Güvenlik Danışmanlğı Kuruluşlarının koordinatör ve şube sorumluları atamalarının yapılması,ULAŞTIRMA VE ALTYAPI BAKANLIĞI > BAKAN YARDIMCILIĞI (SN. SELİM DURSUN) > ULAŞTIRMA HİZMETLERİ DÜZENLEME GENEL MÜDÜRLÜĞÜ > TEHLİKELİ YÜK TAŞIMACILIĞI DAİRESİ BAŞKANLIĞI,https://envanter.kaysis.gov.tr/HizmetDetay.aspx?ID=105338
105339,Tehlikeli Madde Güvenlik Danışmanlğı Kuruluşlarına ait araç bilgi girişi ve güncellemesinin yapılması,ULAŞTIRMA VE ALTYAPI BAKANLIĞI > BAKAN YARDIMCILIĞI (SN. SELİM DURSUN) > ULAŞTIRMA HİZMETLERİ DÜZENLEME GENEL MÜDÜRLÜĞÜ > TEHLİKELİ YÜK TAŞIMACILIĞI DAİRESİ BAŞKANLIĞI,https://envanter.kaysis.gov.tr/HizmetDetay.aspx?ID=105339
105340,Tehlikeli Madde Güvenlik Danışmanlarının (TMGD) Ziyaret Rapor Bildirimi Yapması,ULAŞTIRMA VE ALTYAPI BAKANLIĞI > BAKAN YARDIMCILIĞI (SN. SELİM DURSUN) > ULAŞTIRMA HİZMETLERİ DÜZENLEME GENEL MÜDÜRLÜĞÜ > TEHLİKELİ YÜK TAŞIMACILIĞI DAİRESİ BAŞKANLIĞI,https://envanter.kaysis.gov.tr/HizmetDetay.aspx?ID=105340
115297,Bilgi İşlem Dairesi Başkanlığı/E-Denizcilik Koordinatörlüğü'nün sorumlu olduğu tüm uygulamalara giriş ve yetkilendirme için Kullanıcı Yönetim Sisteminin Yürütülmesi,ULAŞTIRMA VE ALTYAPI BAKANLIĞI > BAKAN YARDIMCILIĞI (SN. DR. ÖMER FATİH SAYAN) > BİLGİ İŞLEM DAİRESİ BAŞKANLIĞI,https://envanter.kaysis.gov.tr/HizmetDetay.aspx?ID=115297
95790,Elektronik Belge Yönetim Sistemi Evrak Doğrulama,ULAŞTIRMA VE ALTYAPI BAKANLIĞI > BAKAN YARDIMCILIĞI (SN. DR. ÖMER FATİH SAYAN) > BİLGİ İŞLEM DAİRESİ BAŞKANLIĞI,https://envanter.kaysis.gov.tr/HizmetDetay.aspx?ID=95790
95913,Denizcilik  Ödeme İşlemleri ve ilgili belgelerin verilmesinin Gerçekleştirilmesi,ULAŞTIRMA VE ALTYAPI BAKANLIĞI > BAKAN YARDIMCILIĞI (SN. DR. ÖMER FATİH SAYAN) > BİLGİ İŞLEM DAİRESİ BAŞKANLIĞI,https://envanter.kaysis.gov.tr/HizmetDetay.aspx?ID=95913
110507,T.C. Ulaştırma ve Altyapı Bakanlığı Yazılı Sınav Giriş Kartı Düzenlenmesi,ULAŞTIRMA VE ALTYAPI BAKANLIĞI > BAKAN YARDIMCILIĞI (SN. DR. ÖMER FATİH SAYAN) > BİLGİ İŞLEM DAİRESİ BAŞKANLIĞI,https://envanter.kaysis.gov.tr/HizmetDetay.aspx?ID=110507
117473,Kamu Uygulamalar Merkezi'nden servis paylaşım hizmetinin sunulması,ULAŞTIRMA VE ALTYAPI BAKANLIĞI > BAKAN YARDIMCILIĞI (SN. DR. ÖMER FATİH SAYAN) > BİLGİ İŞLEM DAİRESİ BAŞKANLIĞI,https://envanter.kaysis.gov.tr/HizmetDetay.aspx?ID=117473
117698,Kullanıcı Yönetim Sisteminin Yürütülmesi,ULAŞTIRMA VE ALTYAPI BAKANLIĞI > BAKAN YARDIMCILIĞI (SN. DR. ÖMER FATİH SAYAN) > BİLGİ İŞLEM DAİRESİ BAŞKANLIĞI,https://envanter.kaysis.gov.tr/HizmetDetay.aspx?ID=117698
117606,Eğitim Yönetim Sisteminin Yürütülmesi,ULAŞTIRMA VE ALTYAPI BAKANLIĞI > BAKAN YARDIMCILIĞI (SN. DR. ÖMER FATİH SAYAN) > BİLGİ İŞLEM DAİRESİ BAŞKANLIĞI,https://envanter.kaysis.gov.tr/HizmetDetay.aspx?ID=117606
118221,Ulaştırma ve Altyapı Bakanlığı/CBT Uygulamalarına e-DK Üzerinden Giriş Sağlanması,ULAŞTIRMA VE ALTYAPI BAKANLIĞI > BAKAN YARDIMCILIĞI (SN. DR. ÖMER FATİH SAYAN) > BİLGİ İŞLEM DAİRESİ BAŞKANLIĞI,https://envanter.kaysis.gov.tr/HizmetDetay.aspx?ID=118221
92709,K1(Ö) Yetki Belgesinin Verilmesi ve Yenilenmesi (TÜZEL KİŞİ),ULAŞTIRMA VE ALTYAPI BAKANLIĞI > BAKAN YARDIMCILIĞI (SN. DURMUŞ ÜNÜVAR) > ULAŞTIRMA HİZMETLERİ DÜZENLEME GENEL MÜDÜRLÜĞÜ,https://envanter.kaysis.gov.tr/HizmetDetay.aspx?ID=92709
101528,Karayolu Taşıma Yönetmeliği kapsamında Yetki Belgesi Basvuru Durum Sorgulaması,ULAŞTIRMA VE ALTYAPI BAKANLIĞI > BAKAN YARDIMCILIĞI (SN. DURMUŞ ÜNÜVAR) > ULAŞTIRMA HİZMETLERİ DÜZENLEME GENEL MÜDÜRLÜĞÜ,https://envanter.kaysis.gov.tr/HizmetDetay.aspx?ID=101528
101529,Yetki Belgesi Detay Sorgulaması,ULAŞTIRMA VE ALTYAPI BAKANLIĞI > BAKAN YARDIMCILIĞI (SN. DURMUŞ ÜNÜVAR) > ULAŞTIRMA HİZMETLERİ DÜZENLEME GENEL MÜDÜRLÜĞÜ,https://envanter.kaysis.gov.tr/HizmetDetay.aspx?ID=101529
101530,Karayolu Taşıma Yönetmeliği kapsamında Yetki Belgesi Sorgulaması,ULAŞTIRMA VE ALTYAPI BAKANLIĞI > BAKAN YARDIMCILIĞI (SN. DURMUŞ ÜNÜVAR) > ULAŞTIRMA HİZMETLERİ DÜZENLEME GENEL MÜDÜRLÜĞÜ,https://envanter.kaysis.gov.tr/HizmetDetay.aspx?ID=101530
98161,K1 Yetki Belgesi Verilmesi ve Yenilenmesi (Gerçek Kişi),ULAŞTIRMA VE ALTYAPI BAKANLIĞI > BAKAN YARDIMCILIĞI (SN. DURMUŞ ÜNÜVAR) > ULAŞTIRMA HİZMETLERİ DÜZENLEME GENEL MÜDÜRLÜĞÜ,https://envanter.kaysis.gov.tr/HizmetDetay.aspx?ID=98161
98168,K1(Ö) Yetki Belgesi Verilmesi ve Yenilenmesi (Gerçek Kişi),ULAŞTIRMA VE ALTYAPI BAKANLIĞI > BAKAN YARDIMCILIĞI (SN. DURMUŞ ÜNÜVAR) > ULAŞTIRMA HİZMETLERİ DÜZENLEME GENEL MÜDÜRLÜĞÜ,https://envanter.kaysis.gov.tr/HizmetDetay.aspx?ID=98168
98173,K3 Yetki Belgesi Verilmesi ve Yenilenmesi (Gerçek Kişi),ULAŞTIRMA VE ALTYAPI BAKANLIĞI > BAKAN YARDIMCILIĞI (SN. DURMUŞ ÜNÜVAR) > ULAŞTIRMA HİZMETLERİ DÜZENLEME GENEL MÜDÜRLÜĞÜ,https://envanter.kaysis.gov.tr/HizmetDetay.aspx?ID=98173
98174,K1* Yetki Belgesinin Verilmesi ve Yenilenmesi (GERÇEK KİŞİ),ULAŞTIRMA VE ALTYAPI BAKANLIĞI > BAKAN YARDIMCILIĞI (SN. DURMUŞ ÜNÜVAR) > ULAŞTIRMA HİZMETLERİ DÜZENLEME GENEL MÜDÜRLÜĞÜ,https://envanter.kaysis.gov.tr/HizmetDetay.aspx?ID=98174
88287,Araç Yetki Belgesi İşleminin Sorgulanması,ULAŞTIRMA VE ALTYAPI BAKANLIĞI > BAKAN YARDIMCILIĞI (SN. DURMUŞ ÜNÜVAR) > ULAŞTIRMA HİZMETLERİ DÜZENLEME GENEL MÜDÜRLÜĞÜ,https://envanter.kaysis.gov.tr/HizmetDetay.aspx?ID=88287
101620,Karayolu Taşıma Yönetmeliği Kapsamında Alınan Yetki Belgesi Sorumlu Kişi Sorgulaması,ULAŞTIRMA VE ALTYAPI BAKANLIĞI > BAKAN YARDIMCILIĞI (SN. DURMUŞ ÜNÜVAR) > ULAŞTIRMA HİZMETLERİ DÜZENLEME GENEL MÜDÜRLÜĞÜ,https://envanter.kaysis.gov.tr/HizmetDetay.aspx?ID=101620
101621,Karayolu Taşıma Yönetmeliği Kapsamında Yetki Belgesi Sahibi Firmaların İletişim Bilgisi Güncelleme,ULAŞTIRMA VE ALTYAPI BAKANLIĞI > BAKAN YARDIMCILIĞI (SN. DURMUŞ ÜNÜVAR) > ULAŞTIRMA HİZMETLERİ DÜZENLEME GENEL MÜDÜRLÜĞÜ,https://envanter.kaysis.gov.tr/HizmetDetay.aspx?ID=101621
101622,Karayolu Taşıma Yönetmeliği Kapsamında Yetki Belgesi Sahibi Firmaların Sorgulanması,ULAŞTIRMA VE ALTYAPI BAKANLIĞI > BAKAN YARDIMCILIĞI (SN. DURMUŞ ÜNÜVAR) > ULAŞTIRMA HİZMETLERİ DÜZENLEME GENEL MÜDÜRLÜĞÜ,https://envanter.kaysis.gov.tr/HizmetDetay.aspx?ID=101622
101623,Karayolu Taşıma Yönetmeliği Kapsamında Yetki Belgesi Sahibi Firmaları Taşıma Kapasitesine Göre Sorgulama,ULAŞTIRMA VE ALTYAPI BAKANLIĞI > BAKAN YARDIMCILIĞI (SN. DURMUŞ ÜNÜVAR) > ULAŞTIRMA HİZMETLERİ DÜZENLEME GENEL MÜDÜRLÜĞÜ,https://envanter.kaysis.gov.tr/HizmetDetay.aspx?ID=101623
101624,Karayolu Taşıma Yönetmeliği kapsamında uluslararası taşımacılık faaliyetinde bulunan Firma Sorgulaması,ULAŞTIRMA VE ALTYAPI BAKANLIĞI > BAKAN YARDIMCILIĞI (SN. DURMUŞ ÜNÜVAR) > ULAŞTIRMA HİZMETLERİ DÜZENLEME GENEL MÜDÜRLÜĞÜ,https://envanter.kaysis.gov.tr/HizmetDetay.aspx?ID=101624
101627,Karayolu Taşıma Yönetmeliği Kapsamında Alınan Yetki Belgelerini Doğrulama,ULAŞTIRMA VE ALTYAPI BAKANLIĞI > BAKAN YARDIMCILIĞI (SN. DURMUŞ ÜNÜVAR) > ULAŞTIRMA HİZMETLERİ DÜZENLEME GENEL MÜDÜRLÜĞÜ,https://envanter.kaysis.gov.tr/HizmetDetay.aspx?ID=101627
101628,Karayolu Taşıma Yönetmeliği Kapsamında Yetki Belgesi eki Taşıt Belgelerini Doğrulama,ULAŞTIRMA VE ALTYAPI BAKANLIĞI > BAKAN YARDIMCILIĞI (SN. DURMUŞ ÜNÜVAR) > ULAŞTIRMA HİZMETLERİ DÜZENLEME GENEL MÜDÜRLÜĞÜ,https://envanter.kaysis.gov.tr/HizmetDetay.aspx?ID=101628
101629,Karayolu Taşıma Yönetmeliği Kapsamında Yetki Belgesi eki Taşıt Belgesi Sorgulama / Düzenleme,ULAŞTIRMA VE ALTYAPI BAKANLIĞI > BAKAN YARDIMCILIĞI (SN. DURMUŞ ÜNÜVAR) > ULAŞTIRMA HİZMETLERİ DÜZENLEME GENEL MÜDÜRLÜĞÜ,https://envanter.kaysis.gov.tr/HizmetDetay.aspx?ID=101629
101630,Karayolu Taşıma Yönetmeliği Kapsamında Ödeme Numarasından Ödeme Detayı Sorgulama,ULAŞTIRMA VE ALTYAPI BAKANLIĞI > BAKAN YARDIMCILIĞI (SN. DURMUŞ ÜNÜVAR) > ULAŞTIRMA HİZMETLERİ DÜZENLEME GENEL MÜDÜRLÜĞÜ,https://envanter.kaysis.gov.tr/HizmetDetay.aspx?ID=101630
101631,Karayolu Taşıma Yönetmeliği Kapsamında Yetki Belgesinin Ödemelerini Sorgulama,ULAŞTIRMA VE ALTYAPI BAKANLIĞI > BAKAN YARDIMCILIĞI (SN. DURMUŞ ÜNÜVAR) > ULAŞTIRMA HİZMETLERİ DÜZENLEME GENEL MÜDÜRLÜĞÜ,https://envanter.kaysis.gov.tr/HizmetDetay.aspx?ID=101631
81324,B3 Yetki Belgesi Verilmesi ve Yenilenmesi,ULAŞTIRMA VE ALTYAPI BAKANLIĞI > BAKAN YARDIMCILIĞI (SN. DURMUŞ ÜNÜVAR) > ULAŞTIRMA HİZMETLERİ DÜZENLEME GENEL MÜDÜRLÜĞÜ,https://envanter.kaysis.gov.tr/HizmetDetay.aspx?ID=81324
39820,K1* Yetki Belgesinin Verilmesi ve Yenilenmesi (TÜZEL KİŞİ),ULAŞTIRMA VE ALTYAPI BAKANLIĞI > BAKAN YARDIMCILIĞI (SN. DURMUŞ ÜNÜVAR) > ULAŞTIRMA HİZMETLERİ DÜZENLEME GENEL MÜDÜRLÜĞÜ,https://envanter.kaysis.gov.tr/HizmetDetay.aspx?ID=39820
39823,K2* Yetki Belgesinin Verilmesi ve Yenilenmesi (GERÇEK/TÜZEL KİŞİ),ULAŞTIRMA VE ALTYAPI BAKANLIĞI > BAKAN YARDIMCILIĞI (SN. DURMUŞ ÜNÜVAR) > ULAŞTIRMA HİZMETLERİ DÜZENLEME GENEL MÜDÜRLÜĞÜ,https://envanter.kaysis.gov.tr/HizmetDetay.aspx?ID=39823
39537,B2 Yetki Belgesinin Verilmesi ve Yenilenmesi,ULAŞTIRMA VE ALTYAPI BAKANLIĞI > BAKAN YARDIMCILIĞI (SN. DURMUŞ ÜNÜVAR) > ULAŞTIRMA HİZMETLERİ DÜZENLEME GENEL MÜDÜRLÜĞÜ,https://envanter.kaysis.gov.tr/HizmetDetay.aspx?ID=39537
37143,C1 Yetki Belgesinin Verilmesi ve Yenilenmesi,ULAŞTIRMA VE ALTYAPI BAKANLIĞI > BAKAN YARDIMCILIĞI (SN. DURMUŞ ÜNÜVAR) > ULAŞTIRMA HİZMETLERİ DÜZENLEME GENEL MÜDÜRLÜĞÜ,https://envanter.kaysis.gov.tr/HizmetDetay.aspx?ID=37143
37148,C2 Yetki Belgesinin Verilmesi ve Yenilenmesi,ULAŞTIRMA VE ALTYAPI BAKANLIĞI > BAKAN YARDIMCILIĞI (SN. DURMUŞ ÜNÜVAR) > ULAŞTIRMA HİZMETLERİ DÜZENLEME GENEL MÜDÜRLÜĞÜ,https://envanter.kaysis.gov.tr/HizmetDetay.aspx?ID=37148
37149,C3 Yetki Belgesinin Verilmesi ve Yenilenmesi,ULAŞTIRMA VE ALTYAPI BAKANLIĞI > BAKAN YARDIMCILIĞI (SN. DURMUŞ ÜNÜVAR) > ULAŞTIRMA HİZMETLERİ DÜZENLEME GENEL MÜDÜRLÜĞÜ,https://envanter.kaysis.gov.tr/HizmetDetay.aspx?ID=37149
37197,D1 Yetki Belgesinin Verilmesi ve Yenilenmesi,ULAŞTIRMA VE ALTYAPI BAKANLIĞI > BAKAN YARDIMCILIĞI (SN. DURMUŞ ÜNÜVAR) > ULAŞTIRMA HİZMETLERİ DÜZENLEME GENEL MÜDÜRLÜĞÜ,https://envanter.kaysis.gov.tr/HizmetDetay.aspx?ID=37197
37200,D2 Yetki Belgesinin Verilmesi ve Yenilenmesi,ULAŞTIRMA VE ALTYAPI BAKANLIĞI > BAKAN YARDIMCILIĞI (SN. DURMUŞ ÜNÜVAR) > ULAŞTIRMA HİZMETLERİ DÜZENLEME GENEL MÜDÜRLÜĞÜ,https://envanter.kaysis.gov.tr/HizmetDetay.aspx?ID=37200
37202,D3 Yetki Belgesinin Verilmesi ve Yenilenmesi,ULAŞTIRMA VE ALTYAPI BAKANLIĞI > BAKAN YARDIMCILIĞI (SN. DURMUŞ ÜNÜVAR) > ULAŞTIRMA HİZMETLERİ DÜZENLEME GENEL MÜDÜRLÜĞÜ,https://envanter.kaysis.gov.tr/HizmetDetay.aspx?ID=37202
37229,K1 Yetki Belgesinin Verilmesi ve Yenilenmesi (TÜZEL KİŞİ),ULAŞTIRMA VE ALTYAPI BAKANLIĞI > BAKAN YARDIMCILIĞI (SN. DURMUŞ ÜNÜVAR) > ULAŞTIRMA HİZMETLERİ DÜZENLEME GENEL MÜDÜRLÜĞÜ,https://envanter.kaysis.gov.tr/HizmetDetay.aspx?ID=37229
37232,K2 Yetki Belgesinin Verilmesi ve Yenilenmesi (GERÇEK/TÜZEL KİŞİ),ULAŞTIRMA VE ALTYAPI BAKANLIĞI > BAKAN YARDIMCILIĞI (SN. DURMUŞ ÜNÜVAR) > ULAŞTIRMA HİZMETLERİ DÜZENLEME GENEL MÜDÜRLÜĞÜ,https://envanter.kaysis.gov.tr/HizmetDetay.aspx?ID=37232
37235,K3 Yetki Belgesinin Verilmesi ve Yenilenmesi (TÜZEL KİŞİ),ULAŞTIRMA VE ALTYAPI BAKANLIĞI > BAKAN YARDIMCILIĞI (SN. DURMUŞ ÜNÜVAR) > ULAŞTIRMA HİZMETLERİ DÜZENLEME GENEL MÜDÜRLÜĞÜ,https://envanter.kaysis.gov.tr/HizmetDetay.aspx?ID=37235
40460,B1 Yetki Belgesi Verilmesi ve Yenilenmesi,ULAŞTIRMA VE ALTYAPI BAKANLIĞI > BAKAN YARDIMCILIĞI (SN. DURMUŞ ÜNÜVAR) > ULAŞTIRMA HİZMETLERİ DÜZENLEME GENEL MÜDÜRLÜĞÜ,https://envanter.kaysis.gov.tr/HizmetDetay.aspx?ID=40460
117806,Ulusal Hareketlilik Platformunun Yürütülmesi,ULAŞTIRMA VE ALTYAPI BAKANLIĞI > STRATEJİ GELİŞTİRME BAŞKANLIĞI > HAREKETLİLİK YÖNETİMİ VE ERİŞİLEBİLİR ULAŞIM DAİRE BAŞKANLIĞI,https://envanter.kaysis.gov.tr/HizmetDetay.aspx?ID=117806
37133,Deniz Ticaret Filosunun Geliştirilmesi ve Gemi İnşa Tesislerine Teşvik Verilmesi Kapsamında Faturalara Şerh Düşülmesi,ULAŞTIRMA VE ALTYAPI BAKANLIĞI > BAKAN YARDIMCILIĞI (SN. DURMUŞ ÜNÜVAR) > İSTANBUL BÖLGE LİMAN BAŞKANLIĞI,https://envanter.kaysis.gov.tr/HizmetDetay.aspx?ID=37133
37163,Gezi Tekneleri İçin Piyasa Gözetimi ve Denetimi Yapılarak Sistem üzerinden Veri Girişi Yapılması,ULAŞTIRMA VE ALTYAPI BAKANLIĞI > BAKAN YARDIMCILIĞI (SN. DURMUŞ ÜNÜVAR) > İSTANBUL BÖLGE LİMAN BAŞKANLIĞI,https://envanter.kaysis.gov.tr/HizmetDetay.aspx?ID=37163
37170,"Gemilere, Gemiadamları Donatımında Asgari Emniyet Belgesi Verilmesi",ULAŞTIRMA VE ALTYAPI BAKANLIĞI > BAKAN YARDIMCILIĞI (SN. DURMUŞ ÜNÜVAR) > İSTANBUL BÖLGE LİMAN BAŞKANLIĞI,https://envanter.kaysis.gov.tr/HizmetDetay.aspx?ID=37170
37207,Gemi Teçhizatlarına Yönelik Piyasa Denetimi ve Gözetimi Yapılmasına Dair İşlemler,ULAŞTIRMA VE ALTYAPI BAKANLIĞI > BAKAN YARDIMCILIĞI (SN. DURMUŞ ÜNÜVAR) > İSTANBUL BÖLGE LİMAN BAŞKANLIĞI,https://envanter.kaysis.gov.tr/HizmetDetay.aspx?ID=37207
37209,İnşa Halindeki Gemilerin İnşa Halindeki Gemilere Mahsus Sicile Tescil Edilebilmesi İçin Değerlendirme Denetim İşlemlerinin Yapılması,ULAŞTIRMA VE ALTYAPI BAKANLIĞI > BAKAN YARDIMCILIĞI (SN. DURMUŞ ÜNÜVAR) > İSTANBUL BÖLGE LİMAN BAŞKANLIĞI,https://envanter.kaysis.gov.tr/HizmetDetay.aspx?ID=37209
37219,"İçsularda Çalışan Tam Boyu 15 Metre ve Üzerindeki Gemi ve İçsu Araçları İle Boyuna Bakılmaksızın Yolcu Gemilerinin İçsuya Elverişlilik Belgesinin Düzenlenerek Verilmesi, Yenilenmesi ve Vize İşlemlerinin Yapılması",ULAŞTIRMA VE ALTYAPI BAKANLIĞI > BAKAN YARDIMCILIĞI (SN. DURMUŞ ÜNÜVAR) > İSTANBUL BÖLGE LİMAN BAŞKANLIĞI,https://envanter.kaysis.gov.tr/HizmetDetay.aspx?ID=37219
37240,Gemi Siciline Tescilli Gemi ve Su Araçlarının Sicilden Silinmesine Yönelik Tamir Kabul Etmez Raporunun Düzenlenmesine Dair İşlemlerin Yapılması,ULAŞTIRMA VE ALTYAPI BAKANLIĞI > BAKAN YARDIMCILIĞI (SN. DURMUŞ ÜNÜVAR) > İSTANBUL BÖLGE LİMAN BAŞKANLIĞI,https://envanter.kaysis.gov.tr/HizmetDetay.aspx?ID=37240
37411,"Türk Bayraklı Gemilere Ait Denize Elverişlilik Belgelerinin Yenilenmesi, Vize İşlemlerinin Yapılması",ULAŞTIRMA VE ALTYAPI BAKANLIĞI > BAKAN YARDIMCILIĞI (SN. DURMUŞ ÜNÜVAR) > İSTANBUL BÖLGE LİMAN BAŞKANLIĞI,https://envanter.kaysis.gov.tr/HizmetDetay.aspx?ID=37411
37448,Boğaz Geçişi Yapan Klassız Gemi İle Deniz Araçlarına Arıza ve Kaza Durumlarında Sürvey Raporunun Düzenlenerek Verilmesine Dair İşlemlerin Yapılması,ULAŞTIRMA VE ALTYAPI BAKANLIĞI > BAKAN YARDIMCILIĞI (SN. DURMUŞ ÜNÜVAR) > İSTANBUL BÖLGE LİMAN BAŞKANLIĞI,https://envanter.kaysis.gov.tr/HizmetDetay.aspx?ID=37448
37450,Profesyonel Sualtıadamları Dalış Takımlarının Muayenesi ve Kontrollerinin Yapılması,ULAŞTIRMA VE ALTYAPI BAKANLIĞI > BAKAN YARDIMCILIĞI (SN. DURMUŞ ÜNÜVAR) > İSTANBUL BÖLGE LİMAN BAŞKANLIĞI,https://envanter.kaysis.gov.tr/HizmetDetay.aspx?ID=37450
37456,Gemilerde Kullanılan Yangın Söndürme Sistemleri/Elemanları ile Can Kurtarma Araçları/Düzenekleri İçin Muayene ve Test Sertifikası Düzenleme Yetki Belgesinin Verilmesi/Vize Edilmesine Dair İşlemlerin Yapılması,ULAŞTIRMA VE ALTYAPI BAKANLIĞI > BAKAN YARDIMCILIĞI (SN. DURMUŞ ÜNÜVAR) > İSTANBUL BÖLGE LİMAN BAŞKANLIĞI,https://envanter.kaysis.gov.tr/HizmetDetay.aspx?ID=37456
37482,Gemilerde Kullanılan Yangın Söndürme Sistemleri/Elemanları ile Can Kurtarma Araçları/Düzenekleri İçin Muayene ve Test Sertifikası Düzenleme Yetkisi Olan Servis Sağlayıcılarının Denetlenmesine Dair İşlemlerin Yapılması,ULAŞTIRMA VE ALTYAPI BAKANLIĞI > BAKAN YARDIMCILIĞI (SN. DURMUŞ ÜNÜVAR) > İSTANBUL BÖLGE LİMAN BAŞKANLIĞI,https://envanter.kaysis.gov.tr/HizmetDetay.aspx?ID=37482
37486,Türk Limanlarına Uğrak Yapan Yabancı Bayraklı Gemilere Liman Devleti Kontrolü (PSC) Yapılması,ULAŞTIRMA VE ALTYAPI BAKANLIĞI > BAKAN YARDIMCILIĞI (SN. DURMUŞ ÜNÜVAR) > İSTANBUL BÖLGE LİMAN BAŞKANLIĞI,https://envanter.kaysis.gov.tr/HizmetDetay.aspx?ID=37486
37489,Yurt Dışına Çıkacak Türk Bayraklı Ticari Gemilere Ön Sürvey (Denetim) Yapılması,ULAŞTIRMA VE ALTYAPI BAKANLIĞI > BAKAN YARDIMCILIĞI (SN. DURMUŞ ÜNÜVAR) > İSTANBUL BÖLGE LİMAN BAŞKANLIĞI,https://envanter.kaysis.gov.tr/HizmetDetay.aspx?ID=37489
37490,Türk Bayraklı Gemilere Program Dışı Sürvey (Denetim) Yapılması İşlemleri,ULAŞTIRMA VE ALTYAPI BAKANLIĞI > BAKAN YARDIMCILIĞI (SN. DURMUŞ ÜNÜVAR) > İSTANBUL BÖLGE LİMAN BAŞKANLIĞI,https://envanter.kaysis.gov.tr/HizmetDetay.aspx?ID=37490
37491,"Su Aracı Uygunluk Belgesinin Düzenlenerek Verilmesi, Yenilenmesi ve Vizesinin Yapılması",ULAŞTIRMA VE ALTYAPI BAKANLIĞI > BAKAN YARDIMCILIĞI (SN. DURMUŞ ÜNÜVAR) > İSTANBUL BÖLGE LİMAN BAŞKANLIĞI,https://envanter.kaysis.gov.tr/HizmetDetay.aspx?ID=37491
37520,Gemi Sanayi Veri Tabanı ve Üretici Kodu Başvurusu Tespit Raporu Düzenlenmesi,ULAŞTIRMA VE ALTYAPI BAKANLIĞI > BAKAN YARDIMCILIĞI (SN. DURMUŞ ÜNÜVAR) > İSTANBUL BÖLGE LİMAN BAŞKANLIĞI,https://envanter.kaysis.gov.tr/HizmetDetay.aspx?ID=37520
37525,Gemilere Muafiyet Belgesi Düzenlenmesine Dair İşlemlerin Yapılması,ULAŞTIRMA VE ALTYAPI BAKANLIĞI > BAKAN YARDIMCILIĞI (SN. DURMUŞ ÜNÜVAR) > İSTANBUL BÖLGE LİMAN BAŞKANLIĞI,https://envanter.kaysis.gov.tr/HizmetDetay.aspx?ID=37525
37526,"Gemilere Geçici veya Tam Süreli Emniyetli Yönetim Sertifikası (SMC) Verilmesi, Vizelenmesi veya Yenilenmesi İşlemlerinin Yapılması",ULAŞTIRMA VE ALTYAPI BAKANLIĞI > BAKAN YARDIMCILIĞI (SN. DURMUŞ ÜNÜVAR) > İSTANBUL BÖLGE LİMAN BAŞKANLIĞI,https://envanter.kaysis.gov.tr/HizmetDetay.aspx?ID=37526
37528,"Gemi İşleten Kuruluşlara Geçici veya Tam Süreli Uygunluk Belgesi (DoC) Verilmesi, Vize Edilmesi ve Yenilenmesine Dair İşlemler",ULAŞTIRMA VE ALTYAPI BAKANLIĞI > BAKAN YARDIMCILIĞI (SN. DURMUŞ ÜNÜVAR) > İSTANBUL BÖLGE LİMAN BAŞKANLIĞI,https://envanter.kaysis.gov.tr/HizmetDetay.aspx?ID=37528
42459,Tayfa ve Yardımcı Sınıf Gemiadamı Cüzdanı/Belgesinin Verilmesi veya Yenilenmesi,ULAŞTIRMA VE ALTYAPI BAKANLIĞI > BAKAN YARDIMCILIĞI (SN. DURMUŞ ÜNÜVAR) > İSTANBUL BÖLGE LİMAN BAŞKANLIĞI,https://envanter.kaysis.gov.tr/HizmetDetay.aspx?ID=42459
42473,Gemilere Liman Çıkış Belgesi/İntikal İzin Belgesinin Verilmesine Dair İşlemlerin Yapılması,ULAŞTIRMA VE ALTYAPI BAKANLIĞI > BAKAN YARDIMCILIĞI (SN. DURMUŞ ÜNÜVAR) > İSTANBUL BÖLGE LİMAN BAŞKANLIĞI,https://envanter.kaysis.gov.tr/HizmetDetay.aspx?ID=42473
42474,Zabitan Sınıfı Gemiadamlarına Yeterlilik Belgesi Verilmesi,ULAŞTIRMA VE ALTYAPI BAKANLIĞI > BAKAN YARDIMCILIĞI (SN. DURMUŞ ÜNÜVAR) > İSTANBUL BÖLGE LİMAN BAŞKANLIĞI,https://envanter.kaysis.gov.tr/HizmetDetay.aspx?ID=42474
42478,Zabitan Sınıfı Gemiadamlarının Yeterlilik Belgelerinin Yenilenmesi,ULAŞTIRMA VE ALTYAPI BAKANLIĞI > BAKAN YARDIMCILIĞI (SN. DURMUŞ ÜNÜVAR) > İSTANBUL BÖLGE LİMAN BAŞKANLIĞI,https://envanter.kaysis.gov.tr/HizmetDetay.aspx?ID=42478
42481,STCW (Deniz ve Seyir Güvenlik) Belgelerinin Verilmesi ve Belgelerin Yenilenmesi,ULAŞTIRMA VE ALTYAPI BAKANLIĞI > BAKAN YARDIMCILIĞI (SN. DURMUŞ ÜNÜVAR) > İSTANBUL BÖLGE LİMAN BAŞKANLIĞI,https://envanter.kaysis.gov.tr/HizmetDetay.aspx?ID=42481
42493,Gemiadamı Deniz Hizmet Çizelgesi Düzenlemesi,ULAŞTIRMA VE ALTYAPI BAKANLIĞI > BAKAN YARDIMCILIĞI (SN. DURMUŞ ÜNÜVAR) > İSTANBUL BÖLGE LİMAN BAŞKANLIĞI,https://envanter.kaysis.gov.tr/HizmetDetay.aspx?ID=42493
42496,Gemilere ÖTV'siz Yakıt Alım Defterinin (YAD) Verilmesi ve Zayi Edilmesi Durumunda Yeniden Düzenlenmesi,ULAŞTIRMA VE ALTYAPI BAKANLIĞI > BAKAN YARDIMCILIĞI (SN. DURMUŞ ÜNÜVAR) > İSTANBUL BÖLGE LİMAN BAŞKANLIĞI,https://envanter.kaysis.gov.tr/HizmetDetay.aspx?ID=42496
42498,Gemiadamı Cüzdan/Belgesinin Yenilenmesi Taleplerine Dair İşlemlerin Yapılması,ULAŞTIRMA VE ALTYAPI BAKANLIĞI > BAKAN YARDIMCILIĞI (SN. DURMUŞ ÜNÜVAR) > İSTANBUL BÖLGE LİMAN BAŞKANLIĞI,https://envanter.kaysis.gov.tr/HizmetDetay.aspx?ID=42498
42499,Zayii ve Yıpranma Nedeniyle Gemiadamı Cüzdanı/Belgesi Yenilenmesi,ULAŞTIRMA VE ALTYAPI BAKANLIĞI > BAKAN YARDIMCILIĞI (SN. DURMUŞ ÜNÜVAR) > İSTANBUL BÖLGE LİMAN BAŞKANLIĞI,https://envanter.kaysis.gov.tr/HizmetDetay.aspx?ID=42499
42501,İç Sularda Sefer Yapan Deniz Araçlarına Gemi Sevk Ve İdare Belgesi Verilmesi,ULAŞTIRMA VE ALTYAPI BAKANLIĞI > BAKAN YARDIMCILIĞI (SN. DURMUŞ ÜNÜVAR) > İSTANBUL BÖLGE LİMAN BAŞKANLIĞI,https://envanter.kaysis.gov.tr/HizmetDetay.aspx?ID=42501
42509,Gemilerin ve Deniz Araçlarının Bağlama Kütüğüne Kayıt İşleminin Yapılması,ULAŞTIRMA VE ALTYAPI BAKANLIĞI > BAKAN YARDIMCILIĞI (SN. DURMUŞ ÜNÜVAR) > İSTANBUL BÖLGE LİMAN BAŞKANLIĞI,https://envanter.kaysis.gov.tr/HizmetDetay.aspx?ID=42509
42510,Gemiadamları Sınavlarına Girecek Olan Adayların Başvurularının Alınarak Gemiadamları Sınav Merkezi'ne (GASM) Sevk Edilmesine Dair İşlemlerin Yapılması,ULAŞTIRMA VE ALTYAPI BAKANLIĞI > BAKAN YARDIMCILIĞI (SN. DURMUŞ ÜNÜVAR) > İSTANBUL BÖLGE LİMAN BAŞKANLIĞI,https://envanter.kaysis.gov.tr/HizmetDetay.aspx?ID=42510
42511,"Bağlama Kütüğünde Kayıtlı Teknelerin Satış, Nakil Ve Bilgi Değişikliği İşlenerek Ruhsat Verilmesine Dair İşlemler",ULAŞTIRMA VE ALTYAPI BAKANLIĞI > BAKAN YARDIMCILIĞI (SN. DURMUŞ ÜNÜVAR) > İSTANBUL BÖLGE LİMAN BAŞKANLIĞI,https://envanter.kaysis.gov.tr/HizmetDetay.aspx?ID=42511
42515,Gemilerin ÖTV'siz Yakıt Alım Defterlerine Vize İşleminin Yapılması,ULAŞTIRMA VE ALTYAPI BAKANLIĞI > BAKAN YARDIMCILIĞI (SN. DURMUŞ ÜNÜVAR) > İSTANBUL BÖLGE LİMAN BAŞKANLIĞI,https://envanter.kaysis.gov.tr/HizmetDetay.aspx?ID=42515
42530,Gümrük Denetimine Tabi Gemilere Hizmet Verecek Deniz Araçlarına İzin Belgesi Verilmesi,ULAŞTIRMA VE ALTYAPI BAKANLIĞI > BAKAN YARDIMCILIĞI (SN. DURMUŞ ÜNÜVAR) > İSTANBUL BÖLGE LİMAN BAŞKANLIĞI,https://envanter.kaysis.gov.tr/HizmetDetay.aspx?ID=42530
42551,Geminin Çıplak Kiralama Esasına Göre Yurt Dışına Kiralanması Nedeniyle Geminin Sicilden Geçici Olarak Silinmesi (Geçici Terkin Edilmesi) İşleminin Yapılması,ULAŞTIRMA VE ALTYAPI BAKANLIĞI > BAKAN YARDIMCILIĞI (SN. DURMUŞ ÜNÜVAR) > İSTANBUL BÖLGE LİMAN BAŞKANLIĞI,https://envanter.kaysis.gov.tr/HizmetDetay.aspx?ID=42551
42556,Gemilere Yanaşma İzni (Ordino Belgesi) Düzenlenmesine Dair İşlemlerin Yapılması,ULAŞTIRMA VE ALTYAPI BAKANLIĞI > BAKAN YARDIMCILIĞI (SN. DURMUŞ ÜNÜVAR) > İSTANBUL BÖLGE LİMAN BAŞKANLIĞI,https://envanter.kaysis.gov.tr/HizmetDetay.aspx?ID=42556
42570,Seferden Men Kararlarının Uygulanmasına Dair İşlemlerin Yapılması,ULAŞTIRMA VE ALTYAPI BAKANLIĞI > BAKAN YARDIMCILIĞI (SN. DURMUŞ ÜNÜVAR) > İSTANBUL BÖLGE LİMAN BAŞKANLIĞI,https://envanter.kaysis.gov.tr/HizmetDetay.aspx?ID=42570
42594,Yatların Seyir İzin Belgelerinin (Transitlog) Onaylanması,ULAŞTIRMA VE ALTYAPI BAKANLIĞI > BAKAN YARDIMCILIĞI (SN. DURMUŞ ÜNÜVAR) > İSTANBUL BÖLGE LİMAN BAŞKANLIĞI,https://envanter.kaysis.gov.tr/HizmetDetay.aspx?ID=42594
42595,Gemilere ve Kıyı Tesisi İşletmelerine Uygulanan İdari Yaptırım Kararlarına Dair İşlemlerin Yapılması,ULAŞTIRMA VE ALTYAPI BAKANLIĞI > BAKAN YARDIMCILIĞI (SN. DURMUŞ ÜNÜVAR) > İSTANBUL BÖLGE LİMAN BAŞKANLIĞI,https://envanter.kaysis.gov.tr/HizmetDetay.aspx?ID=42595
42596,Gemi Jurnali Tasdik İşleminin Yapılması,ULAŞTIRMA VE ALTYAPI BAKANLIĞI > BAKAN YARDIMCILIĞI (SN. DURMUŞ ÜNÜVAR) > İSTANBUL BÖLGE LİMAN BAŞKANLIĞI,https://envanter.kaysis.gov.tr/HizmetDetay.aspx?ID=42596
42597,Dalış İzni Verilmesi,ULAŞTIRMA VE ALTYAPI BAKANLIĞI > BAKAN YARDIMCILIĞI (SN. DURMUŞ ÜNÜVAR) > İSTANBUL BÖLGE LİMAN BAŞKANLIĞI,https://envanter.kaysis.gov.tr/HizmetDetay.aspx?ID=42597
42956,"Türk Bayraklı Gemilerin Stabilite Bukleti, Plan ve Diğer Dökümanlarının Tasdik Edilmesine Dair İşlemler",ULAŞTIRMA VE ALTYAPI BAKANLIĞI > BAKAN YARDIMCILIĞI (SN. DURMUŞ ÜNÜVAR) > İSTANBUL BÖLGE LİMAN BAŞKANLIĞI,https://envanter.kaysis.gov.tr/HizmetDetay.aspx?ID=42956
84447,Yolcu Gemilerine Operasyonel Sınırlama Belgesi düzenlenmesi,ULAŞTIRMA VE ALTYAPI BAKANLIĞI > BAKAN YARDIMCILIĞI (SN. DURMUŞ ÜNÜVAR) > İSTANBUL BÖLGE LİMAN BAŞKANLIĞI,https://envanter.kaysis.gov.tr/HizmetDetay.aspx?ID=84447
84415,Sicile Kayıtlı Gemilere Sürekli Özet Kayıt Belgesi (CSR) verilmesi İşlemlerinin Yapılması,ULAŞTIRMA VE ALTYAPI BAKANLIĞI > BAKAN YARDIMCILIĞI (SN. DURMUŞ ÜNÜVAR) > İSTANBUL BÖLGE LİMAN BAŞKANLIĞI,https://envanter.kaysis.gov.tr/HizmetDetay.aspx?ID=84415
51528,Gemi Sicil Kayıtlarında Yapılan Düzeltmelere Dair İşlemlerin Yapılması,ULAŞTIRMA VE ALTYAPI BAKANLIĞI > BAKAN YARDIMCILIĞI (SN. DURMUŞ ÜNÜVAR) > İSTANBUL BÖLGE LİMAN BAŞKANLIĞI,https://envanter.kaysis.gov.tr/HizmetDetay.aspx?ID=51528
51529,Gemi Siciline Atıf Yapılan Belge ile Gemi Sicil Kütük Kayıt Örneği (Sicil Kayıt Suretlerinin) Verilmesi,ULAŞTIRMA VE ALTYAPI BAKANLIĞI > BAKAN YARDIMCILIĞI (SN. DURMUŞ ÜNÜVAR) > İSTANBUL BÖLGE LİMAN BAŞKANLIĞI,https://envanter.kaysis.gov.tr/HizmetDetay.aspx?ID=51529
51546,Sicile Tescilli Gemi Üzerine İpotek Tesis Edilmesine Dair İşlemlerin Yapılması,ULAŞTIRMA VE ALTYAPI BAKANLIĞI > BAKAN YARDIMCILIĞI (SN. DURMUŞ ÜNÜVAR) > İSTANBUL BÖLGE LİMAN BAŞKANLIĞI,https://envanter.kaysis.gov.tr/HizmetDetay.aspx?ID=51546
51547,Gemi Kiralama Sözleşmelerinin (Mukavelelerinin) Sicile Şerh Edilmesi İşleminin Yapılması,ULAŞTIRMA VE ALTYAPI BAKANLIĞI > BAKAN YARDIMCILIĞI (SN. DURMUŞ ÜNÜVAR) > İSTANBUL BÖLGE LİMAN BAŞKANLIĞI,https://envanter.kaysis.gov.tr/HizmetDetay.aspx?ID=51547
51549,Kıyı Tesisi İşletme İzni Verilmesine Yönelik Rapor Hazırlanması,ULAŞTIRMA VE ALTYAPI BAKANLIĞI > BAKAN YARDIMCILIĞI (SN. DURMUŞ ÜNÜVAR) > İSTANBUL BÖLGE LİMAN BAŞKANLIĞI,https://envanter.kaysis.gov.tr/HizmetDetay.aspx?ID=51549
43092,İlave Geçiş Şartlarına Tabi Boğaz Geçişi Yapacak Gemiler İçin Komisyon Oluşturularak Rapor Düzenlenmesi,ULAŞTIRMA VE ALTYAPI BAKANLIĞI > BAKAN YARDIMCILIĞI (SN. DURMUŞ ÜNÜVAR) > İSTANBUL BÖLGE LİMAN BAŞKANLIĞI,https://envanter.kaysis.gov.tr/HizmetDetay.aspx?ID=43092
84543,Römorkör Çeki Gücü Tespitine Yönelik Yapılan Çeki Testlerine Gözetim Yapılması,ULAŞTIRMA VE ALTYAPI BAKANLIĞI > BAKAN YARDIMCILIĞI (SN. DURMUŞ ÜNÜVAR) > İSTANBUL BÖLGE LİMAN BAŞKANLIĞI,https://envanter.kaysis.gov.tr/HizmetDetay.aspx?ID=84543
84548,Yedekli Seyir İşlemleri İçin Çeki İzni Verilmesine dair İşlemlerin Yapılması,ULAŞTIRMA VE ALTYAPI BAKANLIĞI > BAKAN YARDIMCILIĞI (SN. DURMUŞ ÜNÜVAR) > İSTANBUL BÖLGE LİMAN BAŞKANLIĞI,https://envanter.kaysis.gov.tr/HizmetDetay.aspx?ID=84548
83966,Gemi veya Suaracı İnşa/Tadilat İzni Belgesi Düzenlenmesi,ULAŞTIRMA VE ALTYAPI BAKANLIĞI > BAKAN YARDIMCILIĞI (SN. DURMUŞ ÜNÜVAR) > İSTANBUL BÖLGE LİMAN BAŞKANLIĞI,https://envanter.kaysis.gov.tr/HizmetDetay.aspx?ID=83966
83986,Petrol Kirliliğinden Doğan Zararın Hukuki Sorumluluğu ile İlgili Sigorta veya Diğer Mali Teminat Sertifikası (CLC92) Belgesinin Verilmesine Dair İşlemler,ULAŞTIRMA VE ALTYAPI BAKANLIĞI > BAKAN YARDIMCILIĞI (SN. DURMUŞ ÜNÜVAR) > İSTANBUL BÖLGE LİMAN BAŞKANLIĞI,https://envanter.kaysis.gov.tr/HizmetDetay.aspx?ID=83986
84038,2001 Gemi Yakıtlarından Kaynaklanan Petrol Kirliliği Zararının Hukuki Sorumluluğu Hakkında Uluslararası Sözleşme (BUNKER 2001) Sertifikasının Düzenlenmesi,ULAŞTIRMA VE ALTYAPI BAKANLIĞI > BAKAN YARDIMCILIĞI (SN. DURMUŞ ÜNÜVAR) > İSTANBUL BÖLGE LİMAN BAŞKANLIĞI,https://envanter.kaysis.gov.tr/HizmetDetay.aspx?ID=84038
101708,Balıkadam Gaz Karışım Yeterlilik Belgesi Talebi İşlemlerinin Yapılması,ULAŞTIRMA VE ALTYAPI BAKANLIĞI > BAKAN YARDIMCILIĞI (SN. DURMUŞ ÜNÜVAR) > İSTANBUL BÖLGE LİMAN BAŞKANLIĞI,https://envanter.kaysis.gov.tr/HizmetDetay.aspx?ID=101708
90128,İthal Edilen Gemilerin Milli Gemi Siciline Veya Türk Uluslararası Gemi Siciline Tescil İşlemi Yapılması,ULAŞTIRMA VE ALTYAPI BAKANLIĞI > BAKAN YARDIMCILIĞI (SN. DURMUŞ ÜNÜVAR) > İSTANBUL BÖLGE LİMAN BAŞKANLIĞI,https://envanter.kaysis.gov.tr/HizmetDetay.aspx?ID=90128
90403,"Milli/Türk Uluslararası Gemi Sicilinde Tescilli İken  Yurtdışına Satılması Nedeniyle, Gemilerin Sicilden Silinmesi (Terkin Edilmesi) İşleminin Yapılması",ULAŞTIRMA VE ALTYAPI BAKANLIĞI > BAKAN YARDIMCILIĞI (SN. DURMUŞ ÜNÜVAR) > İSTANBUL BÖLGE LİMAN BAŞKANLIĞI,https://envanter.kaysis.gov.tr/HizmetDetay.aspx?ID=90403
90407,Türk Uluslararası Gemi Sicilinde Alım/Satım Taleplerine Dair İşlemlerin Yapılması,ULAŞTIRMA VE ALTYAPI BAKANLIĞI > BAKAN YARDIMCILIĞI (SN. DURMUŞ ÜNÜVAR) > İSTANBUL BÖLGE LİMAN BAŞKANLIĞI,https://envanter.kaysis.gov.tr/HizmetDetay.aspx?ID=90407
90411,Milli Gemi Sicilinde Kayıtlı Gemilerin Yurt İçinde Alım-Satım İşleminin Yapılması,ULAŞTIRMA VE ALTYAPI BAKANLIĞI > BAKAN YARDIMCILIĞI (SN. DURMUŞ ÜNÜVAR) > İSTANBUL BÖLGE LİMAN BAŞKANLIĞI,https://envanter.kaysis.gov.tr/HizmetDetay.aspx?ID=90411
90423,Geçici Olarak Türk Bayrağı Çekmesine İzin Verilen Gemilere  Bayrak Şahadetnamesi Verilmesine Dair İşlemler,ULAŞTIRMA VE ALTYAPI BAKANLIĞI > BAKAN YARDIMCILIĞI (SN. DURMUŞ ÜNÜVAR) > İSTANBUL BÖLGE LİMAN BAŞKANLIĞI,https://envanter.kaysis.gov.tr/HizmetDetay.aspx?ID=90423
90425,İnşa Halindeki Gemilere Mahsus Sicile Kayıtlı Gemilerin Yurt Dışına Satılması Nedeniyle Sicilden Silinmesi (Terkin Edilmesi) İşleminin Yapılması,ULAŞTIRMA VE ALTYAPI BAKANLIĞI > BAKAN YARDIMCILIĞI (SN. DURMUŞ ÜNÜVAR) > İSTANBUL BÖLGE LİMAN BAŞKANLIĞI,https://envanter.kaysis.gov.tr/HizmetDetay.aspx?ID=90425
94667,İnşa  Halindeki Gemilere Mahsus Sicile Kayıtlı Gemilerin Yurt İçinde Alım/Satımı İşleminin Yapılması,ULAŞTIRMA VE ALTYAPI BAKANLIĞI > BAKAN YARDIMCILIĞI (SN. DURMUŞ ÜNÜVAR) > İSTANBUL BÖLGE LİMAN BAŞKANLIĞI,https://envanter.kaysis.gov.tr/HizmetDetay.aspx?ID=94667
94635,Türk Uluslararası Gemi Siciline Veya Milli Gemi Siciline Tescilli Gemilerin Miras veya Mahkeme Kararı Yolu ile Tescil Edilmesi.,ULAŞTIRMA VE ALTYAPI BAKANLIĞI > BAKAN YARDIMCILIĞI (SN. DURMUŞ ÜNÜVAR) > İSTANBUL BÖLGE LİMAN BAŞKANLIĞI,https://envanter.kaysis.gov.tr/HizmetDetay.aspx?ID=94635
94650,Bağlama Kütüğüne kayıtlı Gemilerin Miras veya Mahkeme Kararı Yolu ile İntikal Etmesi Halinde Yeni Sahibi Adına Tescil Edilmesi.,ULAŞTIRMA VE ALTYAPI BAKANLIĞI > BAKAN YARDIMCILIĞI (SN. DURMUŞ ÜNÜVAR) > İSTANBUL BÖLGE LİMAN BAŞKANLIĞI,https://envanter.kaysis.gov.tr/HizmetDetay.aspx?ID=94650
94654,Bağlama Kütüğüne Kayıtlı Tekneler Üzerine Haciz ve  İpotek Kararlarının Şerh Edilmesi,ULAŞTIRMA VE ALTYAPI BAKANLIĞI > BAKAN YARDIMCILIĞI (SN. DURMUŞ ÜNÜVAR) > İSTANBUL BÖLGE LİMAN BAŞKANLIĞI,https://envanter.kaysis.gov.tr/HizmetDetay.aspx?ID=94654
84316,Gemilere Tonilato Belgesi Düzenlenmesine Dair İşlemlerin Yapılması,ULAŞTIRMA VE ALTYAPI BAKANLIĞI > BAKAN YARDIMCILIĞI (SN. DURMUŞ ÜNÜVAR) > İSTANBUL BÖLGE LİMAN BAŞKANLIĞI,https://envanter.kaysis.gov.tr/HizmetDetay.aspx?ID=84316
84324,Gemilere Yükleme Sınırı Belgesi Düzenlenmesi veya Vize Edilmesine Dair İşlemlerin Yapılması,ULAŞTIRMA VE ALTYAPI BAKANLIĞI > BAKAN YARDIMCILIĞI (SN. DURMUŞ ÜNÜVAR) > İSTANBUL BÖLGE LİMAN BAŞKANLIĞI,https://envanter.kaysis.gov.tr/HizmetDetay.aspx?ID=84324
84284,Yolcu Gemilerinin Yolcu Kapasitelerinin Arttırılmasına Dair İşlemlerin Yapılması,ULAŞTIRMA VE ALTYAPI BAKANLIĞI > BAKAN YARDIMCILIĞI (SN. DURMUŞ ÜNÜVAR) > İSTANBUL BÖLGE LİMAN BAŞKANLIĞI,https://envanter.kaysis.gov.tr/HizmetDetay.aspx?ID=84284
84273,Gemi veya Su Aracı İnşa veya Tadilat Takip Formunda Belirtilen Denetimlerin Yapılması,ULAŞTIRMA VE ALTYAPI BAKANLIĞI > BAKAN YARDIMCILIĞI (SN. DURMUŞ ÜNÜVAR) > İSTANBUL BÖLGE LİMAN BAŞKANLIĞI,https://envanter.kaysis.gov.tr/HizmetDetay.aspx?ID=84273
84275,Gemi veya Su Araçlarının Genel Yerleşim Planının Onaylanması,ULAŞTIRMA VE ALTYAPI BAKANLIĞI > BAKAN YARDIMCILIĞI (SN. DURMUŞ ÜNÜVAR) > İSTANBUL BÖLGE LİMAN BAŞKANLIĞI,https://envanter.kaysis.gov.tr/HizmetDetay.aspx?ID=84275
98110,İlk Defa Amatör Denizci Belgesi Düzenlenmesine Dair İşlemlerin Yapılması,ULAŞTIRMA VE ALTYAPI BAKANLIĞI > BAKAN YARDIMCILIĞI (SN. DURMUŞ ÜNÜVAR) > İSTANBUL BÖLGE LİMAN BAŞKANLIĞI,https://envanter.kaysis.gov.tr/HizmetDetay.aspx?ID=98110
98113,Kısa Mesafe Telsiz Operatörü Belgesi Düzenlenmesi,ULAŞTIRMA VE ALTYAPI BAKANLIĞI > BAKAN YARDIMCILIĞI (SN. DURMUŞ ÜNÜVAR) > İSTANBUL BÖLGE LİMAN BAŞKANLIĞI,https://envanter.kaysis.gov.tr/HizmetDetay.aspx?ID=98113
98114,Amatör Denizci Belgesi Yenilenmesine Dair İşlemlerin Yapılması,ULAŞTIRMA VE ALTYAPI BAKANLIĞI > BAKAN YARDIMCILIĞI (SN. DURMUŞ ÜNÜVAR) > İSTANBUL BÖLGE LİMAN BAŞKANLIĞI,https://envanter.kaysis.gov.tr/HizmetDetay.aspx?ID=98114
98115,Kısa Mesafe Telsiz Operatör Belgesi Yenileme Taleplerine Dair İşlemlerin Yapılması,ULAŞTIRMA VE ALTYAPI BAKANLIĞI > BAKAN YARDIMCILIĞI (SN. DURMUŞ ÜNÜVAR) > İSTANBUL BÖLGE LİMAN BAŞKANLIĞI,https://envanter.kaysis.gov.tr/HizmetDetay.aspx?ID=98115
94684,Milli Gemi Sicilinde Kayıtlı İken Türk Uluslararası Gemi Siciline Naklen Tescil Edilecek Gemilere Dair İşlemlerin Yapılması,ULAŞTIRMA VE ALTYAPI BAKANLIĞI > BAKAN YARDIMCILIĞI (SN. DURMUŞ ÜNÜVAR) > İSTANBUL BÖLGE LİMAN BAŞKANLIĞI,https://envanter.kaysis.gov.tr/HizmetDetay.aspx?ID=94684
94685,Sicile Kayıtlı Bir Geminin Mahkeme Veya İcra Yolu ile Alınması Durumunda Alıcı Adına Sicillere Tescil Edilmesi,ULAŞTIRMA VE ALTYAPI BAKANLIĞI > BAKAN YARDIMCILIĞI (SN. DURMUŞ ÜNÜVAR) > İSTANBUL BÖLGE LİMAN BAŞKANLIĞI,https://envanter.kaysis.gov.tr/HizmetDetay.aspx?ID=94685
94686,Bağlama Kütüğüne Kayıtlı Gemilerin Silinmesine (Terkin Edilmesine) Dair İşlemler,ULAŞTIRMA VE ALTYAPI BAKANLIĞI > BAKAN YARDIMCILIĞI (SN. DURMUŞ ÜNÜVAR) > İSTANBUL BÖLGE LİMAN BAŞKANLIĞI,https://envanter.kaysis.gov.tr/HizmetDetay.aspx?ID=94686
94689,Yabancı Bayraklı Gemilerin Cebri İcra Yolu İle Türk Vatandaşına Satılması Halinde Türk Uluslararası Gemi Siciline Veya Milli Gemi Siciline Tescil Edilmesi,ULAŞTIRMA VE ALTYAPI BAKANLIĞI > BAKAN YARDIMCILIĞI (SN. DURMUŞ ÜNÜVAR) > İSTANBUL BÖLGE LİMAN BAŞKANLIĞI,https://envanter.kaysis.gov.tr/HizmetDetay.aspx?ID=94689
94690,Geminin Kurtarılamayacak Şekilde Batması veya Tamir Kabul Etmez Hale Gelmesi Nedeniyle Sicilden Silinmesi (Terkin Edilmesi) İşleminin Yapılması,ULAŞTIRMA VE ALTYAPI BAKANLIĞI > BAKAN YARDIMCILIĞI (SN. DURMUŞ ÜNÜVAR) > İSTANBUL BÖLGE LİMAN BAŞKANLIĞI,https://envanter.kaysis.gov.tr/HizmetDetay.aspx?ID=94690
95660,Gemilerin Sicil Kaydının Başka Limana Nakli  İşleminin Yapılması,ULAŞTIRMA VE ALTYAPI BAKANLIĞI > BAKAN YARDIMCILIĞI (SN. DURMUŞ ÜNÜVAR) > İSTANBUL BÖLGE LİMAN BAŞKANLIĞI,https://envanter.kaysis.gov.tr/HizmetDetay.aspx?ID=95660
95663,Geminin Türk Bayrağı Çekme Hakkını Kaybetmesi Nedeniyle Sicilden Silinmesi (Terkin) İşleminin Yapılması,ULAŞTIRMA VE ALTYAPI BAKANLIĞI > BAKAN YARDIMCILIĞI (SN. DURMUŞ ÜNÜVAR) > İSTANBUL BÖLGE LİMAN BAŞKANLIĞI,https://envanter.kaysis.gov.tr/HizmetDetay.aspx?ID=95663
101652,Kılavuz Kaptan Yeterlilik Belgesi Taleplerine Dair Başvuruların Kabulü,ULAŞTIRMA VE ALTYAPI BAKANLIĞI > BAKAN YARDIMCILIĞI (SN. DURMUŞ ÜNÜVAR) > İSTANBUL BÖLGE LİMAN BAŞKANLIĞI,https://envanter.kaysis.gov.tr/HizmetDetay.aspx?ID=101652
101654,Kılavuz Kaptan Yeterlilik Belgesi Alabilmek İçin Staja Başvuru İşlemlerinin Yapılması,ULAŞTIRMA VE ALTYAPI BAKANLIĞI > BAKAN YARDIMCILIĞI (SN. DURMUŞ ÜNÜVAR) > İSTANBUL BÖLGE LİMAN BAŞKANLIĞI,https://envanter.kaysis.gov.tr/HizmetDetay.aspx?ID=101654
101656,"Kılavuz Kaptan Adaylarının Temel Eğitim, Görev Başı Eğitimi ve Staj Sonrasında Kılavuz Kaptan Sınavına Sevki ve Kılavuz Kaptan Yeterlilik Belgesi Başvurularının Kabulü",ULAŞTIRMA VE ALTYAPI BAKANLIĞI > BAKAN YARDIMCILIĞI (SN. DURMUŞ ÜNÜVAR) > İSTANBUL BÖLGE LİMAN BAŞKANLIĞI,https://envanter.kaysis.gov.tr/HizmetDetay.aspx?ID=101656
101657,Birinci Sınıf Dalgıç Yeterlilik Belgesi Taleplerine Dair İşlemlerin Yapılması,ULAŞTIRMA VE ALTYAPI BAKANLIĞI > BAKAN YARDIMCILIĞI (SN. DURMUŞ ÜNÜVAR) > İSTANBUL BÖLGE LİMAN BAŞKANLIĞI,https://envanter.kaysis.gov.tr/HizmetDetay.aspx?ID=101657
101658,İkinci Sınıf Dalgıç Yeterlilik Belgesi Taleplerine Dair İşlemlerin Yapılması,ULAŞTIRMA VE ALTYAPI BAKANLIĞI > BAKAN YARDIMCILIĞI (SN. DURMUŞ ÜNÜVAR) > İSTANBUL BÖLGE LİMAN BAŞKANLIĞI,https://envanter.kaysis.gov.tr/HizmetDetay.aspx?ID=101658
101669,Balıkadam Yeterlilik Belgesi Taleplerine Dair İşlemlerin Yapılması,ULAŞTIRMA VE ALTYAPI BAKANLIĞI > BAKAN YARDIMCILIĞI (SN. DURMUŞ ÜNÜVAR) > İSTANBUL BÖLGE LİMAN BAŞKANLIĞI,https://envanter.kaysis.gov.tr/HizmetDetay.aspx?ID=101669
90427,Milli Gemi Siciline Tescili İhtiyari Olan Geminin Talep Üzerine Sicilden Silinmesi (Terkin Edilmesi) İşleminin Yapılması,ULAŞTIRMA VE ALTYAPI BAKANLIĞI > BAKAN YARDIMCILIĞI (SN. DURMUŞ ÜNÜVAR) > İSTANBUL BÖLGE LİMAN BAŞKANLIĞI,https://envanter.kaysis.gov.tr/HizmetDetay.aspx?ID=90427
90429,Yurt İçinde veya Serbest Bölgelerde İnşası Tamamlanmış Gemilerin Milli Gemi Siciline veya Türk Uluslararası Gemi Siciline Tescil İşleminin Yapılması.,ULAŞTIRMA VE ALTYAPI BAKANLIĞI > BAKAN YARDIMCILIĞI (SN. DURMUŞ ÜNÜVAR) > İSTANBUL BÖLGE LİMAN BAŞKANLIĞI,https://envanter.kaysis.gov.tr/HizmetDetay.aspx?ID=90429
90430,Gemilerin İnşa Halindeki Gemilere Mahsus Sicile Kayıt (Tescil) Edilmesine Dair İşlemler,ULAŞTIRMA VE ALTYAPI BAKANLIĞI > BAKAN YARDIMCILIĞI (SN. DURMUŞ ÜNÜVAR) > İSTANBUL BÖLGE LİMAN BAŞKANLIĞI,https://envanter.kaysis.gov.tr/HizmetDetay.aspx?ID=90430
102689,Gemiadamı Sicil Kaydı Nakil Taleplerine Dair İşlemlerin Yapılması,ULAŞTIRMA VE ALTYAPI BAKANLIĞI > BAKAN YARDIMCILIĞI (SN. DURMUŞ ÜNÜVAR) > İSTANBUL BÖLGE LİMAN BAŞKANLIĞI,https://envanter.kaysis.gov.tr/HizmetDetay.aspx?ID=102689
85897,"Demiryolu, Raylı Sistemler, Liman ve Havalimanı Projelerinin hazırlanması ve yapımının tamamlanması",ULAŞTIRMA VE ALTYAPI BAKANLIĞI > BAKAN YARDIMCILIĞI (SN. ENVER İSKURT) > ALTYAPI YATIRIMLARI GENEL MÜDÜRLÜĞÜ,https://envanter.kaysis.gov.tr/HizmetDetay.aspx?ID=85897
85977,"Demiryolu, Raylı Sistemler, Liman ve Havalimanı Projeleri İmar Planı Görüş Taleplerinin değerlendirilmesi",ULAŞTIRMA VE ALTYAPI BAKANLIĞI > BAKAN YARDIMCILIĞI (SN. ENVER İSKURT) > ALTYAPI YATIRIMLARI GENEL MÜDÜRLÜĞÜ,https://envanter.kaysis.gov.tr/HizmetDetay.aspx?ID=85977
85993,"Demiryolu, Raylı Sistemler, Liman ve Havalimanı Projeleri hakkındaki bilgi taleplerinin değerlendirilmesi",ULAŞTIRMA VE ALTYAPI BAKANLIĞI > BAKAN YARDIMCILIĞI (SN. ENVER İSKURT) > ALTYAPI YATIRIMLARI GENEL MÜDÜRLÜĞÜ,https://envanter.kaysis.gov.tr/HizmetDetay.aspx?ID=85993
96943,Evrensel Hizmet Kapsamında Haberleşme Altyapısı Kurulması,ULAŞTIRMA VE ALTYAPI BAKANLIĞI > BAKAN YARDIMCILIĞI (SN. DR. ÖMER FATİH SAYAN) > HABERLEŞME GENEL MÜDÜRLÜĞÜ > EVRENSEL HİZMETLER DAİRESİ BAŞKANLIĞI,https://envanter.kaysis.gov.tr/HizmetDetay.aspx?ID=96943
85812,Evrensel Hizmet Kapsamında Gerçekleştirilen Projelerin Net Maliyetinin Ödenmesi,ULAŞTIRMA VE ALTYAPI BAKANLIĞI > BAKAN YARDIMCILIĞI (SN. DR. ÖMER FATİH SAYAN) > HABERLEŞME GENEL MÜDÜRLÜĞÜ > EVRENSEL HİZMETLER DAİRESİ BAŞKANLIĞI,https://envanter.kaysis.gov.tr/HizmetDetay.aspx?ID=85812
92172,Tehlikeli Maddelerin Denizyolu ve İçsuyoluyla Taşınması Hususunda Mevzuat Hazırlanması,ULAŞTIRMA VE ALTYAPI BAKANLIĞI > BAKAN YARDIMCILIĞI (SN. SELİM DURSUN) > DENİZCİLİK GENEL MÜDÜRLÜĞÜ > DENİZYOLU YÜK TAŞIMACILIĞI DAİRE BAŞKANLIĞI,https://envanter.kaysis.gov.tr/HizmetDetay.aspx?ID=92172
96364,"Gemi, Deniz ve İç Su Aracına, Sahibi Tarafından Sistemden İsim Alınması",ULAŞTIRMA VE ALTYAPI BAKANLIĞI > BAKAN YARDIMCILIĞI (SN. SELİM DURSUN) > DENİZCİLİK GENEL MÜDÜRLÜĞÜ > DENİZYOLU YÜK TAŞIMACILIĞI DAİRE BAŞKANLIĞI,https://envanter.kaysis.gov.tr/HizmetDetay.aspx?ID=96364
118238,Deniz Gözetim Şirketi Yetki Belgesi Düzenlenmesi,ULAŞTIRMA VE ALTYAPI BAKANLIĞI > BAKAN YARDIMCILIĞI (SN. SELİM DURSUN) > DENİZCİLİK GENEL MÜDÜRLÜĞÜ > DENİZYOLU YÜK TAŞIMACILIĞI DAİRE BAŞKANLIĞI,https://envanter.kaysis.gov.tr/HizmetDetay.aspx?ID=118238
118239,Deniz Gözetim Yetkilisi Tanıtım Belgesi Düzenlenmesi,ULAŞTIRMA VE ALTYAPI BAKANLIĞI > BAKAN YARDIMCILIĞI (SN. SELİM DURSUN) > DENİZCİLİK GENEL MÜDÜRLÜĞÜ > DENİZYOLU YÜK TAŞIMACILIĞI DAİRE BAŞKANLIĞI,https://envanter.kaysis.gov.tr/HizmetDetay.aspx?ID=118239
118240,"IMDG Kod Kapsamında, IMDG Kod Eğitimi Yetki Belgesi ve Deniz Gözetimi Yetkilisi Eğitim Kuruluşu Yetki Belgesi Verilmesi",ULAŞTIRMA VE ALTYAPI BAKANLIĞI > BAKAN YARDIMCILIĞI (SN. SELİM DURSUN) > DENİZCİLİK GENEL MÜDÜRLÜĞÜ > DENİZYOLU YÜK TAŞIMACILIĞI DAİRE BAŞKANLIĞI,https://envanter.kaysis.gov.tr/HizmetDetay.aspx?ID=118240
118241,"IMDG Kod Kapsamında Eğitici Belgeleri; IMDG Kod Eğitici Belgesi. CTU Kod Eğitici Belgesi,                                           
Deniz Gözetim Yetkilisi Eğitici Belgesi, Fumigasyon ve Gazdan Arındırma Eğitici Belgesi verilmesi",ULAŞTIRMA VE ALTYAPI BAKANLIĞI > BAKAN YARDIMCILIĞI (SN. SELİM DURSUN) > DENİZCİLİK GENEL MÜDÜRLÜĞÜ > DENİZYOLU YÜK TAŞIMACILIĞI DAİRE BAŞKANLIĞI,https://envanter.kaysis.gov.tr/HizmetDetay.aspx?ID=118241
117611,Tehlikeli Yük Deniz Gözetim Yetkilisi (TYDGY) Kimlik Kartının Doğrulanması,ULAŞTIRMA VE ALTYAPI BAKANLIĞI > BAKAN YARDIMCILIĞI (SN. SELİM DURSUN) > DENİZCİLİK GENEL MÜDÜRLÜĞÜ > DENİZYOLU YÜK TAŞIMACILIĞI DAİRE BAŞKANLIĞI,https://envanter.kaysis.gov.tr/HizmetDetay.aspx?ID=117611
83724,IMDG Kod Eğitimi Yetki Belgesi Başvurusu /Yenileme Başvurusu Yapılması,ULAŞTIRMA VE ALTYAPI BAKANLIĞI > BAKAN YARDIMCILIĞI (SN. SELİM DURSUN) > DENİZCİLİK GENEL MÜDÜRLÜĞÜ > DENİZYOLU YÜK TAŞIMACILIĞI DAİRE BAŞKANLIĞI,https://envanter.kaysis.gov.tr/HizmetDetay.aspx?ID=83724
83730,IMDG Kod Eğitici Belgesi Başvurusu /Yenileme Başvurusu Yapılması,ULAŞTIRMA VE ALTYAPI BAKANLIĞI > BAKAN YARDIMCILIĞI (SN. SELİM DURSUN) > DENİZCİLİK GENEL MÜDÜRLÜĞÜ > DENİZYOLU YÜK TAŞIMACILIĞI DAİRE BAŞKANLIĞI,https://envanter.kaysis.gov.tr/HizmetDetay.aspx?ID=83730
84052,Dolu Konteynerlerin Brüt Ağırlıklarının Tespiti için Yetki Belgesi Vermek,ULAŞTIRMA VE ALTYAPI BAKANLIĞI > BAKAN YARDIMCILIĞI (SN. SELİM DURSUN) > DENİZCİLİK GENEL MÜDÜRLÜĞÜ > DENİZYOLU YÜK TAŞIMACILIĞI DAİRE BAŞKANLIĞI,https://envanter.kaysis.gov.tr/HizmetDetay.aspx?ID=84052
92298,Uluslararası Denizcilik Katı Dökme Yükler Kodunda Bulunmayan Yüklerin Denizyoluyla Taşınması için Muafiyet Yazısı Vermek,ULAŞTIRMA VE ALTYAPI BAKANLIĞI > BAKAN YARDIMCILIĞI (SN. SELİM DURSUN) > DENİZCİLİK GENEL MÜDÜRLÜĞÜ > DENİZYOLU YÜK TAŞIMACILIĞI DAİRE BAŞKANLIĞI,https://envanter.kaysis.gov.tr/HizmetDetay.aspx?ID=92298
92200,Tehlikeli Madde Taşımacılığına İlişkin Uluslararası Toplantılara Katılmak,ULAŞTIRMA VE ALTYAPI BAKANLIĞI > BAKAN YARDIMCILIĞI (SN. SELİM DURSUN) > DENİZCİLİK GENEL MÜDÜRLÜĞÜ > DENİZYOLU YÜK TAŞIMACILIĞI DAİRE BAŞKANLIĞI,https://envanter.kaysis.gov.tr/HizmetDetay.aspx?ID=92200
117608,Barkodlu Tehlikeli Yük Deniz Gözetim Yetkilisi Kimlik Kartının Sorgulanması ve Düzenlenmesi (TYDGY Girişi),ULAŞTIRMA VE ALTYAPI BAKANLIĞI > BAKAN YARDIMCILIĞI (SN. SELİM DURSUN) > DENİZCİLİK GENEL MÜDÜRLÜĞÜ > DENİZYOLU YÜK TAŞIMACILIĞI DAİRE BAŞKANLIĞI,https://envanter.kaysis.gov.tr/HizmetDetay.aspx?ID=117608
117609,Barkodlu Tehlikeli Yük Deniz Gözetim Yetkilisi Kimlik Kartının Sorgulanması ve Düzenlenmesi (Gerçek Kişi İşletme Girişi),ULAŞTIRMA VE ALTYAPI BAKANLIĞI > BAKAN YARDIMCILIĞI (SN. SELİM DURSUN) > DENİZCİLİK GENEL MÜDÜRLÜĞÜ > DENİZYOLU YÜK TAŞIMACILIĞI DAİRE BAŞKANLIĞI,https://envanter.kaysis.gov.tr/HizmetDetay.aspx?ID=117609
117610,Barkodlu Tehlikeli Yük Deniz Gözetim Yetkilisi Kimlik Kartının Sorgulanması ve Düzenlenmesi (Tüzel Kişi İşletme Girişi),ULAŞTIRMA VE ALTYAPI BAKANLIĞI > BAKAN YARDIMCILIĞI (SN. SELİM DURSUN) > DENİZCİLİK GENEL MÜDÜRLÜĞÜ > DENİZYOLU YÜK TAŞIMACILIĞI DAİRE BAŞKANLIĞI,https://envanter.kaysis.gov.tr/HizmetDetay.aspx?ID=117610
117566,Tehlikeli Yük Uygunluk Belgesi (TYUB) Başvurusu Yapılması,ULAŞTIRMA VE ALTYAPI BAKANLIĞI > BAKAN YARDIMCILIĞI (SN. SELİM DURSUN) > DENİZCİLİK GENEL MÜDÜRLÜĞÜ > DENİZYOLU YÜK TAŞIMACILIĞI DAİRE BAŞKANLIĞI,https://envanter.kaysis.gov.tr/HizmetDetay.aspx?ID=117566
110431,Doğrulanmış Brüt Ağırlık (DBA) Belgesinin Doğrulanması,ULAŞTIRMA VE ALTYAPI BAKANLIĞI > BAKAN YARDIMCILIĞI (SN. SELİM DURSUN) > DENİZCİLİK GENEL MÜDÜRLÜĞÜ > DENİZYOLU YÜK TAŞIMACILIĞI DAİRE BAŞKANLIĞI,https://envanter.kaysis.gov.tr/HizmetDetay.aspx?ID=110431
110432,Tehlikeli Madde Uygunluk Belgesi (TMUB) Sahibi Kıyı Tesislerinin Belgelerinin Sorgulanması,ULAŞTIRMA VE ALTYAPI BAKANLIĞI > BAKAN YARDIMCILIĞI (SN. SELİM DURSUN) > DENİZCİLİK GENEL MÜDÜRLÜĞÜ > DENİZYOLU YÜK TAŞIMACILIĞI DAİRE BAŞKANLIĞI,https://envanter.kaysis.gov.tr/HizmetDetay.aspx?ID=110432
90866,Deniz Gözetim Yetkilisi Eğitim Kuruluşu Yetki Belgesi Vermek,ULAŞTIRMA VE ALTYAPI BAKANLIĞI > BAKAN YARDIMCILIĞI (SN. SELİM DURSUN) > DENİZCİLİK GENEL MÜDÜRLÜĞÜ > DENİZYOLU YÜK TAŞIMACILIĞI DAİRE BAŞKANLIĞI,https://envanter.kaysis.gov.tr/HizmetDetay.aspx?ID=90866
90870,Deniz Gözetim Yetkilisi Eğitici Belgesi Vermek,ULAŞTIRMA VE ALTYAPI BAKANLIĞI > BAKAN YARDIMCILIĞI (SN. SELİM DURSUN) > DENİZCİLİK GENEL MÜDÜRLÜĞÜ > DENİZYOLU YÜK TAŞIMACILIĞI DAİRE BAŞKANLIĞI,https://envanter.kaysis.gov.tr/HizmetDetay.aspx?ID=90870
83408,Tehlikeli Yük Deniz Gözetim Yetki Belgesi Başvurusu /Yenileme Başvurusu Yapılması,ULAŞTIRMA VE ALTYAPI BAKANLIĞI > BAKAN YARDIMCILIĞI (SN. SELİM DURSUN) > DENİZCİLİK GENEL MÜDÜRLÜĞÜ > DENİZYOLU YÜK TAŞIMACILIĞI DAİRE BAŞKANLIĞI,https://envanter.kaysis.gov.tr/HizmetDetay.aspx?ID=83408
83437,Kıyı Tesisi Tehlikeli Madde Uygunluk Belgesi Verilmesi,ULAŞTIRMA VE ALTYAPI BAKANLIĞI > BAKAN YARDIMCILIĞI (SN. SELİM DURSUN) > DENİZCİLİK GENEL MÜDÜRLÜĞÜ > DENİZYOLU YÜK TAŞIMACILIĞI DAİRE BAŞKANLIĞI,https://envanter.kaysis.gov.tr/HizmetDetay.aspx?ID=83437
99411,Belediyelere Bağlama Kütüğü Tutma Yetkisi Verilmesi İşlemi,ULAŞTIRMA VE ALTYAPI BAKANLIĞI > BAKAN YARDIMCILIĞI (SN. SELİM DURSUN) > DENİZCİLİK GENEL MÜDÜRLÜĞÜ > DENİZYOLU YÜK TAŞIMACILIĞI DAİRE BAŞKANLIĞI,https://envanter.kaysis.gov.tr/HizmetDetay.aspx?ID=99411
99412,Mal Varlığı Araştırmaları,ULAŞTIRMA VE ALTYAPI BAKANLIĞI > BAKAN YARDIMCILIĞI (SN. SELİM DURSUN) > DENİZCİLİK GENEL MÜDÜRLÜĞÜ > DENİZYOLU YÜK TAŞIMACILIĞI DAİRE BAŞKANLIĞI,https://envanter.kaysis.gov.tr/HizmetDetay.aspx?ID=99412
117573,Elektronik tutanakların doğrulanması,ULAŞTIRMA VE ALTYAPI BAKANLIĞI > BAKAN YARDIMCILIĞI (SN. SELİM DURSUN) > ULAŞTIRMA HİZMETLERİ DÜZENLEME GENEL MÜDÜRLÜĞÜ > ARAÇ MUAYENE VE DENETİM DAİRESİ BAŞKANLIĞI > DENETİM BİLGİ TEKNOLOJİLERİ ŞUBESİ,https://envanter.kaysis.gov.tr/HizmetDetay.aspx?ID=117573
117580,Elektronik tutanakların sorgulanması,ULAŞTIRMA VE ALTYAPI BAKANLIĞI > BAKAN YARDIMCILIĞI (SN. SELİM DURSUN) > ULAŞTIRMA HİZMETLERİ DÜZENLEME GENEL MÜDÜRLÜĞÜ > ARAÇ MUAYENE VE DENETİM DAİRESİ BAŞKANLIĞI > DENETİM BİLGİ TEKNOLOJİLERİ ŞUBESİ,https://envanter.kaysis.gov.tr/HizmetDetay.aspx?ID=117580
83710,Denizdibi Tarama Yetki Belgesi Verilmesi,ULAŞTIRMA VE ALTYAPI BAKANLIĞI > BAKAN YARDIMCILIĞI (SN. DURMUŞ ÜNÜVAR) > TERSANELER VE KIYI YAPILARI GENEL MÜDÜRLÜĞÜ > GENEL MÜDÜR YARDIMCILIĞI 1 > DENİZ DİBİ TARAMA DAİRE BAŞKANLIĞI,https://envanter.kaysis.gov.tr/HizmetDetay.aspx?ID=83710
85269,Denizdibi Tarama Ön İzni Verilmesi,ULAŞTIRMA VE ALTYAPI BAKANLIĞI > BAKAN YARDIMCILIĞI (SN. DURMUŞ ÜNÜVAR) > TERSANELER VE KIYI YAPILARI GENEL MÜDÜRLÜĞÜ > GENEL MÜDÜR YARDIMCILIĞI 1 > DENİZ DİBİ TARAMA DAİRE BAŞKANLIĞI,https://envanter.kaysis.gov.tr/HizmetDetay.aspx?ID=85269
84027,Emniyet Yetkilendirmesi Belgesi Verilmesi,ULAŞTIRMA VE ALTYAPI BAKANLIĞI > BAKAN YARDIMCILIĞI (SN. SELİM DURSUN) > ULAŞTIRMA HİZMETLERİ DÜZENLEME GENEL MÜDÜRLÜĞÜ > DEMİRYOLU SERTİFİKASYON DAİRESİ BAŞKANLIĞI,https://envanter.kaysis.gov.tr/HizmetDetay.aspx?ID=84027
83663,DB1 – Yolcu Tren İşletmecisi Yetki Belgesi Verilmesi,ULAŞTIRMA VE ALTYAPI BAKANLIĞI > BAKAN YARDIMCILIĞI (SN. SELİM DURSUN) > ULAŞTIRMA HİZMETLERİ DÜZENLEME GENEL MÜDÜRLÜĞÜ > DEMİRYOLU SERTİFİKASYON DAİRESİ BAŞKANLIĞI,https://envanter.kaysis.gov.tr/HizmetDetay.aspx?ID=83663
94656,"Demiryolu İşletmeciliği Yetki Belgesi Firma Sorgulama, Doğrulama",ULAŞTIRMA VE ALTYAPI BAKANLIĞI > BAKAN YARDIMCILIĞI (SN. SELİM DURSUN) > ULAŞTIRMA HİZMETLERİ DÜZENLEME GENEL MÜDÜRLÜĞÜ > DEMİRYOLU SERTİFİKASYON DAİRESİ BAŞKANLIĞI,https://envanter.kaysis.gov.tr/HizmetDetay.aspx?ID=94656
92884,Demiryolu İşletmecileri EYS Denetlemesi,ULAŞTIRMA VE ALTYAPI BAKANLIĞI > BAKAN YARDIMCILIĞI (SN. SELİM DURSUN) > ULAŞTIRMA HİZMETLERİ DÜZENLEME GENEL MÜDÜRLÜĞÜ > DEMİRYOLU SERTİFİKASYON DAİRESİ BAŞKANLIĞI,https://envanter.kaysis.gov.tr/HizmetDetay.aspx?ID=92884
92894,DDGM Emniyet Faaliyetleri Yıllık Raporu Hazırlanması,ULAŞTIRMA VE ALTYAPI BAKANLIĞI > BAKAN YARDIMCILIĞI (SN. SELİM DURSUN) > ULAŞTIRMA HİZMETLERİ DÜZENLEME GENEL MÜDÜRLÜĞÜ > DEMİRYOLU SERTİFİKASYON DAİRESİ BAŞKANLIĞI,https://envanter.kaysis.gov.tr/HizmetDetay.aspx?ID=92894
92864,Demiryolu İşletmecilerinin Denetlenmesi,ULAŞTIRMA VE ALTYAPI BAKANLIĞI > BAKAN YARDIMCILIĞI (SN. SELİM DURSUN) > ULAŞTIRMA HİZMETLERİ DÜZENLEME GENEL MÜDÜRLÜĞÜ > DEMİRYOLU SERTİFİKASYON DAİRESİ BAŞKANLIĞI,https://envanter.kaysis.gov.tr/HizmetDetay.aspx?ID=92864
84888,DB2 - Yük Tren İşletmecisi Yetki Belgesi Verilmesi,ULAŞTIRMA VE ALTYAPI BAKANLIĞI > BAKAN YARDIMCILIĞI (SN. SELİM DURSUN) > ULAŞTIRMA HİZMETLERİ DÜZENLEME GENEL MÜDÜRLÜĞÜ > DEMİRYOLU SERTİFİKASYON DAİRESİ BAŞKANLIĞI,https://envanter.kaysis.gov.tr/HizmetDetay.aspx?ID=84888
83637,Emniyet Sertifikası Belgesi Verilmesi,ULAŞTIRMA VE ALTYAPI BAKANLIĞI > BAKAN YARDIMCILIĞI (SN. SELİM DURSUN) > ULAŞTIRMA HİZMETLERİ DÜZENLEME GENEL MÜDÜRLÜĞÜ > DEMİRYOLU SERTİFİKASYON DAİRESİ BAŞKANLIĞI,https://envanter.kaysis.gov.tr/HizmetDetay.aspx?ID=83637
84848,DF - Komisyoncu Yetki Belgesi Verilmesi,ULAŞTIRMA VE ALTYAPI BAKANLIĞI > BAKAN YARDIMCILIĞI (SN. SELİM DURSUN) > ULAŞTIRMA HİZMETLERİ DÜZENLEME GENEL MÜDÜRLÜĞÜ > DEMİRYOLU SERTİFİKASYON DAİRESİ BAŞKANLIĞI,https://envanter.kaysis.gov.tr/HizmetDetay.aspx?ID=84848
84860,DC - Gar veya İstasyon İşletmecisi Yetki Belgesi Verilmesi,ULAŞTIRMA VE ALTYAPI BAKANLIĞI > BAKAN YARDIMCILIĞI (SN. SELİM DURSUN) > ULAŞTIRMA HİZMETLERİ DÜZENLEME GENEL MÜDÜRLÜĞÜ > DEMİRYOLU SERTİFİKASYON DAİRESİ BAŞKANLIĞI,https://envanter.kaysis.gov.tr/HizmetDetay.aspx?ID=84860
84841,DE - Acente Yetki Belgesi Verilmesi,ULAŞTIRMA VE ALTYAPI BAKANLIĞI > BAKAN YARDIMCILIĞI (SN. SELİM DURSUN) > ULAŞTIRMA HİZMETLERİ DÜZENLEME GENEL MÜDÜRLÜĞÜ > DEMİRYOLU SERTİFİKASYON DAİRESİ BAŞKANLIĞI,https://envanter.kaysis.gov.tr/HizmetDetay.aspx?ID=84841
41654,Limanlarda Yapılan Gemi Denetimlerine İlişkin İtirazların Değerlendirilmesi,ULAŞTIRMA VE ALTYAPI BAKANLIĞI > BAKAN YARDIMCILIĞI (SN. SELİM DURSUN) > DENİZCİLİK GENEL MÜDÜRLÜĞÜ > GEMİ DENETİM VE İÇSU TAŞIMACILIĞI DAİRE BAŞKANLIĞI,https://envanter.kaysis.gov.tr/HizmetDetay.aspx?ID=41654
41886,KAMERA İLE SUALTI SÖRVEY YAPMA YETKİ BELGESİNİN VERİLMESİ,ULAŞTIRMA VE ALTYAPI BAKANLIĞI > BAKAN YARDIMCILIĞI (SN. SELİM DURSUN) > DENİZCİLİK GENEL MÜDÜRLÜĞÜ > GEMİ DENETİM VE İÇSU TAŞIMACILIĞI DAİRE BAŞKANLIĞI,https://envanter.kaysis.gov.tr/HizmetDetay.aspx?ID=41886
41893,SAC KALINLIK ÖLÇÜM YETKİ BELGESİNİN VERİLMESİ,ULAŞTIRMA VE ALTYAPI BAKANLIĞI > BAKAN YARDIMCILIĞI (SN. SELİM DURSUN) > DENİZCİLİK GENEL MÜDÜRLÜĞÜ > GEMİ DENETİM VE İÇSU TAŞIMACILIĞI DAİRE BAŞKANLIĞI,https://envanter.kaysis.gov.tr/HizmetDetay.aspx?ID=41893
85270,BAYRAK DEVLETİ ADINA HAREKET EDECEK KURULUŞLARA YETKİLENDİRİLME YAPILMASI,ULAŞTIRMA VE ALTYAPI BAKANLIĞI > BAKAN YARDIMCILIĞI (SN. SELİM DURSUN) > DENİZCİLİK GENEL MÜDÜRLÜĞÜ > GEMİ DENETİM VE İÇSU TAŞIMACILIĞI DAİRE BAŞKANLIĞI,https://envanter.kaysis.gov.tr/HizmetDetay.aspx?ID=85270
85344,Ulusal veya uluslararası sefer yapan gemilerin talep ettikleri muafiyetlere ilişkin uygulamaya ilişkin görüş verilmesi,ULAŞTIRMA VE ALTYAPI BAKANLIĞI > BAKAN YARDIMCILIĞI (SN. SELİM DURSUN) > DENİZCİLİK GENEL MÜDÜRLÜĞÜ > GEMİ DENETİM VE İÇSU TAŞIMACILIĞI DAİRE BAŞKANLIĞI,https://envanter.kaysis.gov.tr/HizmetDetay.aspx?ID=85344
83617,Gemi ve Su Araçlarının Tonilatolarını Ölçme Usul ve Esaslarının Belirlenmesi.,ULAŞTIRMA VE ALTYAPI BAKANLIĞI > BAKAN YARDIMCILIĞI (SN. DURMUŞ ÜNÜVAR) > TERSANELER VE KIYI YAPILARI GENEL MÜDÜRLÜĞÜ > GENEL MÜDÜR YARDIMCILIĞI 2 > DENİZ ENDÜSTRİSİ DAİRE BAŞKANLIĞI,https://envanter.kaysis.gov.tr/HizmetDetay.aspx?ID=83617
37499,Gezi Tekneleri ve Kişisel Deniz Taşıtlarına Yönelik Piyasa Gözetimi ve Denetiminin Yaptırılması,ULAŞTIRMA VE ALTYAPI BAKANLIĞI > BAKAN YARDIMCILIĞI (SN. DURMUŞ ÜNÜVAR) > TERSANELER VE KIYI YAPILARI GENEL MÜDÜRLÜĞÜ > GENEL MÜDÜR YARDIMCILIĞI 2 > DENİZ ENDÜSTRİSİ DAİRE BAŞKANLIĞI,https://envanter.kaysis.gov.tr/HizmetDetay.aspx?ID=37499
40127,Gezi Tekneleri ve Kişisel Deniz Taşıtları Kapsamındaki Ürünler İçin Onaylanmış Kuruluşların Yetkilendirilmesi (Onaylanmış Kuruluşlar Listesi),ULAŞTIRMA VE ALTYAPI BAKANLIĞI > BAKAN YARDIMCILIĞI (SN. DURMUŞ ÜNÜVAR) > TERSANELER VE KIYI YAPILARI GENEL MÜDÜRLÜĞÜ > GENEL MÜDÜR YARDIMCILIĞI 2 > DENİZ ENDÜSTRİSİ DAİRE BAŞKANLIĞI,https://envanter.kaysis.gov.tr/HizmetDetay.aspx?ID=40127
40137,Piyasa Gözetimi Ve Denetimi Faaliyetleri İle İlgili İstatistikleri Tutmak Ve Değerlendirmek,ULAŞTIRMA VE ALTYAPI BAKANLIĞI > BAKAN YARDIMCILIĞI (SN. DURMUŞ ÜNÜVAR) > TERSANELER VE KIYI YAPILARI GENEL MÜDÜRLÜĞÜ > GENEL MÜDÜR YARDIMCILIĞI 2 > DENİZ ENDÜSTRİSİ DAİRE BAŞKANLIĞI,https://envanter.kaysis.gov.tr/HizmetDetay.aspx?ID=40137
39274,"Gemi ve Su Araçlarının İnşa, Tadilat ve Bakım-Onarımına Yönelik Teknik Kriterler ile Usul ve Esasların Belirlenmesi",ULAŞTIRMA VE ALTYAPI BAKANLIĞI > BAKAN YARDIMCILIĞI (SN. DURMUŞ ÜNÜVAR) > TERSANELER VE KIYI YAPILARI GENEL MÜDÜRLÜĞÜ > GENEL MÜDÜR YARDIMCILIĞI 2 > DENİZ ENDÜSTRİSİ DAİRE BAŞKANLIĞI,https://envanter.kaysis.gov.tr/HizmetDetay.aspx?ID=39274
39852,Kullanılmış Gemi ve Deniz Araçlarının İthalinde Uygunluk Belgesi Düzenlenmesi,ULAŞTIRMA VE ALTYAPI BAKANLIĞI > BAKAN YARDIMCILIĞI (SN. DURMUŞ ÜNÜVAR) > TERSANELER VE KIYI YAPILARI GENEL MÜDÜRLÜĞÜ > GENEL MÜDÜR YARDIMCILIĞI 2 > DENİZ ENDÜSTRİSİ DAİRE BAŞKANLIĞI,https://envanter.kaysis.gov.tr/HizmetDetay.aspx?ID=39852
42133,Gezi Tekneleri ve Kişisel Deniz Taşıtları Kapsamındaki Ürünler İçin Atanan Onaylanmış Kuruluşların Denetlenmesi,ULAŞTIRMA VE ALTYAPI BAKANLIĞI > BAKAN YARDIMCILIĞI (SN. DURMUŞ ÜNÜVAR) > TERSANELER VE KIYI YAPILARI GENEL MÜDÜRLÜĞÜ > GENEL MÜDÜR YARDIMCILIĞI 2 > DENİZ ENDÜSTRİSİ DAİRE BAŞKANLIĞI,https://envanter.kaysis.gov.tr/HizmetDetay.aspx?ID=42133
83646,Güvensiz Ürün Bilgilerinin Ekonomi Bakanlığı Ulusal Piyasa Gözetimi Ve Denetimi Bilgi Sistemi’ne (PGDBİS) Bildirilmesi,ULAŞTIRMA VE ALTYAPI BAKANLIĞI > BAKAN YARDIMCILIĞI (SN. DURMUŞ ÜNÜVAR) > TERSANELER VE KIYI YAPILARI GENEL MÜDÜRLÜĞÜ > GENEL MÜDÜR YARDIMCILIĞI 2 > DENİZ ENDÜSTRİSİ DAİRE BAŞKANLIĞI,https://envanter.kaysis.gov.tr/HizmetDetay.aspx?ID=83646
83655,Gezi Tekneleri Ve Kişisel Deniz Taşıtları İle Gemi Teçhizatına Yönelik Avrupa Birliği Teknik Mevzuatının Uyumlaştırılması Ve Uygulamaya Konulması,ULAŞTIRMA VE ALTYAPI BAKANLIĞI > BAKAN YARDIMCILIĞI (SN. DURMUŞ ÜNÜVAR) > TERSANELER VE KIYI YAPILARI GENEL MÜDÜRLÜĞÜ > GENEL MÜDÜR YARDIMCILIĞI 2 > DENİZ ENDÜSTRİSİ DAİRE BAŞKANLIĞI,https://envanter.kaysis.gov.tr/HizmetDetay.aspx?ID=83655
83669,Yangın Test Prosedürlerinin Uygulanmasına İlişkin Uluslararası Kod (FTP Kod) Kapsamında Yangın Test Laboratuvarlarının Yetkilendirilmesi.,ULAŞTIRMA VE ALTYAPI BAKANLIĞI > BAKAN YARDIMCILIĞI (SN. DURMUŞ ÜNÜVAR) > TERSANELER VE KIYI YAPILARI GENEL MÜDÜRLÜĞÜ > GENEL MÜDÜR YARDIMCILIĞI 2 > DENİZ ENDÜSTRİSİ DAİRE BAŞKANLIĞI,https://envanter.kaysis.gov.tr/HizmetDetay.aspx?ID=83669
83706,Gazdan Arındırma Uzmanlığı Belgesi Düzenlenmesi,ULAŞTIRMA VE ALTYAPI BAKANLIĞI > BAKAN YARDIMCILIĞI (SN. DURMUŞ ÜNÜVAR) > TERSANELER VE KIYI YAPILARI GENEL MÜDÜRLÜĞÜ > GENEL MÜDÜR YARDIMCILIĞI 2 > DENİZ ENDÜSTRİSİ DAİRE BAŞKANLIĞI,https://envanter.kaysis.gov.tr/HizmetDetay.aspx?ID=83706
83758,Gemi Sanayi Çalışanlarının Mesleki Yeterliliklerinin Belirlenmesi,ULAŞTIRMA VE ALTYAPI BAKANLIĞI > BAKAN YARDIMCILIĞI (SN. DURMUŞ ÜNÜVAR) > TERSANELER VE KIYI YAPILARI GENEL MÜDÜRLÜĞÜ > GENEL MÜDÜR YARDIMCILIĞI 2 > DENİZ ENDÜSTRİSİ DAİRE BAŞKANLIĞI,https://envanter.kaysis.gov.tr/HizmetDetay.aspx?ID=83758
83769,Gemi Sanayi Tesislerinin Ara Eleman İhtiyaçlarının Karşılanmasına Katkıda Bulunulması,ULAŞTIRMA VE ALTYAPI BAKANLIĞI > BAKAN YARDIMCILIĞI (SN. DURMUŞ ÜNÜVAR) > TERSANELER VE KIYI YAPILARI GENEL MÜDÜRLÜĞÜ > GENEL MÜDÜR YARDIMCILIĞI 2 > DENİZ ENDÜSTRİSİ DAİRE BAŞKANLIĞI,https://envanter.kaysis.gov.tr/HizmetDetay.aspx?ID=83769
85245,Su Motosikleti İmalat Yetki Belgesi Verilmesi ve Belgenin Vize Edilmesi,ULAŞTIRMA VE ALTYAPI BAKANLIĞI > BAKAN YARDIMCILIĞI (SN. DURMUŞ ÜNÜVAR) > TERSANELER VE KIYI YAPILARI GENEL MÜDÜRLÜĞÜ > GENEL MÜDÜR YARDIMCILIĞI 2 > DENİZ ENDÜSTRİSİ DAİRE BAŞKANLIĞI,https://envanter.kaysis.gov.tr/HizmetDetay.aspx?ID=85245
116408,Kariyer Kapısı-Kamu İş Başvurularının Alınması,ULAŞTIRMA VE ALTYAPI BAKANLIĞI > PERSONEL GENEL MÜDÜRLÜĞÜ > İNSAN KAYNAKLARI PLANLAMA DAİRESİ BAŞKANLIĞI > VERİ ANALİZİ VE SINAVLAR ŞUBESİ,https://envanter.kaysis.gov.tr/HizmetDetay.aspx?ID=116408
39541,G3 Yetki Belgesinin Verilmesi/Yenilenmesi,ULAŞTIRMA VE ALTYAPI BAKANLIĞI > BAKAN YARDIMCILIĞI (SN. OSMAN BOYRAZ) > ULAŞTIRMA VE ALTYAPI BAKANLIĞI I. BÖLGE MÜDÜRLÜĞÜ,https://envanter.kaysis.gov.tr/HizmetDetay.aspx?ID=39541
39544,G4 Yetki Belgesinin Verilmesi/Yenilenmesi,ULAŞTIRMA VE ALTYAPI BAKANLIĞI > BAKAN YARDIMCILIĞI (SN. OSMAN BOYRAZ) > ULAŞTIRMA VE ALTYAPI BAKANLIĞI I. BÖLGE MÜDÜRLÜĞÜ,https://envanter.kaysis.gov.tr/HizmetDetay.aspx?ID=39544
39553,L1 Yetki Belgesi Verilmesi/Yenilenmesi,ULAŞTIRMA VE ALTYAPI BAKANLIĞI > BAKAN YARDIMCILIĞI (SN. OSMAN BOYRAZ) > ULAŞTIRMA VE ALTYAPI BAKANLIĞI I. BÖLGE MÜDÜRLÜĞÜ,https://envanter.kaysis.gov.tr/HizmetDetay.aspx?ID=39553
39556,L2 Yetki Belgesi Verilmesi/Yenilenmesi,ULAŞTIRMA VE ALTYAPI BAKANLIĞI > BAKAN YARDIMCILIĞI (SN. OSMAN BOYRAZ) > ULAŞTIRMA VE ALTYAPI BAKANLIĞI I. BÖLGE MÜDÜRLÜĞÜ,https://envanter.kaysis.gov.tr/HizmetDetay.aspx?ID=39556
39557,M1 Yetki Belgesinin Verilmesi/Yenilenmesi,ULAŞTIRMA VE ALTYAPI BAKANLIĞI > BAKAN YARDIMCILIĞI (SN. OSMAN BOYRAZ) > ULAŞTIRMA VE ALTYAPI BAKANLIĞI I. BÖLGE MÜDÜRLÜĞÜ,https://envanter.kaysis.gov.tr/HizmetDetay.aspx?ID=39557
39559,P2 Yetki Belgesinin Verilmesi/Yenilenmesi,ULAŞTIRMA VE ALTYAPI BAKANLIĞI > BAKAN YARDIMCILIĞI (SN. OSMAN BOYRAZ) > ULAŞTIRMA VE ALTYAPI BAKANLIĞI I. BÖLGE MÜDÜRLÜĞÜ,https://envanter.kaysis.gov.tr/HizmetDetay.aspx?ID=39559
39560,P1 Yetki Belgesinin Verilmesi/Yenilenmesi,ULAŞTIRMA VE ALTYAPI BAKANLIĞI > BAKAN YARDIMCILIĞI (SN. OSMAN BOYRAZ) > ULAŞTIRMA VE ALTYAPI BAKANLIĞI I. BÖLGE MÜDÜRLÜĞÜ,https://envanter.kaysis.gov.tr/HizmetDetay.aspx?ID=39560
39562,M2 Yetki Belgesinin Verilmesi/Yenilenmesi,ULAŞTIRMA VE ALTYAPI BAKANLIĞI > BAKAN YARDIMCILIĞI (SN. OSMAN BOYRAZ) > ULAŞTIRMA VE ALTYAPI BAKANLIĞI I. BÖLGE MÜDÜRLÜĞÜ,https://envanter.kaysis.gov.tr/HizmetDetay.aspx?ID=39562
39567,M3 Yetki Belgesinin Verilmesi/Yenilenmesi,ULAŞTIRMA VE ALTYAPI BAKANLIĞI > BAKAN YARDIMCILIĞI (SN. OSMAN BOYRAZ) > ULAŞTIRMA VE ALTYAPI BAKANLIĞI I. BÖLGE MÜDÜRLÜĞÜ,https://envanter.kaysis.gov.tr/HizmetDetay.aspx?ID=39567
39578,T1 Yetki Belgesinin Verilmesi/Yenilenmesi,ULAŞTIRMA VE ALTYAPI BAKANLIĞI > BAKAN YARDIMCILIĞI (SN. OSMAN BOYRAZ) > ULAŞTIRMA VE ALTYAPI BAKANLIĞI I. BÖLGE MÜDÜRLÜĞÜ,https://envanter.kaysis.gov.tr/HizmetDetay.aspx?ID=39578
40946,Kıyı Yapıları Projeleri İmar Planlarına Görüş Verilmesi,ULAŞTIRMA VE ALTYAPI BAKANLIĞI > BAKAN YARDIMCILIĞI (SN. OSMAN BOYRAZ) > ULAŞTIRMA VE ALTYAPI BAKANLIĞI I. BÖLGE MÜDÜRLÜĞÜ,https://envanter.kaysis.gov.tr/HizmetDetay.aspx?ID=40946
40354,Yol Kenarı Denetim İstasyonlarında Taşıtların Belgelerinin Denetim ve Kontrollerinin Yapılması,ULAŞTIRMA VE ALTYAPI BAKANLIĞI > BAKAN YARDIMCILIĞI (SN. OSMAN BOYRAZ) > ULAŞTIRMA VE ALTYAPI BAKANLIĞI I. BÖLGE MÜDÜRLÜĞÜ,https://envanter.kaysis.gov.tr/HizmetDetay.aspx?ID=40354
40361,Tehlikeli Madde ve Karayolu taşımacılığı yapan firmaların işletme denetimlerinin yapılması,ULAŞTIRMA VE ALTYAPI BAKANLIĞI > BAKAN YARDIMCILIĞI (SN. OSMAN BOYRAZ) > ULAŞTIRMA VE ALTYAPI BAKANLIĞI I. BÖLGE MÜDÜRLÜĞÜ,https://envanter.kaysis.gov.tr/HizmetDetay.aspx?ID=40361
41018,Kıyı Yapıları İşletme ve Kullanma İzin Taleplerine Görüş Verilmesi,ULAŞTIRMA VE ALTYAPI BAKANLIĞI > BAKAN YARDIMCILIĞI (SN. OSMAN BOYRAZ) > ULAŞTIRMA VE ALTYAPI BAKANLIĞI I. BÖLGE MÜDÜRLÜĞÜ,https://envanter.kaysis.gov.tr/HizmetDetay.aspx?ID=41018
41019,Balıkçı Barınağı Kiralama Taleplerine Görüş Verilmesi,ULAŞTIRMA VE ALTYAPI BAKANLIĞI > BAKAN YARDIMCILIĞI (SN. OSMAN BOYRAZ) > ULAŞTIRMA VE ALTYAPI BAKANLIĞI I. BÖLGE MÜDÜRLÜĞÜ,https://envanter.kaysis.gov.tr/HizmetDetay.aspx?ID=41019
41028,Ulaştırma Yapıları Proje ve İnşaat İşlerinin Yapılması/Yaptırılması ve Kontrollüğünün Yapılması,ULAŞTIRMA VE ALTYAPI BAKANLIĞI > BAKAN YARDIMCILIĞI (SN. OSMAN BOYRAZ) > ULAŞTIRMA VE ALTYAPI BAKANLIĞI I. BÖLGE MÜDÜRLÜĞÜ,https://envanter.kaysis.gov.tr/HizmetDetay.aspx?ID=41028
41029,Kıyı Yapılarının Tevsi Edilmesi ve Varsa  Hasarlarının Tespit Edilerek Yapılması,ULAŞTIRMA VE ALTYAPI BAKANLIĞI > BAKAN YARDIMCILIĞI (SN. OSMAN BOYRAZ) > ULAŞTIRMA VE ALTYAPI BAKANLIĞI I. BÖLGE MÜDÜRLÜĞÜ,https://envanter.kaysis.gov.tr/HizmetDetay.aspx?ID=41029
37152,G2 Yetki Belgesinin Verilmesi/Yenilenmesi,ULAŞTIRMA VE ALTYAPI BAKANLIĞI > BAKAN YARDIMCILIĞI (SN. OSMAN BOYRAZ) > ULAŞTIRMA VE ALTYAPI BAKANLIĞI I. BÖLGE MÜDÜRLÜĞÜ,https://envanter.kaysis.gov.tr/HizmetDetay.aspx?ID=37152
37158,H2 Yetki Belgesinin Verilmesi/Yenilenmesi,ULAŞTIRMA VE ALTYAPI BAKANLIĞI > BAKAN YARDIMCILIĞI (SN. OSMAN BOYRAZ) > ULAŞTIRMA VE ALTYAPI BAKANLIĞI I. BÖLGE MÜDÜRLÜĞÜ,https://envanter.kaysis.gov.tr/HizmetDetay.aspx?ID=37158
37175,Yetki Belgeleri Sahibi Firmaların Ünvan Değişikliklerinin Yapılması,ULAŞTIRMA VE ALTYAPI BAKANLIĞI > BAKAN YARDIMCILIĞI (SN. OSMAN BOYRAZ) > ULAŞTIRMA VE ALTYAPI BAKANLIĞI I. BÖLGE MÜDÜRLÜĞÜ,https://envanter.kaysis.gov.tr/HizmetDetay.aspx?ID=37175
37176,Karayolu Taşımacılığı Yetki Belgesi Sahibi Gerçek veya Tüzel Kişilerin Adres Değişiklikleri Doğrultusunda Yetki Belgesi İle Taşıt Belgesinin Yeniden Verilmesi,ULAŞTIRMA VE ALTYAPI BAKANLIĞI > BAKAN YARDIMCILIĞI (SN. OSMAN BOYRAZ) > ULAŞTIRMA VE ALTYAPI BAKANLIĞI I. BÖLGE MÜDÜRLÜĞÜ,https://envanter.kaysis.gov.tr/HizmetDetay.aspx?ID=37176
37177,Yetki Belgelerinde Firma Vergi Dairesi/Numarası Değişikliklerinde Yetki Belgesinin Yeniden Verilmesi,ULAŞTIRMA VE ALTYAPI BAKANLIĞI > BAKAN YARDIMCILIĞI (SN. OSMAN BOYRAZ) > ULAŞTIRMA VE ALTYAPI BAKANLIĞI I. BÖLGE MÜDÜRLÜĞÜ,https://envanter.kaysis.gov.tr/HizmetDetay.aspx?ID=37177
37178,Yetki Belgesinde Kayıtlı Olan Taşıt Kartının Zayi Durumunda Yeniden Verilmesi,ULAŞTIRMA VE ALTYAPI BAKANLIĞI > BAKAN YARDIMCILIĞI (SN. OSMAN BOYRAZ) > ULAŞTIRMA VE ALTYAPI BAKANLIĞI I. BÖLGE MÜDÜRLÜĞÜ,https://envanter.kaysis.gov.tr/HizmetDetay.aspx?ID=37178
37179,Yetki Belgesine Özmal Taşıt Kayıtlarının Yapılması,ULAŞTIRMA VE ALTYAPI BAKANLIĞI > BAKAN YARDIMCILIĞI (SN. OSMAN BOYRAZ) > ULAŞTIRMA VE ALTYAPI BAKANLIĞI I. BÖLGE MÜDÜRLÜĞÜ,https://envanter.kaysis.gov.tr/HizmetDetay.aspx?ID=37179
37181,Uluslararası ve Yurtiçi Yetki Belgelerine Kiralık (Sözleşmeli) Taşıtların İlave Edilmesi,ULAŞTIRMA VE ALTYAPI BAKANLIĞI > BAKAN YARDIMCILIĞI (SN. OSMAN BOYRAZ) > ULAŞTIRMA VE ALTYAPI BAKANLIĞI I. BÖLGE MÜDÜRLÜĞÜ,https://envanter.kaysis.gov.tr/HizmetDetay.aspx?ID=37181
37183,Yetki Belgesinden Özmal Taşıt Kayıt Düşümlerinin Yapılması,ULAŞTIRMA VE ALTYAPI BAKANLIĞI > BAKAN YARDIMCILIĞI (SN. OSMAN BOYRAZ) > ULAŞTIRMA VE ALTYAPI BAKANLIĞI I. BÖLGE MÜDÜRLÜĞÜ,https://envanter.kaysis.gov.tr/HizmetDetay.aspx?ID=37183
37190,Özel Faturalı İhracatlar İçin Özel İzin Belgesinin Verilmesi,ULAŞTIRMA VE ALTYAPI BAKANLIĞI > BAKAN YARDIMCILIĞI (SN. OSMAN BOYRAZ) > ULAŞTIRMA VE ALTYAPI BAKANLIĞI I. BÖLGE MÜDÜRLÜĞÜ,https://envanter.kaysis.gov.tr/HizmetDetay.aspx?ID=37190
37192,Karayolunda Faaliyet Gösterenlerin Yetki Belgelerinde Kayıtlı Olan Kiralık Taşıtların Kayıt Düşümlerinin Yapılması,ULAŞTIRMA VE ALTYAPI BAKANLIĞI > BAKAN YARDIMCILIĞI (SN. OSMAN BOYRAZ) > ULAŞTIRMA VE ALTYAPI BAKANLIĞI I. BÖLGE MÜDÜRLÜĞÜ,https://envanter.kaysis.gov.tr/HizmetDetay.aspx?ID=37192
37194,Yetki Belgesi İptal İşleminin Yapılması,ULAŞTIRMA VE ALTYAPI BAKANLIĞI > BAKAN YARDIMCILIĞI (SN. OSMAN BOYRAZ) > ULAŞTIRMA VE ALTYAPI BAKANLIĞI I. BÖLGE MÜDÜRLÜĞÜ,https://envanter.kaysis.gov.tr/HizmetDetay.aspx?ID=37194
37203,D4 Yetki Belgesinin Verilmesi/Yenilenmesi,ULAŞTIRMA VE ALTYAPI BAKANLIĞI > BAKAN YARDIMCILIĞI (SN. OSMAN BOYRAZ) > ULAŞTIRMA VE ALTYAPI BAKANLIĞI I. BÖLGE MÜDÜRLÜĞÜ,https://envanter.kaysis.gov.tr/HizmetDetay.aspx?ID=37203
37204,F1 Yetki Belgesinin Verilmesi/Yenilenmesi,ULAŞTIRMA VE ALTYAPI BAKANLIĞI > BAKAN YARDIMCILIĞI (SN. OSMAN BOYRAZ) > ULAŞTIRMA VE ALTYAPI BAKANLIĞI I. BÖLGE MÜDÜRLÜĞÜ,https://envanter.kaysis.gov.tr/HizmetDetay.aspx?ID=37204
37206,F2 Yetki Belgesinin Verilmesi veya Yenilenmesi,ULAŞTIRMA VE ALTYAPI BAKANLIĞI > BAKAN YARDIMCILIĞI (SN. OSMAN BOYRAZ) > ULAŞTIRMA VE ALTYAPI BAKANLIĞI I. BÖLGE MÜDÜRLÜĞÜ,https://envanter.kaysis.gov.tr/HizmetDetay.aspx?ID=37206
37210,Şube Açılış İşleminin Yapılması,ULAŞTIRMA VE ALTYAPI BAKANLIĞI > BAKAN YARDIMCILIĞI (SN. OSMAN BOYRAZ) > ULAŞTIRMA VE ALTYAPI BAKANLIĞI I. BÖLGE MÜDÜRLÜĞÜ,https://envanter.kaysis.gov.tr/HizmetDetay.aspx?ID=37210
37215,D Türü Yetki Belgelerine Hat İlavelerinin Yapılması,ULAŞTIRMA VE ALTYAPI BAKANLIĞI > BAKAN YARDIMCILIĞI (SN. OSMAN BOYRAZ) > ULAŞTIRMA VE ALTYAPI BAKANLIĞI I. BÖLGE MÜDÜRLÜĞÜ,https://envanter.kaysis.gov.tr/HizmetDetay.aspx?ID=37215
37239,G1 Yetki Belgesinin Verilmesi/Yenilenmesi,ULAŞTIRMA VE ALTYAPI BAKANLIĞI > BAKAN YARDIMCILIĞI (SN. OSMAN BOYRAZ) > ULAŞTIRMA VE ALTYAPI BAKANLIĞI I. BÖLGE MÜDÜRLÜĞÜ,https://envanter.kaysis.gov.tr/HizmetDetay.aspx?ID=37239
37241,N1 Yetki Belgesi Verilmesi/Yenilenmesi,ULAŞTIRMA VE ALTYAPI BAKANLIĞI > BAKAN YARDIMCILIĞI (SN. OSMAN BOYRAZ) > ULAŞTIRMA VE ALTYAPI BAKANLIĞI I. BÖLGE MÜDÜRLÜĞÜ,https://envanter.kaysis.gov.tr/HizmetDetay.aspx?ID=37241
37242,N2 Yetki Belgesinin Verilmesi/Yenilenmesi,ULAŞTIRMA VE ALTYAPI BAKANLIĞI > BAKAN YARDIMCILIĞI (SN. OSMAN BOYRAZ) > ULAŞTIRMA VE ALTYAPI BAKANLIĞI I. BÖLGE MÜDÜRLÜĞÜ,https://envanter.kaysis.gov.tr/HizmetDetay.aspx?ID=37242
37243,H1 yetki belgesi verilmesi/yenilenmesi,ULAŞTIRMA VE ALTYAPI BAKANLIĞI > BAKAN YARDIMCILIĞI (SN. OSMAN BOYRAZ) > ULAŞTIRMA VE ALTYAPI BAKANLIĞI I. BÖLGE MÜDÜRLÜĞÜ,https://envanter.kaysis.gov.tr/HizmetDetay.aspx?ID=37243
37251,T2 Yetki Belgesinin Verilmesi/Yenilenmesi,ULAŞTIRMA VE ALTYAPI BAKANLIĞI > BAKAN YARDIMCILIĞI (SN. OSMAN BOYRAZ) > ULAŞTIRMA VE ALTYAPI BAKANLIĞI I. BÖLGE MÜDÜRLÜĞÜ,https://envanter.kaysis.gov.tr/HizmetDetay.aspx?ID=37251
37281,Yolcu ve Eşya Taşımacılığı Alanında Acentelik Yapan Firmaların Yetki Belgesine Firma Kayıtlarının Yapılması,ULAŞTIRMA VE ALTYAPI BAKANLIĞI > BAKAN YARDIMCILIĞI (SN. OSMAN BOYRAZ) > ULAŞTIRMA VE ALTYAPI BAKANLIĞI I. BÖLGE MÜDÜRLÜĞÜ,https://envanter.kaysis.gov.tr/HizmetDetay.aspx?ID=37281
37291,Yetki belgesinin zayi durumunda yeniden Verilmesi,ULAŞTIRMA VE ALTYAPI BAKANLIĞI > BAKAN YARDIMCILIĞI (SN. OSMAN BOYRAZ) > ULAŞTIRMA VE ALTYAPI BAKANLIĞI I. BÖLGE MÜDÜRLÜĞÜ,https://envanter.kaysis.gov.tr/HizmetDetay.aspx?ID=37291
37333,Yetki Belgesi Sahibi Firmaların Acente Listesinden Firma Düşüm İşleminin Yapılması,ULAŞTIRMA VE ALTYAPI BAKANLIĞI > BAKAN YARDIMCILIĞI (SN. OSMAN BOYRAZ) > ULAŞTIRMA VE ALTYAPI BAKANLIĞI I. BÖLGE MÜDÜRLÜĞÜ,https://envanter.kaysis.gov.tr/HizmetDetay.aspx?ID=37333
42412,Karayolu Taşımacılık Faaliyetleri Tehlikeli Madde Mesleki Yeterlilik Eğitim Merkezlerinin Denetlenmesi,ULAŞTIRMA VE ALTYAPI BAKANLIĞI > BAKAN YARDIMCILIĞI (SN. OSMAN BOYRAZ) > ULAŞTIRMA VE ALTYAPI BAKANLIĞI I. BÖLGE MÜDÜRLÜĞÜ,https://envanter.kaysis.gov.tr/HizmetDetay.aspx?ID=42412
42385,G3* Yetki Belgesinin Verilmesi/Yenilenmesi,ULAŞTIRMA VE ALTYAPI BAKANLIĞI > BAKAN YARDIMCILIĞI (SN. OSMAN BOYRAZ) > ULAŞTIRMA VE ALTYAPI BAKANLIĞI I. BÖLGE MÜDÜRLÜĞÜ,https://envanter.kaysis.gov.tr/HizmetDetay.aspx?ID=42385
42390,F1* Yetki Belgesinin Verilmesi/Yenilenmesi,ULAŞTIRMA VE ALTYAPI BAKANLIĞI > BAKAN YARDIMCILIĞI (SN. OSMAN BOYRAZ) > ULAŞTIRMA VE ALTYAPI BAKANLIĞI I. BÖLGE MÜDÜRLÜĞÜ,https://envanter.kaysis.gov.tr/HizmetDetay.aspx?ID=42390
37743,Kıyı Yapılarına İlişkin Projelerin Ön Onaylarının Yapılması,ULAŞTIRMA VE ALTYAPI BAKANLIĞI > BAKAN YARDIMCILIĞI (SN. OSMAN BOYRAZ) > ULAŞTIRMA VE ALTYAPI BAKANLIĞI I. BÖLGE MÜDÜRLÜĞÜ,https://envanter.kaysis.gov.tr/HizmetDetay.aspx?ID=37743
98179,Yetki Belgesi Değişim İşleminin Yapılması,ULAŞTIRMA VE ALTYAPI BAKANLIĞI > BAKAN YARDIMCILIĞI (SN. OSMAN BOYRAZ) > ULAŞTIRMA VE ALTYAPI BAKANLIĞI I. BÖLGE MÜDÜRLÜĞÜ,https://envanter.kaysis.gov.tr/HizmetDetay.aspx?ID=98179
98181,Yetki Belgesinin 1.Derece Yakınlar Arasında El Değiştirme İşleminin Yapılması (Gerçek Kişi),ULAŞTIRMA VE ALTYAPI BAKANLIĞI > BAKAN YARDIMCILIĞI (SN. OSMAN BOYRAZ) > ULAŞTIRMA VE ALTYAPI BAKANLIĞI I. BÖLGE MÜDÜRLÜĞÜ,https://envanter.kaysis.gov.tr/HizmetDetay.aspx?ID=98181
98183,Yetki Belgesi Gerçek Kişiden Tüzel Kişiliğe El Değiştirme İşleminin Yapılması,ULAŞTIRMA VE ALTYAPI BAKANLIĞI > BAKAN YARDIMCILIĞI (SN. OSMAN BOYRAZ) > ULAŞTIRMA VE ALTYAPI BAKANLIĞI I. BÖLGE MÜDÜRLÜĞÜ,https://envanter.kaysis.gov.tr/HizmetDetay.aspx?ID=98183
98184,Tüzel Kişilerin Aktif Ve Pasif Birleşme Yoluyla Yetki Belgelerinin El Değiştirme İşleminin Yapılması.,ULAŞTIRMA VE ALTYAPI BAKANLIĞI > BAKAN YARDIMCILIĞI (SN. OSMAN BOYRAZ) > ULAŞTIRMA VE ALTYAPI BAKANLIĞI I. BÖLGE MÜDÜRLÜĞÜ,https://envanter.kaysis.gov.tr/HizmetDetay.aspx?ID=98184
98190,Gerçek Kişilerde Vefat Nedeniyle Yetki Belgesi  El Değiştirme İşleminin Yapılması.,ULAŞTIRMA VE ALTYAPI BAKANLIĞI > BAKAN YARDIMCILIĞI (SN. OSMAN BOYRAZ) > ULAŞTIRMA VE ALTYAPI BAKANLIĞI I. BÖLGE MÜDÜRLÜĞÜ,https://envanter.kaysis.gov.tr/HizmetDetay.aspx?ID=98190
98204,Şube Düşüm İşlemlerinin Yapılması,ULAŞTIRMA VE ALTYAPI BAKANLIĞI > BAKAN YARDIMCILIĞI (SN. OSMAN BOYRAZ) > ULAŞTIRMA VE ALTYAPI BAKANLIĞI I. BÖLGE MÜDÜRLÜĞÜ,https://envanter.kaysis.gov.tr/HizmetDetay.aspx?ID=98204
98243,Tehlikeli Madde  Faaliyet Belgesi Faaliyet Konusu Ekleme,ULAŞTIRMA VE ALTYAPI BAKANLIĞI > BAKAN YARDIMCILIĞI (SN. OSMAN BOYRAZ) > ULAŞTIRMA VE ALTYAPI BAKANLIĞI I. BÖLGE MÜDÜRLÜĞÜ,https://envanter.kaysis.gov.tr/HizmetDetay.aspx?ID=98243
84169,Demiryolu Tehlikeli Madde Faaliyet Belgesinin Verilmesi,ULAŞTIRMA VE ALTYAPI BAKANLIĞI > BAKAN YARDIMCILIĞI (SN. OSMAN BOYRAZ) > ULAŞTIRMA VE ALTYAPI BAKANLIĞI I. BÖLGE MÜDÜRLÜĞÜ,https://envanter.kaysis.gov.tr/HizmetDetay.aspx?ID=84169
84050,Deniz ve İç Sularda Gerçekleştirilecek Olan Tarama Faaliyetlerine Ön Onay Verilmesi,ULAŞTIRMA VE ALTYAPI BAKANLIĞI > BAKAN YARDIMCILIĞI (SN. OSMAN BOYRAZ) > ULAŞTIRMA VE ALTYAPI BAKANLIĞI I. BÖLGE MÜDÜRLÜĞÜ,https://envanter.kaysis.gov.tr/HizmetDetay.aspx?ID=84050
84070,Tehlikeli Madde Faaliyet belgesinin verilmesi,ULAŞTIRMA VE ALTYAPI BAKANLIĞI > BAKAN YARDIMCILIĞI (SN. OSMAN BOYRAZ) > ULAŞTIRMA VE ALTYAPI BAKANLIĞI I. BÖLGE MÜDÜRLÜĞÜ,https://envanter.kaysis.gov.tr/HizmetDetay.aspx?ID=84070
84087,Demiryolu Taşımacılığında Düzenlemeye Yönelik Şikayetlerin Değerlendirilmesi,ULAŞTIRMA VE ALTYAPI BAKANLIĞI > BAKAN YARDIMCILIĞI (SN. SELİM DURSUN) > ULAŞTIRMA HİZMETLERİ DÜZENLEME GENEL MÜDÜRLÜĞÜ > DEMİRYOLU TAŞIMACILIĞI DAİRESİ BAŞKANLIĞI > ALTYAPI ERİŞİM ŞUBESİ,https://envanter.kaysis.gov.tr/HizmetDetay.aspx?ID=84087
83786,Demiryolu Koordinasyon Kurulu Toplantısının Sekreterya Görevlerinin Yapılması,ULAŞTIRMA VE ALTYAPI BAKANLIĞI > BAKAN YARDIMCILIĞI (SN. SELİM DURSUN) > ULAŞTIRMA HİZMETLERİ DÜZENLEME GENEL MÜDÜRLÜĞÜ > DEMİRYOLU TAŞIMACILIĞI DAİRESİ BAŞKANLIĞI > ALTYAPI ERİŞİM ŞUBESİ,https://envanter.kaysis.gov.tr/HizmetDetay.aspx?ID=83786
83821,Uluslararası Demiryolu Taşımacılığı Hükümetlerarası Örgütü (OTIF) Yönetim Kurulunda Ülke Temsiliyeti,ULAŞTIRMA VE ALTYAPI BAKANLIĞI > BAKAN YARDIMCILIĞI (SN. SELİM DURSUN) > ULAŞTIRMA HİZMETLERİ DÜZENLEME GENEL MÜDÜRLÜĞÜ > DEMİRYOLU TAŞIMACILIĞI DAİRESİ BAŞKANLIĞI > ALTYAPI ERİŞİM ŞUBESİ,https://envanter.kaysis.gov.tr/HizmetDetay.aspx?ID=83821
83768,Demiryolu Altyapı İşletmecisinin Hazırlamış Olduğu 'Kapasite Geliştirme Planı' na Görüş Verilmesi,ULAŞTIRMA VE ALTYAPI BAKANLIĞI > BAKAN YARDIMCILIĞI (SN. SELİM DURSUN) > ULAŞTIRMA HİZMETLERİ DÜZENLEME GENEL MÜDÜRLÜĞÜ > DEMİRYOLU TAŞIMACILIĞI DAİRESİ BAŞKANLIĞI > ALTYAPI ERİŞİM ŞUBESİ,https://envanter.kaysis.gov.tr/HizmetDetay.aspx?ID=83768
83771,Demiryolu Altyapı Kullanım Ücretleri ile Taşımacılık Faaliyetlerine İlişkin Taban ve Tavan Ücretlerinin Belirlenmesi,ULAŞTIRMA VE ALTYAPI BAKANLIĞI > BAKAN YARDIMCILIĞI (SN. SELİM DURSUN) > ULAŞTIRMA HİZMETLERİ DÜZENLEME GENEL MÜDÜRLÜĞÜ > DEMİRYOLU TAŞIMACILIĞI DAİRESİ BAŞKANLIĞI > ALTYAPI ERİŞİM ŞUBESİ,https://envanter.kaysis.gov.tr/HizmetDetay.aspx?ID=83771
83783,Demiryolu Yolcu Taşımacılığında Kamu Hizmeti Yükümlülüğü Sözleşmesinin Yapılması,ULAŞTIRMA VE ALTYAPI BAKANLIĞI > BAKAN YARDIMCILIĞI (SN. SELİM DURSUN) > ULAŞTIRMA HİZMETLERİ DÜZENLEME GENEL MÜDÜRLÜĞÜ > DEMİRYOLU TAŞIMACILIĞI DAİRESİ BAŞKANLIĞI > ALTYAPI ERİŞİM ŞUBESİ,https://envanter.kaysis.gov.tr/HizmetDetay.aspx?ID=83783
83760,Demiryolu Taşımacılığında Şebeke Bildirimlerinin Yayımlanmasına Yönelik Onay Verilmesi,ULAŞTIRMA VE ALTYAPI BAKANLIĞI > BAKAN YARDIMCILIĞI (SN. SELİM DURSUN) > ULAŞTIRMA HİZMETLERİ DÜZENLEME GENEL MÜDÜRLÜĞÜ > DEMİRYOLU TAŞIMACILIĞI DAİRESİ BAŞKANLIĞI > ALTYAPI ERİŞİM ŞUBESİ,https://envanter.kaysis.gov.tr/HizmetDetay.aspx?ID=83760
40882,Kıyı Tesislerine Yönelik Fizibilite ve Modelleme Raporu Hazırlayacak Kuruluşların Yetkilendirilmesi,ULAŞTIRMA VE ALTYAPI BAKANLIĞI > BAKAN YARDIMCILIĞI (SN. DURMUŞ ÜNÜVAR) > TERSANELER VE KIYI YAPILARI GENEL MÜDÜRLÜĞÜ > GENEL MÜDÜR YARDIMCILIĞI 1 > LİMANLAR DAİRE BAŞKANLIĞI,https://envanter.kaysis.gov.tr/HizmetDetay.aspx?ID=40882
40717,Kıyı Tesislerine Yönelik Verilen İzinlerin İptal Edilmesi,ULAŞTIRMA VE ALTYAPI BAKANLIĞI > BAKAN YARDIMCILIĞI (SN. DURMUŞ ÜNÜVAR) > TERSANELER VE KIYI YAPILARI GENEL MÜDÜRLÜĞÜ > GENEL MÜDÜR YARDIMCILIĞI 1 > LİMANLAR DAİRE BAŞKANLIĞI,https://envanter.kaysis.gov.tr/HizmetDetay.aspx?ID=40717
40721,Gerçek veya Tüzel Kişiler Tarafından İşletilen Kıyı Tesislerine Verilen Geçici Veya İşletme İzinlerinin Başka Gerçek Veya Tüzel Kişilere Devredilmesi,ULAŞTIRMA VE ALTYAPI BAKANLIĞI > BAKAN YARDIMCILIĞI (SN. DURMUŞ ÜNÜVAR) > TERSANELER VE KIYI YAPILARI GENEL MÜDÜRLÜĞÜ > GENEL MÜDÜR YARDIMCILIĞI 1 > LİMANLAR DAİRE BAŞKANLIĞI,https://envanter.kaysis.gov.tr/HizmetDetay.aspx?ID=40721
40348,Kıyı Yapılarının İmar Planlarına Görüş Oluşturulması,ULAŞTIRMA VE ALTYAPI BAKANLIĞI > BAKAN YARDIMCILIĞI (SN. DURMUŞ ÜNÜVAR) > TERSANELER VE KIYI YAPILARI GENEL MÜDÜRLÜĞÜ > GENEL MÜDÜR YARDIMCILIĞI 1 > LİMANLAR DAİRE BAŞKANLIĞI,https://envanter.kaysis.gov.tr/HizmetDetay.aspx?ID=40348
39764,Kıyı Tesislerine İşletme İzni Verilmesi,ULAŞTIRMA VE ALTYAPI BAKANLIĞI > BAKAN YARDIMCILIĞI (SN. DURMUŞ ÜNÜVAR) > TERSANELER VE KIYI YAPILARI GENEL MÜDÜRLÜĞÜ > GENEL MÜDÜR YARDIMCILIĞI 1 > LİMANLAR DAİRE BAŞKANLIĞI,https://envanter.kaysis.gov.tr/HizmetDetay.aspx?ID=39764
39779,Kıyı Tesislerine Geçici İşletme izni Verilmesi,ULAŞTIRMA VE ALTYAPI BAKANLIĞI > BAKAN YARDIMCILIĞI (SN. DURMUŞ ÜNÜVAR) > TERSANELER VE KIYI YAPILARI GENEL MÜDÜRLÜĞÜ > GENEL MÜDÜR YARDIMCILIĞI 1 > LİMANLAR DAİRE BAŞKANLIĞI,https://envanter.kaysis.gov.tr/HizmetDetay.aspx?ID=39779
39790,Kıyı Tesislerine İsitisnai Haller Kapsamında İzin Verilmesi.,ULAŞTIRMA VE ALTYAPI BAKANLIĞI > BAKAN YARDIMCILIĞI (SN. DURMUŞ ÜNÜVAR) > TERSANELER VE KIYI YAPILARI GENEL MÜDÜRLÜĞÜ > GENEL MÜDÜR YARDIMCILIĞI 1 > LİMANLAR DAİRE BAŞKANLIĞI,https://envanter.kaysis.gov.tr/HizmetDetay.aspx?ID=39790
39793,Belediyece İşletilen Kıyı Tesislerine Basitleştirilmiş Uygulamalar Çerçevesinde İşletme İzni Verilmesi.,ULAŞTIRMA VE ALTYAPI BAKANLIĞI > BAKAN YARDIMCILIĞI (SN. DURMUŞ ÜNÜVAR) > TERSANELER VE KIYI YAPILARI GENEL MÜDÜRLÜĞÜ > GENEL MÜDÜR YARDIMCILIĞI 1 > LİMANLAR DAİRE BAŞKANLIĞI,https://envanter.kaysis.gov.tr/HizmetDetay.aspx?ID=39793
39802,Belediyece İşletilen Kıyı Tesislerine Basitleştirilmiş Uygulamalar Çerçevesinde Geçici İşletme İzni Verilmesi.,ULAŞTIRMA VE ALTYAPI BAKANLIĞI > BAKAN YARDIMCILIĞI (SN. DURMUŞ ÜNÜVAR) > TERSANELER VE KIYI YAPILARI GENEL MÜDÜRLÜĞÜ > GENEL MÜDÜR YARDIMCILIĞI 1 > LİMANLAR DAİRE BAŞKANLIĞI,https://envanter.kaysis.gov.tr/HizmetDetay.aspx?ID=39802
39807,Balıkçı Barınağı Faliyet İzin Yazısının Verilmesi,ULAŞTIRMA VE ALTYAPI BAKANLIĞI > BAKAN YARDIMCILIĞI (SN. DURMUŞ ÜNÜVAR) > TERSANELER VE KIYI YAPILARI GENEL MÜDÜRLÜĞÜ > GENEL MÜDÜR YARDIMCILIĞI 1 > LİMANLAR DAİRE BAŞKANLIĞI,https://envanter.kaysis.gov.tr/HizmetDetay.aspx?ID=39807
39814,Özel ve Turizm Amaçlı Kıyı Tesislerine Faaliyet İzin Yazısının Verilmesi.,ULAŞTIRMA VE ALTYAPI BAKANLIĞI > BAKAN YARDIMCILIĞI (SN. DURMUŞ ÜNÜVAR) > TERSANELER VE KIYI YAPILARI GENEL MÜDÜRLÜĞÜ > GENEL MÜDÜR YARDIMCILIĞI 1 > LİMANLAR DAİRE BAŞKANLIĞI,https://envanter.kaysis.gov.tr/HizmetDetay.aspx?ID=39814
40184,Ulaştırma Bakanları Avrupa Konferansı (UBAK/CEMT) İzin Belgelerinin Dağıtılması,ULAŞTIRMA VE ALTYAPI BAKANLIĞI > BAKAN YARDIMCILIĞI (SN. SELİM DURSUN) > ULAŞTIRMA HİZMETLERİ DÜZENLEME GENEL MÜDÜRLÜĞÜ > ULUSLARARASI İLİŞKİLER DAİRESİ BAŞKANLIĞI,https://envanter.kaysis.gov.tr/HizmetDetay.aspx?ID=40184
40208,Taşıtlara Geçici İhraç İzni Verilmesi,ULAŞTIRMA VE ALTYAPI BAKANLIĞI > BAKAN YARDIMCILIĞI (SN. SELİM DURSUN) > ULAŞTIRMA HİZMETLERİ DÜZENLEME GENEL MÜDÜRLÜĞÜ > ULUSLARARASI İLİŞKİLER DAİRESİ BAŞKANLIĞI,https://envanter.kaysis.gov.tr/HizmetDetay.aspx?ID=40208
40227,"Sergi, Fuar, Test, Tamir/Bakım v.b Amacıyla Yurtdışına Çıkış veya Yurtdışından Giriş Yapacak Taşıtlara İzin Verilmesi",ULAŞTIRMA VE ALTYAPI BAKANLIĞI > BAKAN YARDIMCILIĞI (SN. SELİM DURSUN) > ULAŞTIRMA HİZMETLERİ DÜZENLEME GENEL MÜDÜRLÜĞÜ > ULUSLARARASI İLİŞKİLER DAİRESİ BAŞKANLIĞI,https://envanter.kaysis.gov.tr/HizmetDetay.aspx?ID=40227
40338,Ülkemiz Limanlarına gelen yabancı plakalı römork/yarı römorkların Türk plakalı çekicilerle üçüncü ülkelere götürülebilmesi için izin verilmesi,ULAŞTIRMA VE ALTYAPI BAKANLIĞI > BAKAN YARDIMCILIĞI (SN. SELİM DURSUN) > ULAŞTIRMA HİZMETLERİ DÜZENLEME GENEL MÜDÜRLÜĞÜ > ULUSLARARASI İLİŞKİLER DAİRESİ BAŞKANLIĞI,https://envanter.kaysis.gov.tr/HizmetDetay.aspx?ID=40338
40352,Grup Şirketlerinin Özmal Taşıtlarına kullanma izni verilmesi,ULAŞTIRMA VE ALTYAPI BAKANLIĞI > BAKAN YARDIMCILIĞI (SN. SELİM DURSUN) > ULAŞTIRMA HİZMETLERİ DÜZENLEME GENEL MÜDÜRLÜĞÜ > ULUSLARARASI İLİŞKİLER DAİRESİ BAŞKANLIĞI,https://envanter.kaysis.gov.tr/HizmetDetay.aspx?ID=40352
40288,Trafik tescil kaydı olmayan Sanayi Odalarınca tescilli taşıtların geçici ihraç kapsamında yurtdışına Otomasyon Sistemi üzerinden çıkış izni verilmesi,ULAŞTIRMA VE ALTYAPI BAKANLIĞI > BAKAN YARDIMCILIĞI (SN. SELİM DURSUN) > ULAŞTIRMA HİZMETLERİ DÜZENLEME GENEL MÜDÜRLÜĞÜ > ULUSLARARASI İLİŞKİLER DAİRESİ BAŞKANLIĞI,https://envanter.kaysis.gov.tr/HizmetDetay.aspx?ID=40288
40289,Yabancı plakalı çekici Türk menşeli römork/yarı römork çıkış izni verilmesi,ULAŞTIRMA VE ALTYAPI BAKANLIĞI > BAKAN YARDIMCILIĞI (SN. SELİM DURSUN) > ULAŞTIRMA HİZMETLERİ DÜZENLEME GENEL MÜDÜRLÜĞÜ > ULUSLARARASI İLİŞKİLER DAİRESİ BAŞKANLIĞI,https://envanter.kaysis.gov.tr/HizmetDetay.aspx?ID=40289
82961,Yurtdışında Bulunan Taşıtlara Geçiş Belgesi Tahsis Edilmesi,ULAŞTIRMA VE ALTYAPI BAKANLIĞI > BAKAN YARDIMCILIĞI (SN. SELİM DURSUN) > ULAŞTIRMA HİZMETLERİ DÜZENLEME GENEL MÜDÜRLÜĞÜ > ULUSLARARASI İLİŞKİLER DAİRESİ BAŞKANLIĞI,https://envanter.kaysis.gov.tr/HizmetDetay.aspx?ID=82961
51516,Geçiş Belgesi İade İşlemleri Yapılması,ULAŞTIRMA VE ALTYAPI BAKANLIĞI > BAKAN YARDIMCILIĞI (SN. SELİM DURSUN) > ULAŞTIRMA HİZMETLERİ DÜZENLEME GENEL MÜDÜRLÜĞÜ > ULUSLARARASI İLİŞKİLER DAİRESİ BAŞKANLIĞI,https://envanter.kaysis.gov.tr/HizmetDetay.aspx?ID=51516
51585,Taşıtların Euro Norm Bildiriminin Yapılması,ULAŞTIRMA VE ALTYAPI BAKANLIĞI > BAKAN YARDIMCILIĞI (SN. SELİM DURSUN) > ULAŞTIRMA HİZMETLERİ DÜZENLEME GENEL MÜDÜRLÜĞÜ > ULUSLARARASI İLİŞKİLER DAİRESİ BAŞKANLIĞI,https://envanter.kaysis.gov.tr/HizmetDetay.aspx?ID=51585
51609,Ulaştırma Bakanları Avrupa Konferansı (UBAK/CEMT) Belgesi İcmal Bildiriminin Yapılması,ULAŞTIRMA VE ALTYAPI BAKANLIĞI > BAKAN YARDIMCILIĞI (SN. SELİM DURSUN) > ULAŞTIRMA HİZMETLERİ DÜZENLEME GENEL MÜDÜRLÜĞÜ > ULUSLARARASI İLİŞKİLER DAİRESİ BAŞKANLIĞI,https://envanter.kaysis.gov.tr/HizmetDetay.aspx?ID=51609
85067,Ulaştırma Bakanları Avrupa Konferansı (UBAK/CEMT) Üyesi Ülkelere Yapılan Uluslararası Taşınma Eşyası Taşımalarına Yönelik İzin Belgelerinin Tahsis Edilmesi,ULAŞTIRMA VE ALTYAPI BAKANLIĞI > BAKAN YARDIMCILIĞI (SN. SELİM DURSUN) > ULAŞTIRMA HİZMETLERİ DÜZENLEME GENEL MÜDÜRLÜĞÜ > ULUSLARARASI İLİŞKİLER DAİRESİ BAŞKANLIĞI,https://envanter.kaysis.gov.tr/HizmetDetay.aspx?ID=85067
85062,Hazar Güzergahında uluslararası römork/yarı römork taşımacılığı yapan firmalara çekici /römork-yarırömork değişikliği yapmaları durumunda otomasyon sistemi üzerinden yurda giriş izni verilmesi,ULAŞTIRMA VE ALTYAPI BAKANLIĞI > BAKAN YARDIMCILIĞI (SN. SELİM DURSUN) > ULAŞTIRMA HİZMETLERİ DÜZENLEME GENEL MÜDÜRLÜĞÜ > ULUSLARARASI İLİŞKİLER DAİRESİ BAŞKANLIĞI,https://envanter.kaysis.gov.tr/HizmetDetay.aspx?ID=85062
100484,Ulaştırma Bakanları Avrupa Konferansı (UBAK/CEMT) Belgesi Sorgulama,ULAŞTIRMA VE ALTYAPI BAKANLIĞI > BAKAN YARDIMCILIĞI (SN. SELİM DURSUN) > ULAŞTIRMA HİZMETLERİ DÜZENLEME GENEL MÜDÜRLÜĞÜ > ULUSLARARASI İLİŞKİLER DAİRESİ BAŞKANLIĞI,https://envanter.kaysis.gov.tr/HizmetDetay.aspx?ID=100484
100485,Geçiş Belgesi Geçici Tahsis Durdurma İşleminin Sorgulaması,ULAŞTIRMA VE ALTYAPI BAKANLIĞI > BAKAN YARDIMCILIĞI (SN. SELİM DURSUN) > ULAŞTIRMA HİZMETLERİ DÜZENLEME GENEL MÜDÜRLÜĞÜ > ULUSLARARASI İLİŞKİLER DAİRESİ BAŞKANLIĞI,https://envanter.kaysis.gov.tr/HizmetDetay.aspx?ID=100485
100486,İadesi Zorunlu Geçiş Belgelerinin Sorgulamalarının Yapılması,ULAŞTIRMA VE ALTYAPI BAKANLIĞI > BAKAN YARDIMCILIĞI (SN. SELİM DURSUN) > ULAŞTIRMA HİZMETLERİ DÜZENLEME GENEL MÜDÜRLÜĞÜ > ULUSLARARASI İLİŞKİLER DAİRESİ BAŞKANLIĞI,https://envanter.kaysis.gov.tr/HizmetDetay.aspx?ID=100486
100487,Sınır Geçiş Sorgulaması Yapılması,ULAŞTIRMA VE ALTYAPI BAKANLIĞI > BAKAN YARDIMCILIĞI (SN. SELİM DURSUN) > ULAŞTIRMA HİZMETLERİ DÜZENLEME GENEL MÜDÜRLÜĞÜ > ULUSLARARASI İLİŞKİLER DAİRESİ BAŞKANLIĞI,https://envanter.kaysis.gov.tr/HizmetDetay.aspx?ID=100487
100488,Ulaştırma Bakanları Avrupa Konferansı (UBAK/CEMT) İzin Belgesi Ceza Puanı Sorgulaması Yapılması,ULAŞTIRMA VE ALTYAPI BAKANLIĞI > BAKAN YARDIMCILIĞI (SN. SELİM DURSUN) > ULAŞTIRMA HİZMETLERİ DÜZENLEME GENEL MÜDÜRLÜĞÜ > ULUSLARARASI İLİŞKİLER DAİRESİ BAŞKANLIĞI,https://envanter.kaysis.gov.tr/HizmetDetay.aspx?ID=100488
101534,Ulaştırma Bakanları Avrupa Konferansı (UBAK/CEMT) İzin Belgeleri Başvurularının Yapılması,ULAŞTIRMA VE ALTYAPI BAKANLIĞI > BAKAN YARDIMCILIĞI (SN. SELİM DURSUN) > ULAŞTIRMA HİZMETLERİ DÜZENLEME GENEL MÜDÜRLÜĞÜ > ULUSLARARASI İLİŞKİLER DAİRESİ BAŞKANLIĞI,https://envanter.kaysis.gov.tr/HizmetDetay.aspx?ID=101534
113033,Geçiş Belgesi Başvurusunun Yapılması (e-GEBOS/e-PERMIT),ULAŞTIRMA VE ALTYAPI BAKANLIĞI > BAKAN YARDIMCILIĞI (SN. SELİM DURSUN) > ULAŞTIRMA HİZMETLERİ DÜZENLEME GENEL MÜDÜRLÜĞÜ > ULUSLARARASI İLİŞKİLER DAİRESİ BAŞKANLIĞI,https://envanter.kaysis.gov.tr/HizmetDetay.aspx?ID=113033
112859,Sürücü Vize Ön Başvuru İşlemlerinin Yapılması,ULAŞTIRMA VE ALTYAPI BAKANLIĞI > BAKAN YARDIMCILIĞI (SN. SELİM DURSUN) > ULAŞTIRMA HİZMETLERİ DÜZENLEME GENEL MÜDÜRLÜĞÜ > ULUSLARARASI İLİŞKİLER DAİRESİ BAŞKANLIĞI,https://envanter.kaysis.gov.tr/HizmetDetay.aspx?ID=112859
117549,Geçiş Belgesi Teslim Muvafakatnamesi Başvurusunun Yapılması,ULAŞTIRMA VE ALTYAPI BAKANLIĞI > BAKAN YARDIMCILIĞI (SN. SELİM DURSUN) > ULAŞTIRMA HİZMETLERİ DÜZENLEME GENEL MÜDÜRLÜĞÜ > ULUSLARARASI İLİŞKİLER DAİRESİ BAŞKANLIĞI,https://envanter.kaysis.gov.tr/HizmetDetay.aspx?ID=117549
108020,Ulaştırma Bakanları Avrupa Konferansı (UBAK) Üçüncü Ülke Dosyası Sorgulama,ULAŞTIRMA VE ALTYAPI BAKANLIĞI > BAKAN YARDIMCILIĞI (SN. SELİM DURSUN) > ULAŞTIRMA HİZMETLERİ DÜZENLEME GENEL MÜDÜRLÜĞÜ > ULUSLARARASI İLİŞKİLER DAİRESİ BAŞKANLIĞI,https://envanter.kaysis.gov.tr/HizmetDetay.aspx?ID=108020
