mevzuatId,turId,sayi,ad,rgSayi,rgTarih,tur,detail_url,local_archive
33024,23,5/1806,DIŞ HATLARA SEFER YAPAN GEMİLERE GİRİŞ VE ÇIKIŞIN DÜZENLENMESİ HAKKINDA YÖNETMELİK,10961                                             ,1961-11-18T00:00:00,Bakanlar Kurulu Yönetmeliği                                                                                                                                                                                                                                                                                                                                                                                                                                                                                         ,https://kms.kaysis.gov.tr/Home/Goster/33024,
33344,23,7/17694,KARAYOLU SINIR KAPILARI İLE ULUSLARARASI TRAFİĞE AÇIK HAVA LİMANLARINDA GÜVENLİĞİN VE BU YERLERE HİZMET VEREN KURULUŞLAR ARASINDA İŞBİRLİĞİ VE EŞGÜDÜM SAĞLANMASI HAKKINDA YÖNETMELİK,16696                                             ,1979-07-14T00:00:00,Bakanlar Kurulu Yönetmeliği                                                                                                                                                                                                                                                                                                                                                                                                                                                                                         ,https://kms.kaysis.gov.tr/Home/Goster/33344,
31817,23,7/12520,ORMAN YANGINLARININ ÖNLENMESİ VE SÖNDÜRÜLMESİNDE GÖREVLİLERİN GÖRECEKLERİ İŞLER HAKKINDA YÖNETMELİK,15729                                             ,1976-10-09T00:00:00,Bakanlar Kurulu Yönetmeliği                                                                                                                                                                                                                                                                                                                                                                                                                                                                                         ,https://kms.kaysis.gov.tr/Home/Goster/31817,
48747,23,8/4018,"SİVİL HAVA MEYDANLARI, LİMANLAR VE SINIR KAPILARINDA GÖREV VE HİZMETLERİN YÜRÜTÜLMESİ HAKKINDA YÖNETMELİK",17597                                             ,1982-02-06T00:00:00,Bakanlar Kurulu Yönetmeliği                                                                                                                                                                                                                                                                                                                                                                                                                                                                                         ,https://kms.kaysis.gov.tr/Home/Goster/48747,
170049,20,,"ARAÇ MUAYENE İSTASYONLARININ AÇILMASI, İŞLETİLMESİ VE ARAÇ MUAYENESİ HAKKINDA YÖNETMELİK",31356                                             ,2021-01-06T00:00:00,Kurum Yönetmeliği                                                                                                                                                                                                                                                                                                                                                                                                                                                                                                   ,https://kms.kaysis.gov.tr/Home/Goster/170049,
41739,20,,ARAÇLARIN YÜKLENMESİNE İLİŞKİN ÖLÇÜ VE USULLER İLE TARTI VE BOYUT ÖLÇÜM TOLERANSLARI HAKKINDA YÖNETMELİK,28461                                             ,2012-11-08T00:00:00,Kurum Yönetmeliği                                                                                                                                                                                                                                                                                                                                                                                                                                                                                                   ,https://kms.kaysis.gov.tr/Home/Goster/41739,
44311,20,,ARAŞTIRMA GELİŞTİRME PROJELERİNİN DESTEKLENMESİNE İLİŞKİN YÖNETMELİK,29280                                             ,2015-02-27T00:00:00,Kurum Yönetmeliği                                                                                                                                                                                                                                                                                                                                                                                                                                                                                                   ,https://kms.kaysis.gov.tr/Home/Goster/44311,
43829,20,,BAĞLAMA KÜTÜĞÜ UYGULAMA YÖNETMELİĞİ,29130                                             ,2014-09-25T00:00:00,Kurum Yönetmeliği                                                                                                                                                                                                                                                                                                                                                                                                                                                                                                   ,https://kms.kaysis.gov.tr/Home/Goster/43829,
199973,20,,BAKIMDAN SORUMLU KURULUŞ (ECM) SERTİFİKASYON YÖNETMELİĞİ,32386                                             ,2023-12-01T00:00:00,Kurum Yönetmeliği                                                                                                                                                                                                                                                                                                                                                                                                                                                                                                   ,https://kms.kaysis.gov.tr/Home/Goster/199973,
37230,20,,BALIKÇI GEMİLERİNİN EMNİYETİ HAKKINDA YÖNETMELİK,26089                                             ,2006-02-23T00:00:00,Kurum Yönetmeliği                                                                                                                                                                                                                                                                                                                                                                                                                                                                                                   ,https://kms.kaysis.gov.tr/Home/Goster/37230,
179807,20,,BOZULABİLİR GIDA MADDELERİNİN TAŞIMACILIĞINDA KULLANILACAK ÖZEL EKİPMANLAR HAKKINDA YÖNETMELİK,31529                                             ,2021-07-02T00:00:00,Kurum Yönetmeliği                                                                                                                                                                                                                                                                                                                                                                                                                                                                                                   ,https://kms.kaysis.gov.tr/Home/Goster/179807,
37524,20,,DALABİLİR DENİZ ARAÇLARI HAKKINDA YÖNETMELİK,26207                                             ,2006-06-23T00:00:00,Kurum Yönetmeliği                                                                                                                                                                                                                                                                                                                                                                                                                                                                                                   ,https://kms.kaysis.gov.tr/Home/Goster/37524,
199108,20,,DEMİRYOLU ALTYAPI ERİŞİM VE KAPASİTE TAHSİS YÖNETMELİĞİ,32323                                             ,2023-09-28T00:00:00,Kurum Yönetmeliği                                                                                                                                                                                                                                                                                                                                                                                                                                                                                                   ,https://kms.kaysis.gov.tr/Home/Goster/199108,
57419,20,,DEMİRYOLU ARAÇLARI TESCİL VE SİCİL YÖNETMELİĞİ,29418                                             ,2015-07-16T00:00:00,Kurum Yönetmeliği                                                                                                                                                                                                                                                                                                                                                                                                                                                                                                   ,https://kms.kaysis.gov.tr/Home/Goster/57419,
63601,20,,DEMİRYOLU ARAÇLARI TİP ONAY YÖNETMELİĞİ,29536                                             ,2015-11-18T00:00:00,Kurum Yönetmeliği                                                                                                                                                                                                                                                                                                                                                                                                                                                                                                   ,https://kms.kaysis.gov.tr/Home/Goster/63601,
95355,20,,DEMİRYOLU EĞİTİM VE SINAV MERKEZİ YÖNETMELİĞİ,29935                                             ,2016-12-31T00:00:00,Kurum Yönetmeliği                                                                                                                                                                                                                                                                                                                                                                                                                                                                                                   ,https://kms.kaysis.gov.tr/Home/Goster/95355,
95356,20,,DEMİRYOLU EMNİYET KRİTİK GÖREVLER YÖNETMELİĞİ,29935                                             ,2016-12-31T00:00:00,Kurum Yönetmeliği                                                                                                                                                                                                                                                                                                                                                                                                                                                                                                   ,https://kms.kaysis.gov.tr/Home/Goster/95356,
63836,20,,DEMİRYOLU EMNİYET YÖNETMELİĞİ,29537                                             ,2015-11-19T00:00:00,Kurum Yönetmeliği                                                                                                                                                                                                                                                                                                                                                                                                                                                                                                   ,https://kms.kaysis.gov.tr/Home/Goster/63836,
193945,20,,DEMİRYOLU HEMZEMİN GEÇİTLERİNDE ALINACAK TEDBİRLER VE UYGULAMA ESASLARINA DAİR YÖNETMELİK,32101                                             ,2023-02-11T00:00:00,Kurum Yönetmeliği                                                                                                                                                                                                                                                                                                                                                                                                                                                                                                   ,https://kms.kaysis.gov.tr/Home/Goster/193945,
150502,20,,DEMİRYOLU İLE SEYAHAT EDEN YOLCULARIN HAKLARINA DAİR YÖNETMELİK,30708                                             ,2019-03-08T00:00:00,Kurum Yönetmeliği                                                                                                                                                                                                                                                                                                                                                                                                                                                                                                   ,https://kms.kaysis.gov.tr/Home/Goster/150502,
200847,20,,DEMİRYOLU İŞLETMECİLİĞİ YETKİLENDİRME YÖNETMELİĞİ,32462                                             ,2024-02-16T00:00:00,Kurum Yönetmeliği                                                                                                                                                                                                                                                                                                                                                                                                                                                                                                   ,https://kms.kaysis.gov.tr/Home/Goster/200847,
156116,20,,DEMİRYOLU KAZALARINI VE OLAYLARINI ARAŞTIRMA VE İNCELEME YÖNETMELİĞİ,30948                                             ,2019-11-14T00:00:00,Kurum Yönetmeliği                                                                                                                                                                                                                                                                                                                                                                                                                                                                                                   ,https://kms.kaysis.gov.tr/Home/Goster/156116,
105737,20,,DEMİRYOLU KOORDİNASYON KURULU YÖNETMELİĞİ,30084                                             ,2017-06-02T00:00:00,Kurum Yönetmeliği                                                                                                                                                                                                                                                                                                                                                                                                                                                                                                   ,https://kms.kaysis.gov.tr/Home/Goster/105737,
199470,20,,DEMİRYOLU YOLCU TAŞIMACILIĞI KAMU HİZMETİ YÜKÜMLÜLÜĞÜ SÖZLEŞMELERİNDE UYGULANACAK USUL VE ESASLAR HAKKINDA YÖNETMELİK,32346                                             ,2023-10-21T00:00:00,Kurum Yönetmeliği                                                                                                                                                                                                                                                                                                                                                                                                                                                                                                   ,https://kms.kaysis.gov.tr/Home/Goster/199470,
39948,20,,DENİZ ALACAKLARINA İLİŞKİN GEMİLERİN SİGORTALANDIRILMASI VE DENETLENMESİ HAKKINDA YÖNETMELİK,27759                                             ,2010-11-14T00:00:00,Kurum Yönetmeliği                                                                                                                                                                                                                                                                                                                                                                                                                                                                                                   ,https://kms.kaysis.gov.tr/Home/Goster/39948,
37376,20,,DENİZ ÇEVRESİNİN PETROL VE DİĞER ZARARLI MADDELERLE KİRLENMESİNDE ACİL DURUMLARDA MÜDAHALE VE ZARARLARIN TAZMİNİ ESASLARINA DAİR KANUN KAPSAMINDA MAL VE HİZMET ALIMINA İLİŞKİN YÖNETMELİK,26150                                             ,2006-04-26T00:00:00,Kurum Yönetmeliği                                                                                                                                                                                                                                                                                                                                                                                                                                                                                                   ,https://kms.kaysis.gov.tr/Home/Goster/37376,
157215,20,,DENİZ KAZA VE OLAYLARINI İNCELEME YÖNETMELİĞİ,30961                                             ,2019-11-27T00:00:00,Kurum Yönetmeliği                                                                                                                                                                                                                                                                                                                                                                                                                                                                                                   ,https://kms.kaysis.gov.tr/Home/Goster/157215,
58306,20,,DENİZ TİCARET FİLOSUNUN GELİŞTİRİLMESİ VE GEMİ İNŞA TESİSLERİNİN TEŞVİKİ HAKKINDAKİ KANUNUN UYGULANMASI HAKKINDA YÖNETMELİK,29454                                             ,2015-08-23T00:00:00,Kurum Yönetmeliği                                                                                                                                                                                                                                                                                                                                                                                                                                                                                                   ,https://kms.kaysis.gov.tr/Home/Goster/58306,
157159,20,,DENİZ TİCARETİ GÖZETİM HİZMETLERİ YÖNETMELİĞİ,30953                                             ,2019-11-19T00:00:00,Kurum Yönetmeliği                                                                                                                                                                                                                                                                                                                                                                                                                                                                                                   ,https://kms.kaysis.gov.tr/Home/Goster/157159,
42073,20,,DENİZ TİCARETİ İSTATİSTİKLERİNİ DÜZENLEME YÖNETMELİĞİ,28574                                             ,2013-03-01T00:00:00,Kurum Yönetmeliği                                                                                                                                                                                                                                                                                                                                                                                                                                                                                                   ,https://kms.kaysis.gov.tr/Home/Goster/42073,
95425,20,,DENİZ VE İÇSULAR TARAMA YÖNETMELİĞİ,29796                                             ,2016-08-09T00:00:00,Kurum Yönetmeliği                                                                                                                                                                                                                                                                                                                                                                                                                                                                                                   ,https://kms.kaysis.gov.tr/Home/Goster/95425,
39525,20,,DENİZCİLERE MAHSUS KIYAFET YÖNETMELİĞİ,27507                                             ,2010-02-28T00:00:00,Kurum Yönetmeliği                                                                                                                                                                                                                                                                                                                                                                                                                                                                                                   ,https://kms.kaysis.gov.tr/Home/Goster/39525,
37208,20,,DENİZCİLİK EĞİTİMİ DENETLEME VE KALİTE STANDARTLARI ESASLARI HAKKINDA YÖNETMELİK,26079                                             ,2006-02-13T00:00:00,Kurum Yönetmeliği                                                                                                                                                                                                                                                                                                                                                                                                                                                                                                   ,https://kms.kaysis.gov.tr/Home/Goster/37208,
42551,20,,DENİZCİLİK KOORDİNASYON KOMİSYONU YÖNETMELİĞİ,28726                                             ,2013-08-02T00:00:00,Kurum Yönetmeliği                                                                                                                                                                                                                                                                                                                                                                                                                                                                                                   ,https://kms.kaysis.gov.tr/Home/Goster/42551,
69860,20,,DENİZYOLUYLA TAŞINAN TEHLİKELİ YÜKLERE İLİŞKİN ULUSLARARASI KOD KAPSAMINDA EĞİTİM VE YETKİLENDİRME YÖNETMELİĞİ,29601                                             ,2016-01-22T00:00:00,Kurum Yönetmeliği                                                                                                                                                                                                                                                                                                                                                                                                                                                                                                   ,https://kms.kaysis.gov.tr/Home/Goster/69860,
72103,20,,DEVLET HAVA MEYDANLARI İŞLETMESİ GENEL MÜDÜRLÜĞÜNÜN PARASAL YETKİLERİ İLE 4734 SAYILI KAMU İHALE KANUNUNUN 3 ÜNCÜ MADDESİNİN (G) BENDİ KAPSAMINDA YAPACAĞI MAL VE HİZMET ALIMLARINDA UYGULANACAK USUL VE ESASLAR HAKKINDA İHALE YÖNETMELİĞİ,29623                                             ,2016-02-13T00:00:00,Kurum Yönetmeliği                                                                                                                                                                                                                                                                                                                                                                                                                                                                                                   ,https://kms.kaysis.gov.tr/Home/Goster/72103,
37147,20,,DÖKME YÜK GEMİLERİNİN GÜVENLİ BİR ŞEKİLDE YÜKLENMESİ VE BOŞALTILMASI HAKKINDA YÖNETMELİK,26040                                             ,2005-12-31T00:00:00,Kurum Yönetmeliği                                                                                                                                                                                                                                                                                                                                                                                                                                                                                                   ,https://kms.kaysis.gov.tr/Home/Goster/37147,
75657,20,,E-DEVLET HİZMETLERİNİN YÜRÜTÜLMESİNE İLİŞKİN USUL VE ESASLAR HAKKINDA YÖNETMELİK,29820                                             ,2016-09-03T00:00:00,Kurum Yönetmeliği                                                                                                                                                                                                                                                                                                                                                                                                                                                                                                   ,https://kms.kaysis.gov.tr/Home/Goster/75657,
175795,20,,ELEKTRİKLİ SKUTER YÖNETMELİĞİ,31454                                             ,2021-04-14T00:00:00,Kurum Yönetmeliği                                                                                                                                                                                                                                                                                                                                                                                                                                                                                                   ,https://kms.kaysis.gov.tr/Home/Goster/175795,
139706,20,,ELEKTRONİK HABERLEŞME İSTASYONLARINA YER SEÇİM BELGESİNİN VERİLMESİ VE ÜCRETLERİNİN BELİRLENMESİNE İLİŞKİN YÖNETMELİK,30314                                             ,2018-01-27T00:00:00,Kurum Yönetmeliği                                                                                                                                                                                                                                                                                                                                                                                                                                                                                                   ,https://kms.kaysis.gov.tr/Home/Goster/139706,
150741,20,,"ERİŞİLEBİLİR ULAŞIM HİZMETLERİ ÇALIŞMA GRUBUNUN TEŞKİLİ, GÖREVLERİ, ÇALIŞMA USUL VE ESASLARI HAKKINDA YÖNETMELİK",30730                                             ,2019-03-30T00:00:00,Kurum Yönetmeliği                                                                                                                                                                                                                                                                                                                                                                                                                                                                                                   ,https://kms.kaysis.gov.tr/Home/Goster/150741,
37537,20,,EVRENSEL HİZMET GELİRLERİNİN TAHSİLİ VE GİDERLERİN YAPILMASINA İLİŞKİN USUL VE ESASLAR HAKKINDA YÖNETMELİK,26213                                             ,2006-06-29T00:00:00,Kurum Yönetmeliği                                                                                                                                                                                                                                                                                                                                                                                                                                                                                                   ,https://kms.kaysis.gov.tr/Home/Goster/37537,
72517,20,,EVRENSEL POSTA HİZMETLERİ YÖNETMELİĞİ,29639                                             ,2016-02-29T00:00:00,Kurum Yönetmeliği                                                                                                                                                                                                                                                                                                                                                                                                                                                                                                   ,https://kms.kaysis.gov.tr/Home/Goster/72517,
41038,20,,GEMİ ACENTELERİ YÖNETMELİĞİ,28224                                             ,2012-03-05T00:00:00,Kurum Yönetmeliği                                                                                                                                                                                                                                                                                                                                                                                                                                                                                                   ,https://kms.kaysis.gov.tr/Home/Goster/41038,
35638,20,,"GEMİ ADAMLARININ İKAMET YERLERİ, SAĞLIK VE İAŞELERİNE DAİR YÖNETMELİK",20378                                             ,1989-12-20T00:00:00,Kurum Yönetmeliği                                                                                                                                                                                                                                                                                                                                                                                                                                                                                                   ,https://kms.kaysis.gov.tr/Home/Goster/35638,
153088,20,,GEMİ BOYA YÖNETMELİĞİ,30844                                             ,2019-07-27T00:00:00,Kurum Yönetmeliği                                                                                                                                                                                                                                                                                                                                                                                                                                                                                                   ,https://kms.kaysis.gov.tr/Home/Goster/153088,
35430,20,,GEMİ SÖKÜM YÖNETMELİĞİ,25396                                             ,2004-03-08T00:00:00,Kurum Yönetmeliği                                                                                                                                                                                                                                                                                                                                                                                                                                                                                                   ,https://kms.kaysis.gov.tr/Home/Goster/35430,
37045,20,,GEMİ TEÇHİZATI YÖNETMELİĞİ,25975                                             ,2005-10-23T00:00:00,Kurum Yönetmeliği                                                                                                                                                                                                                                                                                                                                                                                                                                                                                                   ,https://kms.kaysis.gov.tr/Home/Goster/37045,
37906,20,,GEMİ TRAFİK HİZMETLERİ SİSTEMLERİNİN KURULMASINA VE İŞLETİLMESİNE İLİŞKİN YÖNETMELİK,26438                                             ,2007-02-18T00:00:00,Kurum Yönetmeliği                                                                                                                                                                                                                                                                                                                                                                                                                                                                                                   ,https://kms.kaysis.gov.tr/Home/Goster/37906,
186813,20,,GEMİ VE SU ARAÇLARINDA GAZDAN ARINDIRMA YÖNETMELİĞİ,31737                                             ,2022-02-01T00:00:00,Kurum Yönetmeliği                                                                                                                                                                                                                                                                                                                                                                                                                                                                                                   ,https://kms.kaysis.gov.tr/Home/Goster/186813,
61382,20,,"GEMİ VE SU ARAÇLARININ İNŞA, TADİLAT VE BAKIM-ONARIM YÖNETMELİĞİ",29525                                             ,2015-11-07T00:00:00,Kurum Yönetmeliği                                                                                                                                                                                                                                                                                                                                                                                                                                                                                                   ,https://kms.kaysis.gov.tr/Home/Goster/61382,
203412,20,,GEMİADAMLARI VE KILAVUZ KAPTANLAR YÖNETMELİĞİ,32647                                             ,2024-08-29T00:00:00,Kurum Yönetmeliği                                                                                                                                                                                                                                                                                                                                                                                                                                                                                                   ,https://kms.kaysis.gov.tr/Home/Goster/203412,
95660,20,,GEMİLER İÇİN YETKİLENDİRİLMİŞ KURULUŞLAR YÖNETMELİĞİ,29952                                             ,2017-01-18T00:00:00,Kurum Yönetmeliği                                                                                                                                                                                                                                                                                                                                                                                                                                                                                                   ,https://kms.kaysis.gov.tr/Home/Goster/95660,
37569,20,,GEMİLERDE METEOROLOJİK RASAT YAPILMASI HAKKINDA YÖNETMELİK,26230                                             ,2006-07-16T00:00:00,Kurum Yönetmeliği                                                                                                                                                                                                                                                                                                                                                                                                                                                                                                   ,https://kms.kaysis.gov.tr/Home/Goster/37569,
35431,20,,GEMİLERDEN ATIK ALINMASI VE ATIKLARIN KONTROLÜ YÖNETMELİĞİ,25682                                             ,2004-12-26T00:00:00,Kurum Yönetmeliği                                                                                                                                                                                                                                                                                                                                                                                                                                                                                                   ,https://kms.kaysis.gov.tr/Home/Goster/35431,
37723,20,,GEMİLERİN GENEL DENETİMİ VE BELGELENDİRİLMESİ HAKKINDA YÖNETMELİK,26342                                             ,2006-11-10T00:00:00,Kurum Yönetmeliği                                                                                                                                                                                                                                                                                                                                                                                                                                                                                                   ,https://kms.kaysis.gov.tr/Home/Goster/37723,
39337,20,,GEMİLERİN TEKNİK YÖNETMELİĞİ,27409                                             ,2009-11-17T00:00:00,Kurum Yönetmeliği                                                                                                                                                                                                                                                                                                                                                                                                                                                                                                   ,https://kms.kaysis.gov.tr/Home/Goster/39337,
38919,20,,GEMİLERİN TONİLATOLARINI ÖLÇME YÖNETMELİĞİ,27167                                             ,2009-03-12T00:00:00,Kurum Yönetmeliği                                                                                                                                                                                                                                                                                                                                                                                                                                                                                                   ,https://kms.kaysis.gov.tr/Home/Goster/38919,
200884,20,,GEMİLERLE YAPILAN DÜZENLİ SEFERLER HAKKINDA YÖNETMELİK,32377                                             ,2023-11-22T00:00:00,Kurum Yönetmeliği                                                                                                                                                                                                                                                                                                                                                                                                                                                                                                   ,https://kms.kaysis.gov.tr/Home/Goster/200884,
105338,20,,GEZİ TEKNELERİ VE KİŞİSEL DENİZ TAŞITLARI YÖNETMELİĞİ,30057                                             ,2017-05-05T00:00:00,Kurum Yönetmeliği                                                                                                                                                                                                                                                                                                                                                                                                                                                                                                   ,https://kms.kaysis.gov.tr/Home/Goster/105338,
43375,20,SHY-FUA,HAVA SAHASININ ESNEK KULLANIMI YÖNETMELİĞİ (SHY-FUA),28976                                             ,2014-04-18T00:00:00,Kurum Yönetmeliği                                                                                                                                                                                                                                                                                                                                                                                                                                                                                                   ,https://kms.kaysis.gov.tr/Home/Goster/43375,
43611,20,,"HAZİNE TAŞINMAZLARININ TERSANE, TEKNE İMAL VE ÇEKEK YERİ YATIRIMLARINA TAHSİSİNE İLİŞKİN YÖNETMELİK",29050                                             ,2014-07-04T00:00:00,Kurum Yönetmeliği                                                                                                                                                                                                                                                                                                                                                                                                                                                                                                   ,https://kms.kaysis.gov.tr/Home/Goster/43611,
176986,20,,HURDAYA AYRILAN TÜRK BAYRAKLI GEMİLERİN YERLERİNE YENİ GEMİ İNŞA EDİLMESİNİN TEŞVİKİNE DAİR YÖNETMELİK,31468                                             ,2021-04-28T00:00:00,Kurum Yönetmeliği                                                                                                                                                                                                                                                                                                                                                                                                                                                                                                   ,https://kms.kaysis.gov.tr/Home/Goster/176986,
203578,20,,İÇ SULARDA ÇALIŞAN GEMİ VE SU ARAÇLARI YÖNETMELİĞİ,32659                                             ,2024-09-11T00:00:00,Kurum Yönetmeliği                                                                                                                                                                                                                                                                                                                                                                                                                                                                                                   ,https://kms.kaysis.gov.tr/Home/Goster/203578,
39929,20,,İNTERNET ALAN ADLARI YÖNETMELİĞİ,27752                                             ,2010-11-07T00:00:00,Kurum Yönetmeliği                                                                                                                                                                                                                                                                                                                                                                                                                                                                                                   ,https://kms.kaysis.gov.tr/Home/Goster/39929,
37983,20,,KABOTAJDA ÇALIŞAN 400 GROS TONDAN KÜÇÜK PETROL TANKERLERİNE DAİR YÖNETMELİK,26493                                             ,2007-04-14T00:00:00,Kurum Yönetmeliği                                                                                                                                                                                                                                                                                                                                                                                                                                                                                                   ,https://kms.kaysis.gov.tr/Home/Goster/37983,
36500,20,,KARAYOLLARI TRAFİK YÖNETMELİĞİ,23053                                             ,1997-07-18T00:00:00,Kurum Yönetmeliği                                                                                                                                                                                                                                                                                                                                                                                                                                                                                                   ,https://kms.kaysis.gov.tr/Home/Goster/36500,
139376,20,,KARAYOLU TAŞIMA YÖNETMELİĞİ,30295                                             ,2018-01-08T00:00:00,Kurum Yönetmeliği                                                                                                                                                                                                                                                                                                                                                                                                                                                                                                   ,https://kms.kaysis.gov.tr/Home/Goster/139376,
35989,20,,KARAYOLU TAŞIMACILIK FAALİYETLERİ MESLEKİ YETERLİLİK EĞİTİMİ YÖNETMELİĞİ,25572                                             ,2004-09-03T00:00:00,Kurum Yönetmeliği                                                                                                                                                                                                                                                                                                                                                                                                                                                                                                   ,https://kms.kaysis.gov.tr/Home/Goster/35989,
69973,20,,KARAYOLU YAPIMI AMAÇLI KAMULAŞTIRMALARDA HAZİNE TAŞINMAZLARININ TRAMPASI HAKKINDA YÖNETMELİK,29609                                             ,2016-01-30T00:00:00,Kurum Yönetmeliği                                                                                                                                                                                                                                                                                                                                                                                                                                                                                                   ,https://kms.kaysis.gov.tr/Home/Goster/69973,
190858,20,,KARAYOLUYLA TAŞINAN YÜKLERİN DENİZYOLUNA AKTARILMASININ DESTEKLENMESİ HAKKINDA YÖNETMELİK,31918                                             ,2022-08-09T00:00:00,Kurum Yönetmeliği                                                                                                                                                                                                                                                                                                                                                                                                                                                                                                   ,https://kms.kaysis.gov.tr/Home/Goster/190858,
205229,20,,KILAVUZLUK VE RÖMORKÖRCÜLÜK HİZMETLERİ HAKKINDA YÖNETMELİK,32810                                             ,2025-02-11T00:00:00,Kurum Yönetmeliği                                                                                                                                                                                                                                                                                                                                                                                                                                                                                                   ,https://kms.kaysis.gov.tr/Home/Goster/205229,
192029,20,,KIYI TESİSİ İŞLETME İZNİ VE KIYI TESİSİ İŞLETMECİLERİ HAKKINDA YÖNETMELİK,32017                                             ,2022-11-18T00:00:00,Kurum Yönetmeliği                                                                                                                                                                                                                                                                                                                                                                                                                                                                                                   ,https://kms.kaysis.gov.tr/Home/Goster/192029,
199801,20,,KIYI TESİSLERİNE YEŞİL LİMAN SERTİFİKASI DÜZENLENMESİ HAKKINDA YÖNETMELİK,32373                                             ,2023-11-18T00:00:00,Kurum Yönetmeliği                                                                                                                                                                                                                                                                                                                                                                                                                                                                                                   ,https://kms.kaysis.gov.tr/Home/Goster/199801,
38124,20,,"KIYI VE LİMAN YAPILARI, DEMİRYOLLARI, HAVA MEYDANLARI İNŞAATLARINA İLİŞKİN DEPREM TEKNİK YÖNETMELİĞİ",26617                                             ,2007-08-18T00:00:00,Kurum Yönetmeliği                                                                                                                                                                                                                                                                                                                                                                                                                                                                                                   ,https://kms.kaysis.gov.tr/Home/Goster/38124,
188095,20,,KOMBİNE TAŞIMACILIK YÖNETMELİĞİ,31848                                             ,2022-05-27T00:00:00,Kurum Yönetmeliği                                                                                                                                                                                                                                                                                                                                                                                                                                                                                                   ,https://kms.kaysis.gov.tr/Home/Goster/188095,
35433,20,,KUMKAPI BALIKÇI BARINAĞI YÖNETMELİĞİ,16273                                             ,1978-04-29T00:00:00,Kurum Yönetmeliği                                                                                                                                                                                                                                                                                                                                                                                                                                                                                                   ,https://kms.kaysis.gov.tr/Home/Goster/35433,
37280,20,,LİMAN DEVLETİ DENETİMİ YÖNETMELİĞİ,26120                                             ,2006-03-26T00:00:00,Kurum Yönetmeliği                                                                                                                                                                                                                                                                                                                                                                                                                                                                                                   ,https://kms.kaysis.gov.tr/Home/Goster/37280,
41724,20,,LİMANLAR YÖNETMELİĞİ,28453                                             ,2012-10-31T00:00:00,Kurum Yönetmeliği                                                                                                                                                                                                                                                                                                                                                                                                                                                                                                   ,https://kms.kaysis.gov.tr/Home/Goster/41724,
136214,20,,OKUL SERVİS ARAÇLARI YÖNETMELİĞİ,30221                                             ,2017-10-25T00:00:00,Kurum Yönetmeliği                                                                                                                                                                                                                                                                                                                                                                                                                                                                                                   ,https://kms.kaysis.gov.tr/Home/Goster/136214,
147135,20,,OTOMATİK FREKANS TARAMA ÖZELLİKLİ TELSİZ CİHAZLARI YÖNETMELİĞİNİN YÜRÜRLÜKTEN KALDIRILMASINA DAİR YÖNETMELİK,30608                                             ,2018-11-27T00:00:00,Kurum Yönetmeliği                                                                                                                                                                                                                                                                                                                                                                                                                                                                                                   ,https://kms.kaysis.gov.tr/Home/Goster/147135,
193708,20,,ÖZEL TEKNELERİN DONATIMI VE ÖZEL TEKNELERİ KULLANACAK KİŞİLERİN YETERLİKLERİ HAKKINDA YÖNETMELİK,32077                                             ,2023-01-18T00:00:00,Kurum Yönetmeliği                                                                                                                                                                                                                                                                                                                                                                                                                                                                                                   ,https://kms.kaysis.gov.tr/Home/Goster/193708,
58540,20,,P.P. (ÜCRETİ ALINMIŞTIR) DAMGALI GÖNDERİLER YÖNETMELİĞİNİN YÜRÜRLÜKTEN KALDIRILMASINA DAİR YÖNETMELİK,29466                                             ,2015-09-05T00:00:00,Kurum Yönetmeliği                                                                                                                                                                                                                                                                                                                                                                                                                                                                                                   ,https://kms.kaysis.gov.tr/Home/Goster/58540,
38709,20,,PETROL TANKERLERİNİN ÇİFT CİDAR VEYA EŞDEĞER TASARIM ŞARTLARININ UYGULAMA ESASLARI VE KABOTAJDA ÇALIŞAN PETROL TANKERİ OPERASYONLARININ EMNİYETLİ YÜRÜTÜLMESİ HAKKINDA YÖNETMELİK,27043                                             ,2008-11-03T00:00:00,Kurum Yönetmeliği                                                                                                                                                                                                                                                                                                                                                                                                                                                                                                   ,https://kms.kaysis.gov.tr/Home/Goster/38709,
58541,20,,POSTA PULU SATICILIKLARI YÖNETMELİĞİNİN YÜRÜRLÜKTEN KALDIRILMASINA DAİR YÖNETMELİK,29466                                             ,2015-09-05T00:00:00,Kurum Yönetmeliği                                                                                                                                                                                                                                                                                                                                                                                                                                                                                                   ,https://kms.kaysis.gov.tr/Home/Goster/58541,
35435,20,,PROFESYONEL SUALTIADAMLARI YÖNETMELİĞİ,23098                                             ,1997-09-02T00:00:00,Kurum Yönetmeliği                                                                                                                                                                                                                                                                                                                                                                                                                                                                                                   ,https://kms.kaysis.gov.tr/Home/Goster/35435,
69053,20,,PTT KARGO VE KURYE GÖNDERİLERİ HAKKINDA YÖNETMELİĞİN YÜRÜRLÜKTEN KALDIRILMASINA DAİR YÖNETMELİK,29579                                             ,2015-12-31T00:00:00,Kurum Yönetmeliği                                                                                                                                                                                                                                                                                                                                                                                                                                                                                                   ,https://kms.kaysis.gov.tr/Home/Goster/69053,
58542,20,,PTT YURTİÇİ HAVALE VE POSTA ÇEKİ YÖNETMELİĞİNİN YÜRÜRLÜKTEN KALDIRILMASINA DAİR YÖNETMELİK,29466                                             ,2015-09-05T00:00:00,Kurum Yönetmeliği                                                                                                                                                                                                                                                                                                                                                                                                                                                                                                   ,https://kms.kaysis.gov.tr/Home/Goster/58542,
38328,20,,RO-RO YOLCU GEMİLERİ VE YÜKSEK HIZLI YOLCU TEKNELERİ YÖNETMELİĞİ,26772                                             ,2008-01-30T00:00:00,Kurum Yönetmeliği                                                                                                                                                                                                                                                                                                                                                                                                                                                                                                   ,https://kms.kaysis.gov.tr/Home/Goster/38328,
41889,20,,SABİT VE MOBİL HABERLEŞME ALTYAPISI VEYA ŞEBEKELERİNDE KULLANILAN HER TÜRLÜ KABLO VE BENZERİ GERECİN TAŞINMAZLARDAN GEÇİRİLMESİNE İLİŞKİN YÖNETMELİK,28510                                             ,2012-12-27T00:00:00,Kurum Yönetmeliği                                                                                                                                                                                                                                                                                                                                                                                                                                                                                                   ,https://kms.kaysis.gov.tr/Home/Goster/41889,
39009,20,,SEYİR YARDIMCILARI YÖNETMELİĞİ,27238                                             ,2009-05-25T00:00:00,Kurum Yönetmeliği                                                                                                                                                                                                                                                                                                                                                                                                                                                                                                   ,https://kms.kaysis.gov.tr/Home/Goster/39009,
191941,20,HKY-13,SİVİL HAVA ARACI KAZA VEYA CİDDİ OLAYLARINI ARAŞTIRMA VE İNCELEME YÖNETMELİĞİ (HKY-13),32007                                             ,2022-11-08T00:00:00,Kurum Yönetmeliği                                                                                                                                                                                                                                                                                                                                                                                                                                                                                                   ,https://kms.kaysis.gov.tr/Home/Goster/191941,
128759,20,,SİVİL HAVA ARAÇLARI ÜÇÜNCÜ ŞAHIS MALİ SORUMLULUK SİGORTASI HAKKINDA YÖNETMELİK,30136                                             ,2017-07-27T00:00:00,Kurum Yönetmeliği                                                                                                                                                                                                                                                                                                                                                                                                                                                                                                   ,https://kms.kaysis.gov.tr/Home/Goster/128759,
37311,20,,SİVİL HAVA VASITALARI TESCİL YÖNETMELİĞİ (SHD-T.34),12611                                             ,1967-06-02T00:00:00,Kurum Yönetmeliği                                                                                                                                                                                                                                                                                                                                                                                                                                                                                                   ,https://kms.kaysis.gov.tr/Home/Goster/37311,
37310,20,,SİVİL HAVACILIK İSTATİSTİKİ BİLGİLER YÖNETMELİĞİ(SHY-25),19041                                             ,1986-03-08T00:00:00,Kurum Yönetmeliği                                                                                                                                                                                                                                                                                                                                                                                                                                                                                                   ,https://kms.kaysis.gov.tr/Home/Goster/37310,
37607,20,,SOLAS VE MARPOL SÖZLEŞMELERİNE GÖRE BİLDİRİMLERE İLİŞKİN YÖNETMELİK,26256                                             ,2006-08-11T00:00:00,Kurum Yönetmeliği                                                                                                                                                                                                                                                                                                                                                                                                                                                                                                   ,https://kms.kaysis.gov.tr/Home/Goster/37607,
191067,20,,TAŞIMA İŞLERİ ORGANİZATÖRLÜĞÜ YÖNETMELİĞİ,31936                                             ,2022-08-27T00:00:00,Kurum Yönetmeliği                                                                                                                                                                                                                                                                                                                                                                                                                                                                                                   ,https://kms.kaysis.gov.tr/Home/Goster/191067,
38173,20,,TATVAN LİMAN YÖNETMELİĞİ,26660                                             ,2007-10-01T00:00:00,Kurum Yönetmeliği                                                                                                                                                                                                                                                                                                                                                                                                                                                                                                   ,https://kms.kaysis.gov.tr/Home/Goster/38173,
131214,20,,TCDD PERSONEL YÖNETMELİĞİNİN YÜRÜRLÜKTEN KALDIRILMASINA DAİR YÖNETMELİK,30152                                             ,2017-08-12T00:00:00,Kurum Yönetmeliği                                                                                                                                                                                                                                                                                                                                                                                                                                                                                                   ,https://kms.kaysis.gov.tr/Home/Goster/131214,
106376,20,,TCDD TAŞIMACILIK ANONİM ŞİRKETİ GENEL MÜDÜRLÜĞÜNÜN 4734 SAYILI KAMU İHALE KANUNUNUN 3/G MADDESİ UYARINCA YAPACAĞI MAL VE HİZMET ALIMLARINDA UYGULANACAK ESAS VE USULLER HAKKINDA YÖNETMELİK,30103                                             ,2017-06-21T00:00:00,Kurum Yönetmeliği                                                                                                                                                                                                                                                                                                                                                                                                                                                                                                   ,https://kms.kaysis.gov.tr/Home/Goster/106376,
190380,20,,TEHLİKELİ MADDE GÜVENLİK DANIŞMANLIĞI HİZMETLERİ HAKKINDA YÖNETMELİK,31870                                             ,2022-06-18T00:00:00,Kurum Yönetmeliği                                                                                                                                                                                                                                                                                                                                                                                                                                                                                                   ,https://kms.kaysis.gov.tr/Home/Goster/190380,
190551,20,,TEHLİKELİ MADDE GÜVENLİK DANIŞMANLIĞI VE TEHLİKELİ MAL TAŞIMACILIĞI SÜRÜCÜ EĞİTİMİ YÖNETMELİĞİ,31888                                             ,2022-07-06T00:00:00,Kurum Yönetmeliği                                                                                                                                                                                                                                                                                                                                                                                                                                                                                                   ,https://kms.kaysis.gov.tr/Home/Goster/190551,
73607,20,,TEHLİKELİ MADDE TAŞIYAN ARAÇ VE ÜST YAPILARIN TEKNİK MUAYENELERİ HAKKINDA YÖNETMELİK,29691                                             ,2016-04-21T00:00:00,Kurum Yönetmeliği                                                                                                                                                                                                                                                                                                                                                                                                                                                                                                   ,https://kms.kaysis.gov.tr/Home/Goster/73607,
57421,20,,TEHLİKELİ MADDELERİN DEMİRYOLU İLE TAŞINMASI HAKKINDA YÖNETMELİK,29418                                             ,2015-07-16T00:00:00,Kurum Yönetmeliği                                                                                                                                                                                                                                                                                                                                                                                                                                                                                                   ,https://kms.kaysis.gov.tr/Home/Goster/57421,
140860,20,,TEHLİKELİ MADDELERİN HAVAYOLUYLA TAŞINMASI HAKKINDA YÖNETMELİK,30390                                             ,2018-04-13T00:00:00,Kurum Yönetmeliği                                                                                                                                                                                                                                                                                                                                                                                                                                                                                                   ,https://kms.kaysis.gov.tr/Home/Goster/140860,
190381,20,,TEHLİKELİ MADDELERİN KARAYOLUYLA TAŞINMASI HAKKINDA YÖNETMELİK,31870                                             ,2022-06-18T00:00:00,Kurum Yönetmeliği                                                                                                                                                                                                                                                                                                                                                                                                                                                                                                   ,https://kms.kaysis.gov.tr/Home/Goster/190381,
183642,20,,TEHLİKELİ YÜKLERİN DENİZYOLUYLA TAŞINMASI VE YÜKLEME EMNİYETİ HAKKINDA YÖNETMELİK,31659                                             ,2021-11-14T00:00:00,Kurum Yönetmeliği                                                                                                                                                                                                                                                                                                                                                                                                                                                                                                   ,https://kms.kaysis.gov.tr/Home/Goster/183642,
58543,20,,TELGRAF HİZMETLERİ YÖNETMELİĞİNİN YÜRÜRLÜKTEN KALDIRILMASINA DAİR YÖNETMELİK,29466                                             ,2015-09-05T00:00:00,Kurum Yönetmeliği                                                                                                                                                                                                                                                                                                                                                                                                                                                                                                   ,https://kms.kaysis.gov.tr/Home/Goster/58543,
35436,20,,TELSİZ OPERATÖR YETERLİKLERİ VE SINAV YÖNETMELİĞİ,25482                                             ,2004-06-04T00:00:00,Kurum Yönetmeliği                                                                                                                                                                                                                                                                                                                                                                                                                                                                                                   ,https://kms.kaysis.gov.tr/Home/Goster/35436,
56698,20,,"TERSANE, TEKNE İMAL VE ÇEKEK YERİ HAKKINDA YÖNETMELİK",29400                                             ,2015-06-28T00:00:00,Kurum Yönetmeliği                                                                                                                                                                                                                                                                                                                                                                                                                                                                                                   ,https://kms.kaysis.gov.tr/Home/Goster/56698,
40231,20,,"TRAFİK İDARİ PARA CEZASI KARAR TUTANAKLARININ DÜZENLENMESİNDE, TAHSİLİNDE VE TAKİBİNDE UYGULANACAK USUL VE ESASLAR HAKKINDA YÖNETMELİK",27897                                             ,2011-04-06T00:00:00,Kurum Yönetmeliği                                                                                                                                                                                                                                                                                                                                                                                                                                                                                                   ,https://kms.kaysis.gov.tr/Home/Goster/40231,
95357,20,,TREN MAKİNİST YÖNETMELİĞİ,29935                                             ,2016-12-31T00:00:00,Kurum Yönetmeliği                                                                                                                                                                                                                                                                                                                                                                                                                                                                                                   ,https://kms.kaysis.gov.tr/Home/Goster/95357,
35515,20,,TÜRK SİLÂHLI KUVVETLERİ DALGIÇLIK YÖNETMELİĞİ,24462                                             ,2001-07-14T00:00:00,Kurum Yönetmeliği                                                                                                                                                                                                                                                                                                                                                                                                                                                                                                   ,https://kms.kaysis.gov.tr/Home/Goster/35515,
36812,20,,TÜRK TELEKOM PERSONELİ BİRİKTİRME VE YARDIM SANDIĞI GENEL YÖNETMELİĞİ,25252                                             ,2003-10-07T00:00:00,Kurum Yönetmeliği                                                                                                                                                                                                                                                                                                                                                                                                                                                                                                   ,https://kms.kaysis.gov.tr/Home/Goster/36812,
35437,20,,TÜRK ULUSLARARASI GEMİ SİCİLİ YÖNETMELİĞİ,24088                                             ,2000-06-23T00:00:00,Kurum Yönetmeliği                                                                                                                                                                                                                                                                                                                                                                                                                                                                                                   ,https://kms.kaysis.gov.tr/Home/Goster/35437,
167513,20,,TÜRKİYE HAVA MEYDANI YAPILARI DEPREM YÖNETMELİĞİ,31266                                             ,2020-10-06T00:00:00,Kurum Yönetmeliği                                                                                                                                                                                                                                                                                                                                                                                                                                                                                                   ,https://kms.kaysis.gov.tr/Home/Goster/167513,
167514,20,,TÜRKİYE KARAYOLLARI VE DEMİRYOLLARI TÜNELLERİ İLE DİĞER ZEMİN YAPILARI DEPREM YÖNETMELİĞİ,31266                                             ,2020-10-06T00:00:00,Kurum Yönetmeliği                                                                                                                                                                                                                                                                                                                                                                                                                                                                                                   ,https://kms.kaysis.gov.tr/Home/Goster/167514,
167515,20,,TÜRKİYE KIYI VE LİMAN YAPILARI DEPREM YÖNETMELİĞİ,31266                                             ,2020-10-06T00:00:00,Kurum Yönetmeliği                                                                                                                                                                                                                                                                                                                                                                                                                                                                                                   ,https://kms.kaysis.gov.tr/Home/Goster/167515,
167516,20,,TÜRKİYE KÖPRÜ DEPREM YÖNETMELİĞİ,31266                                             ,2020-10-06T00:00:00,Kurum Yönetmeliği                                                                                                                                                                                                                                                                                                                                                                                                                                                                                                   ,https://kms.kaysis.gov.tr/Home/Goster/167516,
83651,20,,TÜRKİYE VAGON SANAYİİ ANONİM ŞİRKETİ GENEL MÜDÜRLÜĞÜ AVANS VERME USUL VE ESASLARI HAKKINDA YÖNETMELİK,29883                                             ,2016-11-09T00:00:00,Kurum Yönetmeliği                                                                                                                                                                                                                                                                                                                                                                                                                                                                                                   ,https://kms.kaysis.gov.tr/Home/Goster/83651,
167517,20,,TÜRKİYE YALITIMLI VE SÖNÜMLEYİCİLİ KÖPRÜ VE VİYADÜKLER DEPREM YÖNETMELİĞİ,31266                                             ,2020-10-06T00:00:00,Kurum Yönetmeliği                                                                                                                                                                                                                                                                                                                                                                                                                                                                                                   ,https://kms.kaysis.gov.tr/Home/Goster/167517,
38031,20,,UÇAK MÜRETTEBATI BELGELERİNİN DÜZENLENMESİNE AİT ESASLAR HAKKINDA YÖNETMELİK,25151                                             ,2003-06-27T00:00:00,Kurum Yönetmeliği                                                                                                                                                                                                                                                                                                                                                                                                                                                                                                   ,https://kms.kaysis.gov.tr/Home/Goster/38031,
151131,20,,ULAŞIMDA ENERJİ VERİMLİLİĞİNİN ARTIRILMASINA İLİŞKİN USUL VE ESASLAR HAKKINDA YÖNETMELİK,30762                                             ,2019-05-02T00:00:00,Kurum Yönetmeliği                                                                                                                                                                                                                                                                                                                                                                                                                                                                                                   ,https://kms.kaysis.gov.tr/Home/Goster/151131,
179310,20,,ULAŞTIRMA HİZMETLERİ DENETİM YÖNETMELİĞİ,31500                                             ,2021-06-03T00:00:00,Kurum Yönetmeliği                                                                                                                                                                                                                                                                                                                                                                                                                                                                                                   ,https://kms.kaysis.gov.tr/Home/Goster/179310,
190482,20,,ULAŞTIRMA VE ALTYAPI BAKANLIĞI DİSİPLİN AMİRLERİ YÖNETMELİĞİ,31880                                             ,2022-06-28T00:00:00,Kurum Yönetmeliği                                                                                                                                                                                                                                                                                                                                                                                                                                                                                                   ,https://kms.kaysis.gov.tr/Home/Goster/190482,
74121,20,,ULAŞTIRMA VE ALTYAPI BAKANLIĞI DÖNER SERMAYE İŞLETMESİ YÖNETMELİĞİ,29718                                             ,2016-05-21T00:00:00,Kurum Yönetmeliği                                                                                                                                                                                                                                                                                                                                                                                                                                                                                                   ,https://kms.kaysis.gov.tr/Home/Goster/74121,
128760,20,,ULAŞTIRMA VE ALTYAPI BAKANLIĞI PERSONELİ GÖREVDE YÜKSELME VE UNVAN DEĞİŞİKLİĞİ YÖNETMELİĞİ,30136                                             ,2017-07-27T00:00:00,Kurum Yönetmeliği                                                                                                                                                                                                                                                                                                                                                                                                                                                                                                   ,https://kms.kaysis.gov.tr/Home/Goster/128760,
198657,20,,ULAŞTIRMA VE ALTYAPI BAKANLIĞI PİYASA GÖZETİMİ VE DENETİMİ YÖNETMELİĞİ,32270                                             ,2023-08-05T00:00:00,Kurum Yönetmeliği                                                                                                                                                                                                                                                                                                                                                                                                                                                                                                   ,https://kms.kaysis.gov.tr/Home/Goster/198657,
200099,20,,ULAŞTIRMA VE ALTYAPI BAKANLIĞI REHBERLİK VE TEFTİŞ BAŞKANLIĞI YÖNETMELİĞİ,32400                                             ,2023-12-15T00:00:00,Kurum Yönetmeliği                                                                                                                                                                                                                                                                                                                                                                                                                                                                                                   ,https://kms.kaysis.gov.tr/Home/Goster/200099,
151268,20,,ULAŞTIRMA VE ALTYAPI BAKANLIĞI ULAŞIM EMNİYETİ İNCELEME MERKEZİ BAŞKANLIĞI YÖNETMELİĞİ,30771                                             ,2019-05-11T00:00:00,Kurum Yönetmeliği                                                                                                                                                                                                                                                                                                                                                                                                                                                                                                   ,https://kms.kaysis.gov.tr/Home/Goster/151268,
163213,20,,ULAŞTIRMA VE HABERLEŞME ŞÛRASI YÖNETMELİĞİ,31152                                             ,2020-06-11T00:00:00,Kurum Yönetmeliği                                                                                                                                                                                                                                                                                                                                                                                                                                                                                                   ,https://kms.kaysis.gov.tr/Home/Goster/163213,
42139,20,,ULAŞTIRMA VE HABERLEŞME UZMANLIĞI İLE DENİZCİLİK UZMANLIĞI YÖNETMELİĞİ,28600                                             ,2013-03-27T00:00:00,Kurum Yönetmeliği                                                                                                                                                                                                                                                                                                                                                                                                                                                                                                   ,https://kms.kaysis.gov.tr/Home/Goster/42139,
45401,20,48810,"ULAŞTIRMA, DENİZCİLİK VE HABERLEŞME BAKANLIĞI HİZMET İÇİ EĞİTİM YÖNETMELİĞİ",                                                  ,0001-01-01T00:00:00,Kurum Yönetmeliği                                                                                                                                                                                                                                                                                                                                                                                                                                                                                                   ,https://kms.kaysis.gov.tr/Home/Goster/45401,
43183,20,,"ULAŞTIRMA, DENİZCİLİK VE HABERLEŞME BAKANLIĞI HUKUK MÜŞAVİRLİĞİ VE AVUKATLIK SINAV VE ATAMA YÖNETMELİĞİ",28910                                             ,2014-02-11T00:00:00,Kurum Yönetmeliği                                                                                                                                                                                                                                                                                                                                                                                                                                                                                                   ,https://kms.kaysis.gov.tr/Home/Goster/43183,
42972,20,,"ULAŞTIRMA, DENİZCİLİK VE HABERLEŞME BAKANLIĞI İNTERNET GELİŞTİRME KURULU YÖNETMELİĞİ",28851                                             ,2013-12-14T00:00:00,Kurum Yönetmeliği                                                                                                                                                                                                                                                                                                                                                                                                                                                                                                   ,https://kms.kaysis.gov.tr/Home/Goster/42972,
39302,20,,ULUSLARARASI EMNİYET YÖNETİMİ KODUNUN TÜRK BAYRAKLI GEMİLERE VE İŞLETMECİLERİNE UYGULANMASINA DAİR YÖNETMELİK,27389                                             ,2009-10-27T00:00:00,Kurum Yönetmeliği                                                                                                                                                                                                                                                                                                                                                                                                                                                                                                   ,https://kms.kaysis.gov.tr/Home/Goster/39302,
37948,20,,ULUSLARARASI GEMİ VE LİMAN TESİSİ GÜVENLİK KODU UYGULAMA YÖNETMELİĞİ,26468                                             ,2007-03-20T00:00:00,Kurum Yönetmeliği                                                                                                                                                                                                                                                                                                                                                                                                                                                                                                   ,https://kms.kaysis.gov.tr/Home/Goster/37948,
96450,20,,ÜCRETLİ KARAYOLLARINDA YABANCI PLAKALI ARAÇLARA AİT GEÇİŞ ÜCRETLERİ VE İDARİ PARA CEZALARININ TAHSİLİNE İLİŞKİN YÖNETMELİK,29982                                             ,2017-02-17T00:00:00,Kurum Yönetmeliği                                                                                                                                                                                                                                                                                                                                                                                                                                                                                                   ,https://kms.kaysis.gov.tr/Home/Goster/96450,
38245,20,,YOLCU GEMİLERİNİN EMNİYETİNE VE GEMİLERDEKİ YOLCULARIN KAYIT ALTINA ALINMASINAİLİŞKİN YÖNETMELİK,26728                                             ,2007-12-12T00:00:00,Kurum Yönetmeliği                                                                                                                                                                                                                                                                                                                                                                                                                                                                                                   ,https://kms.kaysis.gov.tr/Home/Goster/38245,
45371,4,B.11.0.KUG.0.00.17.007230-10951,2009/KUGM-01 SAYILI GENELGE,                                                  ,0001-01-01T00:00:00,Kurum Genelgesi                                                                                                                                                                                                                                                                                                                                                                                                                                                                                                     ,https://kms.kaysis.gov.tr/Home/Goster/45371,
23597,4,B.11.0.KUG.0.00.17.00/230-9317,2011/KUGM-17/ARAÇ MUAYENE GENELGESİ,,0001-01-01T00:00:00,Kurum Genelgesi                                                                                                                                                                                                                                                                                                                                                                                                                                                                                                     ,https://kms.kaysis.gov.tr/Home/Goster/23597,
45408,4,18529130-9586,2013/KDGM-10/MYB SAYILI GENELGE,                                                  ,0001-01-01T00:00:00,Kurum Genelgesi                                                                                                                                                                                                                                                                                                                                                                                                                                                                                                     ,https://kms.kaysis.gov.tr/Home/Goster/45408,
45429,4,2009/06,BAŞBAKANLIK DENİZCİLİK MÜSTEŞARLIĞI'NIN 2009/06 SAYILI GENELGESİ,                                                  ,0001-01-01T00:00:00,Kurum Genelgesi                                                                                                                                                                                                                                                                                                                                                                                                                                                                                                     ,https://kms.kaysis.gov.tr/Home/Goster/45429,
45425,4,2010/09,BAŞBAKANLIK DENİZCİLİK MÜSTEŞARLIĞI'NIN 2010/09 SAYILI GENELGESİ,                                                  ,0001-01-01T00:00:00,Kurum Genelgesi                                                                                                                                                                                                                                                                                                                                                                                                                                                                                                     ,https://kms.kaysis.gov.tr/Home/Goster/45425,
54212,4,120858,BAŞBAKANLIK DENİZCİLİK MÜSTEŞARLIĞI'NIN 2010/4 SAYILI GENELGESİ,                                                  ,0001-01-01T00:00:00,Kurum Genelgesi                                                                                                                                                                                                                                                                                                                                                                                                                                                                                                     ,https://kms.kaysis.gov.tr/Home/Goster/54212,
45419,4,B.02.1.DNM/0.61.010.06/30905,BAŞBAKANLIK DENİZCİLİK MÜSTEŞARLIĞININ 2011/41 SAYILI GENELGESİ,                                                  ,0001-01-01T00:00:00,Kurum Genelgesi                                                                                                                                                                                                                                                                                                                                                                                                                                                                                                     ,https://kms.kaysis.gov.tr/Home/Goster/45419,
45422,4,2011/42,BAŞBAKANLIK DENİZCİLİK MÜSTEŞARLIĞININ 2011/42 SAYILI GENELGESİ,                                                  ,0001-01-01T00:00:00,Kurum Genelgesi                                                                                                                                                                                                                                                                                                                                                                                                                                                                                                     ,https://kms.kaysis.gov.tr/Home/Goster/45422,
45434,4,2011/47,BAŞBAKANLIK DENİZCİLİK MÜSTEŞARLIĞI'NIN 2011/47 SAYILI GENELGESİ,                                                  ,0001-01-01T00:00:00,Kurum Genelgesi                                                                                                                                                                                                                                                                                                                                                                                                                                                                                                     ,https://kms.kaysis.gov.tr/Home/Goster/45434,
45436,4,2011/48,BAŞBAKANLIK DENİZCİLİK MÜSTEŞARLIĞININ 2011/48 SAYILI GENELGESİ,                                                  ,0001-01-01T00:00:00,Kurum Genelgesi                                                                                                                                                                                                                                                                                                                                                                                                                                                                                                     ,https://kms.kaysis.gov.tr/Home/Goster/45436,
45286,4,B.11.0.HGM.2.04-010.06.02/327,BAZ İSTASYONU GENELGESİ 2012,                                                  ,0001-01-01T00:00:00,Kurum Genelgesi                                                                                                                                                                                                                                                                                                                                                                                                                                                                                                     ,https://kms.kaysis.gov.tr/Home/Goster/45286,
46132,4,B.02.1.DNM.0.06/141.02 23425,DENİZ ULAŞTIRMASI GENEL MÜDÜRLÜĞÜNÜN 2006/7 SAYILI GENELGESİ,                                                  ,0001-01-01T00:00:00,Kurum Genelgesi                                                                                                                                                                                                                                                                                                                                                                                                                                                                                                     ,https://kms.kaysis.gov.tr/Home/Goster/46132,
45529,4,B.02.1.DNM.0.06/141.02 23425,DENİZ VE İÇSULAR DÜZENLEME GENEL MÜDÜRLÜĞÜ'NÜN 2006/7 SAYILI UYGULAMA TALİMATI,                                                  ,0001-01-01T00:00:00,Kurum Genelgesi                                                                                                                                                                                                                                                                                                                                                                                                                                                                                                     ,https://kms.kaysis.gov.tr/Home/Goster/45529,
53671,4,13428267.900/019,DIŞ İLİŞKİLER VE AVRUPA BİRLİĞİ GENEL MÜDÜRLÜĞÜNÜN GÖREV DAĞILIMI KONULU İÇ GENELGESİ,                                                  ,0001-01-01T00:00:00,Kurum Genelgesi                                                                                                                                                                                                                                                                                                                                                                                                                                                                                                     ,https://kms.kaysis.gov.tr/Home/Goster/53671,
53690,4,3896,DIŞ İLİŞKİLER VE AVRUPA BİRLİĞİ GENEL MÜDÜRLÜĞÜNÜN İDARİ BİRİM KİMLİK KODLARI KONULU İÇ GENELGESİ,                                                  ,0001-01-01T00:00:00,Kurum Genelgesi                                                                                                                                                                                                                                                                                                                                                                                                                                                                                                     ,https://kms.kaysis.gov.tr/Home/Goster/53690,
53510,4,3541,DIŞ İLİŞKİLER VE AVRUPA BİRLİĞİ GENEL MÜDÜRLÜĞÜNÜN KURUMSAL WEB VE E-POSTA ADRESLERİ KONULU İÇ GENELGESİ,                                                  ,0001-01-01T00:00:00,Kurum Genelgesi                                                                                                                                                                                                                                                                                                                                                                                                                                                                                                     ,https://kms.kaysis.gov.tr/Home/Goster/53510,
106270,4,15459,DOLU KONTEYNERLERİN BRÜT AĞIRLIK DOĞRULAMA HİZMETİ İÇİN TAVAN ÜCRETİN BELİRLENMESİ HAKKINDA GENELGE,                                                  ,0001-01-01T00:00:00,Kurum Genelgesi                                                                                                                                                                                                                                                                                                                                                                                                                                                                                                     ,https://kms.kaysis.gov.tr/Home/Goster/106270,
131388,4,9647,GENELGE (2009/KUGM-22/GENEL),                                                  ,0001-01-01T00:00:00,Kurum Genelgesi                                                                                                                                                                                                                                                                                                                                                                                                                                                                                                     ,https://kms.kaysis.gov.tr/Home/Goster/131388,
131387,4,8596,GENELGE (2011/KUGM-13/GENEL),                                                  ,0001-01-01T00:00:00,Kurum Genelgesi                                                                                                                                                                                                                                                                                                                                                                                                                                                                                                     ,https://kms.kaysis.gov.tr/Home/Goster/131387,
45295,4,56112791-010-06-01/1946,GENELGE (2015/HGM-1),                                                  ,0001-01-01T00:00:00,Kurum Genelgesi                                                                                                                                                                                                                                                                                                                                                                                                                                                                                                     ,https://kms.kaysis.gov.tr/Home/Goster/45295,
45239,4,81427042/010-06-01/39,HAVACILIK VE UZAY TEKNOLOJİLERİ GENEL MÜDÜRLÜĞÜNÜN 2013/1 SAYILI GENELGESİ,                                                  ,0001-01-01T00:00:00,Kurum Genelgesi                                                                                                                                                                                                                                                                                                                                                                                                                                                                                                     ,https://kms.kaysis.gov.tr/Home/Goster/45239,
45241,4,81427042/010-06-01/294,HAVACILIK VE UZAY TEKNOLOJİLERİ GENEL MÜDÜRLÜĞÜNÜN 2013/2 SAYILI GENELGESİ,                                                  ,0001-01-01T00:00:00,Kurum Genelgesi                                                                                                                                                                                                                                                                                                                                                                                                                                                                                                     ,https://kms.kaysis.gov.tr/Home/Goster/45241,
45242,4,81427042/010-06-01/707,HAVACILIK VE UZAY TEKNOLOJİLERİ GENEL MÜDÜRLÜĞÜNÜN 2013/3 SAYILI GENELGESİ,                                                  ,0001-01-01T00:00:00,Kurum Genelgesi                                                                                                                                                                                                                                                                                                                                                                                                                                                                                                     ,https://kms.kaysis.gov.tr/Home/Goster/45242,
45243,4,26068,HAVACILIK VE UZAY TEKNOLOJİLERİ GENEL MÜDÜRLÜĞÜNÜN 2014/1 SAYILI GENELGESİ,                                                  ,0001-01-01T00:00:00,Kurum Genelgesi                                                                                                                                                                                                                                                                                                                                                                                                                                                                                                     ,https://kms.kaysis.gov.tr/Home/Goster/45243,
45244,4,81427042/010-06-01/11672,HAVACILIK VE UZAY TEKNOLOJİLERİ GENEL MÜDÜRLÜĞÜNÜN 2015/1 SAYILI GENELGESİ,                                                  ,0001-01-01T00:00:00,Kurum Genelgesi                                                                                                                                                                                                                                                                                                                                                                                                                                                                                                     ,https://kms.kaysis.gov.tr/Home/Goster/45244,
131386,4,32110,İÇ GENELGE (2007/KUGM-01),                                                  ,0001-01-01T00:00:00,Kurum Genelgesi                                                                                                                                                                                                                                                                                                                                                                                                                                                                                                     ,https://kms.kaysis.gov.tr/Home/Goster/131386,
131385,4,15536,İÇ GENELGE (2012/KDGM-01),                                                  ,0001-01-01T00:00:00,Kurum Genelgesi                                                                                                                                                                                                                                                                                                                                                                                                                                                                                                     ,https://kms.kaysis.gov.tr/Home/Goster/131385,
23657,4,B.11.0.KUG.0.00.17.00/230-9330,KARA ULAŞTIRMASI GENEL MÜDÜRLÜĞÜNÜN 2009/KUGM-19/EŞYA SAYILI GENELGESİ,,0001-01-01T00:00:00,Kurum Genelgesi                                                                                                                                                                                                                                                                                                                                                                                                                                                                                                     ,https://kms.kaysis.gov.tr/Home/Goster/23657,
45457,4,B.11.0.KUG.0.00.17.00/230-10206,KARA ULAŞTIRMASI GENEL MÜDÜRLÜĞÜNÜN 2009/KUGM-23/YOLCU SAYILI GENELGESİ,                                                  ,0001-01-01T00:00:00,Kurum Genelgesi                                                                                                                                                                                                                                                                                                                                                                                                                                                                                                     ,https://kms.kaysis.gov.tr/Home/Goster/45457,
45464,4,B.11.0.KUG.0.00.17.00/230-10208,KARA ULAŞTIRMASI GENEL MÜDÜRLÜĞÜNÜN 2009/KUGM-24/YOLCU SAYILI GENELGESİ,                                                  ,0001-01-01T00:00:00,Kurum Genelgesi                                                                                                                                                                                                                                                                                                                                                                                                                                                                                                     ,https://kms.kaysis.gov.tr/Home/Goster/45464,
45481,4,B.11.0.KUG.0.00.17.00/230-14587,KARA ULAŞTIRMASI GENEL MÜDÜRLÜĞÜNÜN 2010/KUGM-19/YOLCU SAYILI GENELGESİ,                                                  ,0001-01-01T00:00:00,Kurum Genelgesi                                                                                                                                                                                                                                                                                                                                                                                                                                                                                                     ,https://kms.kaysis.gov.tr/Home/Goster/45481,
53396,4,14694,KARA ULAŞTIRMASI GENEL MÜDÜRLÜĞÜNÜN 2011/KUGM-15/YOLCU SAYILI GENELGESİ,                                                  ,0001-01-01T00:00:00,Kurum Genelgesi                                                                                                                                                                                                                                                                                                                                                                                                                                                                                                     ,https://kms.kaysis.gov.tr/Home/Goster/53396,
45509,4,B.11.0.KDG.0.17.00.02-225.09-22239,KARAYOLU DÜZENLEME GENEL MÜDÜRLÜĞÜNÜN 2012/KDGM- 07 SAYILI GENELGESİ,                                                  ,0001-01-01T00:00:00,Kurum Genelgesi                                                                                                                                                                                                                                                                                                                                                                                                                                                                                                     ,https://kms.kaysis.gov.tr/Home/Goster/45509,
45471,4,B.11.0.KDG.0.17.00.03/225-09-14071,KARAYOLU DÜZENLEME GENEL MÜDÜRLÜĞÜNÜN 2012/KGM-05 SAYILI GENELGE,                                                  ,0001-01-01T00:00:00,Kurum Genelgesi                                                                                                                                                                                                                                                                                                                                                                                                                                                                                                     ,https://kms.kaysis.gov.tr/Home/Goster/45471,
53450,4,22692,KARAYOLU DÜZENLEME GENEL MÜDÜRLÜĞÜNÜN 2013/KDGM-02/YOLCU SAYILI GENELGESİ,                                                  ,0001-01-01T00:00:00,Kurum Genelgesi                                                                                                                                                                                                                                                                                                                                                                                                                                                                                                     ,https://kms.kaysis.gov.tr/Home/Goster/53450,
53501,4,23305,KARAYOLU DÜZENLEME GENEL MÜDÜRLÜĞÜNÜN 2013/KDGM-07/YOLCU SAYILI GENELGESİ,                                                  ,0001-01-01T00:00:00,Kurum Genelgesi                                                                                                                                                                                                                                                                                                                                                                                                                                                                                                     ,https://kms.kaysis.gov.tr/Home/Goster/53501,
53506,4,14823,KARAYOLU DÜZENLEME GENEL MÜDÜRLÜĞÜNÜN 2013/KDGM-14/YOLCU SAYILI GENELGESİ,                                                  ,0001-01-01T00:00:00,Kurum Genelgesi                                                                                                                                                                                                                                                                                                                                                                                                                                                                                                     ,https://kms.kaysis.gov.tr/Home/Goster/53506,
45495,4,70514986-225.01-18200,KARAYOLU DÜZENLEME GENEL MÜDÜRLÜĞÜNÜN 2014/KDGM- 02 SAYILI GENELGESİ,                                                  ,0001-01-01T00:00:00,Kurum Genelgesi                                                                                                                                                                                                                                                                                                                                                                                                                                                                                                     ,https://kms.kaysis.gov.tr/Home/Goster/45495,
45486,4,21902444-010.06.01/ 69668,KARAYOLU DÜZENLEME GENEL MÜDÜRLÜĞÜNÜN 2014/KDGM- 10 SAYILI GENELGESİ,                                                  ,0001-01-01T00:00:00,Kurum Genelgesi                                                                                                                                                                                                                                                                                                                                                                                                                                                                                                     ,https://kms.kaysis.gov.tr/Home/Goster/45486,
45476,4,66002798-225.03-47486,KARAYOLU DÜZENLEME GENEL MÜDÜRLÜĞÜNÜN 2014/KDGM-07 SAYILI GENELGESİ,                                                  ,0001-01-01T00:00:00,Kurum Genelgesi                                                                                                                                                                                                                                                                                                                                                                                                                                                                                                     ,https://kms.kaysis.gov.tr/Home/Goster/45476,
45480,4,66002798-225.03-12653,KARAYOLU DÜZENLEME GENEL MÜDÜRLÜĞÜNÜN 2015/KDGM- 02/SAYILI GENELGESİ,                                                  ,0001-01-01T00:00:00,Kurum Genelgesi                                                                                                                                                                                                                                                                                                                                                                                                                                                                                                     ,https://kms.kaysis.gov.tr/Home/Goster/45480,
46130,4,B.02.1.DNM/0.06.01.02/010.06./23054,KIYI TESİSLERİ İŞLETME İZNİ VE YAPIM TALEPLERİ HAKKINDA GENELGE,                                                  ,0001-01-01T00:00:00,Kurum Genelgesi                                                                                                                                                                                                                                                                                                                                                                                                                                                                                                     ,https://kms.kaysis.gov.tr/Home/Goster/46130,
106257,4,40277820/87124,MUAYENE MERKEZLERİ GENELGESİ,                                                  ,0001-01-01T00:00:00,Kurum Genelgesi                                                                                                                                                                                                                                                                                                                                                                                                                                                                                                     ,https://kms.kaysis.gov.tr/Home/Goster/106257,
55191,4,120858,PETROL VE DİĞER ZARARLI MADDELERDEN KAYNAKLANAN KİRLİLİĞE HAZIRLIKLI OLMA VE MÜDAHALE İLE İLGİLİ EĞİTİM SEMİNERLERİNİN VE TATBİKAT PROGRAMLARININ USUL VE ESASLARI- GENELGE 2010/4,                                                  ,0001-01-01T00:00:00,Kurum Genelgesi                                                                                                                                                                                                                                                                                                                                                                                                                                                                                                     ,https://kms.kaysis.gov.tr/Home/Goster/55191,
45592,4,B.11.0.SGB.0.04.00.00.00/619.02.02/462,STRATEJİ GELİŞTİRME BAŞKANLIĞININ 2011/1 SAYILI GENELGESİ,                                                  ,0001-01-01T00:00:00,Kurum Genelgesi                                                                                                                                                                                                                                                                                                                                                                                                                                                                                                     ,https://kms.kaysis.gov.tr/Home/Goster/45592,
45598,4,93605659-010.06.0 l/66470,STRATEJİ GELİŞTİRME BAŞKANLIĞININ 2014/5 SAYILI GENELGESİ,                                                  ,0001-01-01T00:00:00,Kurum Genelgesi                                                                                                                                                                                                                                                                                                                                                                                                                                                                                                     ,https://kms.kaysis.gov.tr/Home/Goster/45598,
45599,4,93605659/612.99/25999,STRATEJİ GELİŞTİRME BAŞKANLIĞININ 2015/2 SAYILI GENELGESİ,                                                  ,0001-01-01T00:00:00,Kurum Genelgesi                                                                                                                                                                                                                                                                                                                                                                                                                                                                                                     ,https://kms.kaysis.gov.tr/Home/Goster/45599,
45432,4,2011/46,T.C. BAŞBAKANLIK DENİZCİLİK MÜSTEŞARLIĞI'NIN 2011/46 SAYILI GENELGESİ,                                                  ,0001-01-01T00:00:00,Kurum Genelgesi                                                                                                                                                                                                                                                                                                                                                                                                                                                                                                     ,https://kms.kaysis.gov.tr/Home/Goster/45432,
45593,4,93605659-010-06.01/54188,"T.C.ULAŞTIRMA, DENİZCİLİK VE HABERLEŞME BAKANLIĞI MÜSTEŞARLIĞININ 2014/2 SAYILI GENELGESİ",                                                  ,0001-01-01T00:00:00,Kurum Genelgesi                                                                                                                                                                                                                                                                                                                                                                                                                                                                                                     ,https://kms.kaysis.gov.tr/Home/Goster/45593,
45594,4,93605659-010.06.01/ 57646,"T.C.ULAŞTIRMA, DENİZCİLİK VE HABERLEŞME BAKANLIĞI MÜSTEŞARLIĞININ 2014/3 SAYILI GENELGESİ",                                                  ,0001-01-01T00:00:00,Kurum Genelgesi                                                                                                                                                                                                                                                                                                                                                                                                                                                                                                     ,https://kms.kaysis.gov.tr/Home/Goster/45594,
45595,4,93605659-010.06.01/66533,"T.C.ULAŞTIRMA, DENİZCİLİK VE HABERLEŞME BAKANLIĞI MÜSTEŞARLIĞININ 2014/4 SAYILI GENELGESİ",                                                  ,0001-01-01T00:00:00,Kurum Genelgesi                                                                                                                                                                                                                                                                                                                                                                                                                                                                                                     ,https://kms.kaysis.gov.tr/Home/Goster/45595,
106286,4,43589,TEHLİKELİ MADDE FAALİYET BELGESİ (TMFB) ALINMASI HAKKINDA GENELGE,                                                  ,0001-01-01T00:00:00,Kurum Genelgesi                                                                                                                                                                                                                                                                                                                                                                                                                                                                                                     ,https://kms.kaysis.gov.tr/Home/Goster/106286,
106288,4,5626,TEHLİKELİ MADDE GÜVENLİK DANIŞMANI (TMGD) İSTİHDAM EDİLMESİ HAKKINDA GENELGE,                                                  ,0001-01-01T00:00:00,Kurum Genelgesi                                                                                                                                                                                                                                                                                                                                                                                                                                                                                                     ,https://kms.kaysis.gov.tr/Home/Goster/106288,
106261,4,26547,TEHLİKELİ MADDE TAŞIMACILIĞI DENETİMLERİ GENELGESİ,                                                  ,0001-01-01T00:00:00,Kurum Genelgesi                                                                                                                                                                                                                                                                                                                                                                                                                                                                                                     ,https://kms.kaysis.gov.tr/Home/Goster/106261,
46144,4,1654,TEHLİKELİ MAL VE KOMBİNE TAŞIMACILIK DÜZENLEME GENEL MÜDÜRLÜĞÜNÜN 2014 / TMKTDGM-02 / YOL KENARI DENETİMİ SAYILI GENELGESİ,                                                  ,0001-01-01T00:00:00,Kurum Genelgesi                                                                                                                                                                                                                                                                                                                                                                                                                                                                                                     ,https://kms.kaysis.gov.tr/Home/Goster/46144,
46352,4,1656,TEHLİKELİ MAL VE KOMBİNE TAŞIMACILIK DÜZENLEME GENEL MÜDÜRLÜĞÜNÜN 2014/TMKTDGM- 01/GENEL SAYILI GENELGESİ,                                                  ,0001-01-01T00:00:00,Kurum Genelgesi                                                                                                                                                                                                                                                                                                                                                                                                                                                                                                     ,https://kms.kaysis.gov.tr/Home/Goster/46352,
45672,4,98694136 - 69783,TEHLİKELİ MAL VE KOMBİNE TAŞIMACILIK DÜZENLEME GENEL MÜDÜRLÜĞÜNÜN 2015/TMKTDGM- 01/GENEL SAYILI GENELGESİ,                                                  ,0001-01-01T00:00:00,Kurum Genelgesi                                                                                                                                                                                                                                                                                                                                                                                                                                                                                                     ,https://kms.kaysis.gov.tr/Home/Goster/45672,
106265,4,1654,YOL KENARI DENETİMİ GENELGESİ,                                                  ,0001-01-01T00:00:00,Kurum Genelgesi                                                                                                                                                                                                                                                                                                                                                                                                                                                                                                     ,https://kms.kaysis.gov.tr/Home/Goster/106265,
45332,25,33124778-404.24-1211,SABİT VE MOBİL HABERLEŞME ALT YAPISI VE ŞEBEKELERİNDE KULLANILAN HER TÜRLÜ KABLO VE BENZERİ GERECİN TAŞINMAZLARDAN GEÇİRİLMESİNE İLİŞKİN YÖNETMELİĞİN UYGULANMASI HAKKINDA USUL VE ESASLAR,                                                  ,0001-01-01T00:00:00,Esas ve Usuller                                                                                                                                                                                                                                                                                                                                                                                                                                                                                                     ,https://kms.kaysis.gov.tr/Home/Goster/45332,
38521,15,,AMATÖR DENİZCİ BELGESİ SINAVINA İLİŞKİN TEBLİĞ,26935                                             ,2008-07-13T00:00:00,Tebliğ                                                                                                                                                                                                                                                                                                                                                                                                                                                                                                              ,https://kms.kaysis.gov.tr/Home/Goster/38521,
203186,15,,BAKIMDAN SORUMLU KURULUŞ (ECM) FAALİYETLERİNE DAİR TEBLİĞ,32620                                             ,2024-08-02T00:00:00,Tebliğ                                                                                                                                                                                                                                                                                                                                                                                                                                                                                                              ,https://kms.kaysis.gov.tr/Home/Goster/203186,
203387,15,,BAKIMDAN SORUMLU KURULUŞ (ECM) SERTİFİKASI DÜZENLENMESİNE DAİR TEBLİĞ,32642                                             ,2024-08-24T00:00:00,Tebliğ                                                                                                                                                                                                                                                                                                                                                                                                                                                                                                              ,https://kms.kaysis.gov.tr/Home/Goster/203387,
38211,15,,BİR KISIM MOTORLU KARAYOLU TAŞITLARININ PİYASADAN ÇEKİLMESİNE İLİŞKİN TEBLİĞ (TEBLİĞ NO: 49),26703                                             ,2007-11-17T00:00:00,Tebliğ                                                                                                                                                                                                                                                                                                                                                                                                                                                                                                              ,https://kms.kaysis.gov.tr/Home/Goster/38211,
38927,15,,BİR KISIM MOTORLU KARAYOLU TAŞITLARININ PİYASADAN ÇEKİLMESİNE İLİŞKİN TEBLİĞ (TEBLİĞ NO: 56),27174                                             ,2009-03-19T00:00:00,Tebliğ                                                                                                                                                                                                                                                                                                                                                                                                                                                                                                              ,https://kms.kaysis.gov.tr/Home/Goster/38927,
39923,15,,BİR KISIM MOTORLU KARAYOLU TAŞITLARININ PİYASADAN ÇEKİLMESİNE İLİŞKİN TEBLİĞ (TEBLİĞ NO: 62),27749                                             ,2010-11-04T00:00:00,Tebliğ                                                                                                                                                                                                                                                                                                                                                                                                                                                                                                              ,https://kms.kaysis.gov.tr/Home/Goster/39923,
41766,15,,BİR KISIM MOTORLU KARAYOLU TAŞITLARININ PİYASADAN ÇEKİLMESİNE İLİŞKİN TEBLİĞ (TEBLİĞ NO: 66),28470                                             ,2012-11-17T00:00:00,Tebliğ                                                                                                                                                                                                                                                                                                                                                                                                                                                                                                              ,https://kms.kaysis.gov.tr/Home/Goster/41766,
205224,15,,DEMİRYOLU EMNİYET YÖNETİM SİSTEMİNDE BÜYÜK DEĞİŞİKLİK KARAR KRİTERLERİNE İLİŞKİN TEBLİĞ,32807                                             ,2025-02-08T00:00:00,Tebliğ                                                                                                                                                                                                                                                                                                                                                                                                                                                                                                              ,https://kms.kaysis.gov.tr/Home/Goster/205224,
39309,15,,DENİZ ÇEVRESİNİN PETROL VE DİĞER ZARARLI MADDELERLE KİRLENMESİNDE ACİL DURUMLARDA MÜDAHALE GÖREVİ VERİLEBİLECEK ŞİRKET/KURUM/KURULUŞLARIN SEÇİMİNE VE YETKİ BELGESİ BULUNAN ŞİRKET/KURUM/KURULUŞLAR İLE KIYI TESİSLERİNİN ÇALIŞMA USULLERİNE İLİŞKİN TEBLİĞ (TEBLİĞ NO: 2009/4),27391                                             ,2009-10-30T00:00:00,Tebliğ                                                                                                                                                                                                                                                                                                                                                                                                                                                                                                              ,https://kms.kaysis.gov.tr/Home/Goster/39309,
203205,15,,GAZİRAY HATTINDA VE ARAYÜZLERİ UYUMLU OLAN DİĞER BANLİYÖ HATLARINDA KULLANILACAK BANLİYÖ TREN SETLERİNİN TİP ONAY VE TESCİL KRİTERLERİNE İLİŞKİN TEBLİĞ,32624                                             ,2024-08-06T00:00:00,Tebliğ                                                                                                                                                                                                                                                                                                                                                                                                                                                                                                              ,https://kms.kaysis.gov.tr/Home/Goster/203205,
42581,15,,GEÇİCİ VE YABANCI PLAKALI TAŞITLARDAN ALINACAK GEÇİŞ ÜCRETLERİNE İLİŞKİN TEBLİĞ (TEBLİĞ NO: 68),28731                                             ,2013-08-07T00:00:00,Tebliğ                                                                                                                                                                                                                                                                                                                                                                                                                                                                                                              ,https://kms.kaysis.gov.tr/Home/Goster/42581,
38062,15,,GEMİLERDE BULUNAN GMDSS (KÜRESEL DENİZ TEHLİKE VE GÜVENLİK SİSTEMİ) TEÇHİZATINA KIYIDA BAKIM HİZMETİ VERECEK FİRMALARIN UYMAKLA YÜKÜMLÜ OLDUKLARI HUSUSLARA İLİŞKİN TEBLİĞ,26558                                             ,2007-06-20T00:00:00,Tebliğ                                                                                                                                                                                                                                                                                                                                                                                                                                                                                                              ,https://kms.kaysis.gov.tr/Home/Goster/38062,
36616,15,,GEZI TEKNELERI YÖNETMELIĞININ 8 INCI MADDESINDE YER ALAN UYUMLAŞTIRILMIŞ ULUSAL STANDARTLARIN LISTESININ YAYIMLANMASINA İLIŞKIN TEBLIĞ (2005/2),25860                                             ,2005-06-29T00:00:00,Tebliğ                                                                                                                                                                                                                                                                                                                                                                                                                                                                                                              ,https://kms.kaysis.gov.tr/Home/Goster/36616,
137901,15,,GEZİ TEKNELERİ VE KİŞİSEL DENİZ TAŞITLARI YÖNETMELİĞİ KAPSAMINDA FAALİYET GÖSTERECEK ONAYLANMIŞ KURULUŞLARIN GÖREVLENDİRİLMELERİNDE VE DENETİMİNDE ESAS ALINACAK TEMEL KRİTERLERE DAİR TEBLİĞ,30265                                             ,2017-12-09T00:00:00,Tebliğ                                                                                                                                                                                                                                                                                                                                                                                                                                                                                                              ,https://kms.kaysis.gov.tr/Home/Goster/137901,
202284,15,,"GEZİ TEKNELERİ VE KİŞİSEL DENİZ TAŞITLARI YÖNETMELİĞİ KAPSAMINDA TEKİL İMALATÇI KODLARININ TAHSİSİ, KULLANIMI VE TESCİLİNE DAİR TEBLİĞ",32512                                             ,2024-04-06T00:00:00,Tebliğ                                                                                                                                                                                                                                                                                                                                                                                                                                                                                                              ,https://kms.kaysis.gov.tr/Home/Goster/202284,
203599,15,,GEZİ TEKNELERİ VE KİŞİSEL DENİZ TAŞITLARI YÖNETMELİĞİ STANDARTLAR LİSTESİNE İLİŞKİN TEBLİĞ,32661                                             ,2024-09-13T00:00:00,Tebliğ                                                                                                                                                                                                                                                                                                                                                                                                                                                                                                              ,https://kms.kaysis.gov.tr/Home/Goster/203599,
128431,15,,GEZİ TEKNELERİ VE KİŞİSEL DENİZ TAŞITLARI YÖNETMELİĞİNCE ATIFTA BULUNULAN UYUMLAŞTIRILMIŞ STANDARTLAR VEYA UYUMLAŞTIRILMIŞ STANDARDA KARŞILIK GELEN ULUSAL STANDARTLAR LİSTESİNİN YAYIMLANMASINA İLİŞKİN TEBLİĞ,30127                                             ,2017-07-18T00:00:00,Tebliğ                                                                                                                                                                                                                                                                                                                                                                                                                                                                                                              ,https://kms.kaysis.gov.tr/Home/Goster/128431,
38000,15,,GEZİ TEKNELERİ YÖNETMELİĞİNİN 14 ÜNCÜ MADDESİNDE YER ALAN KAYIT SİSTEMİNE İLİŞKİN USUL VE ESASLAR İLE YÜKÜMLÜLÜKLERE İLİŞKİN TEBLİĞ (TEBLİĞ NO: 2007/1),26513                                             ,2007-05-05T00:00:00,Tebliğ                                                                                                                                                                                                                                                                                                                                                                                                                                                                                                              ,https://kms.kaysis.gov.tr/Home/Goster/38000,
106388,15,,KAMUNET AĞINA BAĞLANMA VE KAMUNET AĞININ DENETİMİNE İLİŞKİN USUL VE ESASLAR HAKKINDA TEBLİĞ,30103                                             ,2017-06-21T00:00:00,Tebliğ                                                                                                                                                                                                                                                                                                                                                                                                                                                                                                              ,https://kms.kaysis.gov.tr/Home/Goster/106388,
184374,15,,KARAYOLU YOLCU TAŞIMACILIĞINDA KULLANILAN TERMİNALLERE İLİŞKİN TAVAN ÜCRET TARİFELERİ HAKKINDA TEBLİĞ,31706                                             ,2021-12-31T00:00:00,Tebliğ                                                                                                                                                                                                                                                                                                                                                                                                                                                                                                              ,https://kms.kaysis.gov.tr/Home/Goster/184374,
160959,15,,KARAYOLU YOLCU TAŞIMACILIĞINDA KULLANILAN TERMİNALLERE İLİŞKİN TAVAN ÜCRET TARİFELERİ HAKKINDA TEBLİĞ,31127                                             ,2020-05-14T00:00:00,Tebliğ                                                                                                                                                                                                                                                                                                                                                                                                                                                                                                              ,https://kms.kaysis.gov.tr/Home/Goster/160959,
41765,15,,KARAYOLU YOLCU TAŞIMACILIĞINDA KULLANILAN TERMİNALLERE İLİŞKİN TAVAN ÜCRET TARİFELERİ HAKKINDA TEBLİĞ (TEBLİĞ NO: 65),28470                                             ,2012-11-17T00:00:00,Tebliğ                                                                                                                                                                                                                                                                                                                                                                                                                                                                                                              ,https://kms.kaysis.gov.tr/Home/Goster/41765,
60734,15,,KARAYOLU YOLCU TAŞIMACILIĞINDA KULLANILAN TERMİNALLERE İLİŞKİN TAVAN ÜCRET TARİFELERİ HAKKINDA TEBLİĞ (TEBLİĞ NO: 70),29522                                             ,2015-11-04T00:00:00,Tebliğ                                                                                                                                                                                                                                                                                                                                                                                                                                                                                                              ,https://kms.kaysis.gov.tr/Home/Goster/60734,
180097,15,,KARAYOLUYLA YOLCU TAŞIMACILIĞI ALANINDA UYGULANACAK TAVAN ÜCRET TARİFESİ HAKKINDA TEBLİĞ,31541                                             ,2021-07-14T00:00:00,Tebliğ                                                                                                                                                                                                                                                                                                                                                                                                                                                                                                              ,https://kms.kaysis.gov.tr/Home/Goster/180097,
104739,15,,KIŞ LASTİĞİ KULLANMA ZORUNLULUĞU İLE İLGİLİ USUL VE ESASLAR HAKKINDA TEBLİĞ,30025                                             ,2017-04-01T00:00:00,Tebliğ                                                                                                                                                                                                                                                                                                                                                                                                                                                                                                              ,https://kms.kaysis.gov.tr/Home/Goster/104739,
38923,15,,KIYI TESİSİ YAPIM TALEPLERİNİN DEĞERLENDİRİLMESİNEDAİR TEBLİĞ (TEBLİĞ NO: 2009/2),27170                                             ,2009-03-15T00:00:00,Tebliğ                                                                                                                                                                                                                                                                                                                                                                                                                                                                                                              ,https://kms.kaysis.gov.tr/Home/Goster/38923,
168688,15,,KIYI TESİSLERİNDE GEMİLERE VERİLEN HİZMETLERE İLİŞKİN TEBLİĞ,31331                                             ,2020-12-11T00:00:00,Tebliğ                                                                                                                                                                                                                                                                                                                                                                                                                                                                                                              ,https://kms.kaysis.gov.tr/Home/Goster/168688,
38155,15,,OTOMATİK TANIMLAMA SİSTEMİ (AIS) KLAS-B CS CİHAZININ GEMİLERE DONATILMASINA VE ÖZELLİKLERİNE DAİR TEBLİĞ,26640                                             ,2007-09-11T00:00:00,Tebliğ                                                                                                                                                                                                                                                                                                                                                                                                                                                                                                              ,https://kms.kaysis.gov.tr/Home/Goster/38155,
156086,15,,SAC KALINLIK ÖLÇÜMÜ VE KAMERA İLE SU ALTI SÖRVEYİ YAPACAK FİRMALARIN YETKİLENDİRMELERİNE DAİR TEBLİĞ,30943                                             ,2019-11-09T00:00:00,Tebliğ                                                                                                                                                                                                                                                                                                                                                                                                                                                                                                              ,https://kms.kaysis.gov.tr/Home/Goster/156086,
42861,15,,"SİBER OLAYLARA MÜDAHALE EKİPLERİNİN KURULUŞ, GÖREV VE ÇALIŞMALARINA DAİR USUL VE ESASLAR HAKKINDA TEBLİĞ",28818                                             ,2013-11-11T00:00:00,Tebliğ                                                                                                                                                                                                                                                                                                                                                                                                                                                                                                              ,https://kms.kaysis.gov.tr/Home/Goster/42861,
190819,15,,TEHLİKELİ MADDE GÜVENLİK DANIŞMANLIĞI HAKKINDA TEBLİĞ (TEBLİĞ NO: TMKTDGM-01)'İN YÜRÜRLÜKTEN KALDIRILMASINA DAİR TEBLİĞ,31913                                             ,2022-08-04T00:00:00,Tebliğ                                                                                                                                                                                                                                                                                                                                                                                                                                                                                                              ,https://kms.kaysis.gov.tr/Home/Goster/190819,
57911,15,,"ULAŞTIRMA, DENİZCİLİK VE HABERLEŞME BAKANLIĞI KAZA ARAŞTIRMA VE İNCELEME KURULU TARAFINDAN BİLİRKİŞİ GÖREVLENDİRİLMESİNE İLİŞKİN USUL VE ESASLAR HAKKINDA TEBLİĞ",29432                                             ,2015-08-01T00:00:00,Tebliğ                                                                                                                                                                                                                                                                                                                                                                                                                                                                                                              ,https://kms.kaysis.gov.tr/Home/Goster/57911,
167650,15,,ULUSAL ARAMA VE KURTARMA PLÂNINA İLİŞKİN TEBLİĞ (TEBLİĞ NO: 2002/4)'İN YÜRÜRLÜKTEN KALDIRILMASINA DAİR TEBLİĞ,31276                                             ,2020-10-17T00:00:00,Tebliğ                                                                                                                                                                                                                                                                                                                                                                                                                                                                                                              ,https://kms.kaysis.gov.tr/Home/Goster/167650,
206754,15,,ULUSAL TAŞIMACILIK FAALİYETLERİNDE KULLANILACAK ELEKTRİKLİ LOKOMOTİFLERİN TİP ONAY VE TESCİL KRİTERLERİNE İLİŞKİN TEBLİĞ,32865                                             ,2025-04-09T00:00:00,Tebliğ                                                                                                                                                                                                                                                                                                                                                                                                                                                                                                              ,https://kms.kaysis.gov.tr/Home/Goster/206754,
200272,15,,YURT DIŞINDA BULUNAN VEYA YABANCI BAYRAK ÇEKEN TEKNELERİN TÜRK BAYRAĞINA GEÇİŞİNE İLİŞKİN TEBLİĞ (TEBLİĞ NO: 2017/3)'İN YÜRÜRLÜKTEN KALDIRILMASINA DAİR TEBLİĞ,31417                                             ,2024-01-02T00:00:00,Tebliğ                                                                                                                                                                                                                                                                                                                                                                                                                                                                                                              ,https://kms.kaysis.gov.tr/Home/Goster/200272,
45375,19,1998,1992 PETROL KİRLİLİĞİNDEN DOĞAN ZARARIN HUKUKİ SORUMLULUĞU İLE İLGİLİ ULUSLARARASI SÖZLEŞME (CLC 92)SERTİFİKASININ DÜZENLENMESİNE VE DENETİMİNE YÖNELİK USUL VE ESASLARIN BELİRLENMESİNE İLİŞKİN YÖNERGE,                                                  ,0001-01-01T00:00:00,Yönerge                                                                                                                                                                                                                                                                                                                                                                                                                                                                                                             ,https://kms.kaysis.gov.tr/Home/Goster/45375,
45382,19,1997,2001 GEMİ YAKITLARINDAN KAYNAKLANAN PETROL KİRLİLİĞİ ZARARININ HUKUKİ SORUMLULUĞU HAKKINDA ULUSLARARASI SÖZLEŞME (BUNKER 2001) SERTİFİKASININ DÜZENLENMESİNE VE DENETİMİNE YÖNELİK USUL VE ESASLARIN BELİRLENMESİNE İLİŞKİN YÖNERGE,                                                  ,0001-01-01T00:00:00,Yönerge                                                                                                                                                                                                                                                                                                                                                                                                                                                                                                             ,https://kms.kaysis.gov.tr/Home/Goster/45382,
129104,19,45168,BAYRAK DEVLETİ UYGULAMALARI KAPSAMINDAKİ İDARİ İŞLEMLERDE MUTEBER KABUL EDİLEN P&I KULÜPLERİ VE SİGORTA ŞİRKETLERİNE DAİR YÖNERGE,                                                  ,0001-01-01T00:00:00,Yönerge                                                                                                                                                                                                                                                                                                                                                                                                                                                                                                             ,https://kms.kaysis.gov.tr/Home/Goster/129104,
106300,19,71095,DEMİRYOLU TAŞIMALARINDA TEHLİKELİ MADDE FAALİYET BELGESİ DÜZENLENMESİNE İLİŞKİN USUL VE ESASLAR HAKKINDA YÖNERGE,                                                  ,0001-01-01T00:00:00,Yönerge                                                                                                                                                                                                                                                                                                                                                                                                                                                                                                             ,https://kms.kaysis.gov.tr/Home/Goster/106300,
141398,19,45150,DENİZ TİCARETİ GÖZETİM HİZMETLERİ YÖNETMELİĞİ UYGULAMA YÖNERGESİ,                                                  ,0001-01-01T00:00:00,Yönerge                                                                                                                                                                                                                                                                                                                                                                                                                                                                                                             ,https://kms.kaysis.gov.tr/Home/Goster/141398,
106269,19,26544,DENİZYOLUYLA TAŞINACAK DOLU KONTEYNERLERİN BRÜT AĞIRLIKLARININ TESPİTİ VE BİLDİRİMİ HAKKINDA YÖNERGE,                                                  ,0001-01-01T00:00:00,Yönerge                                                                                                                                                                                                                                                                                                                                                                                                                                                                                                             ,https://kms.kaysis.gov.tr/Home/Goster/106269,
45531,19,9999,GEÇİŞ BELGELERİ DAĞITIM ESASLARI YÖNERGESİ,                                                  ,0001-01-01T00:00:00,Yönerge                                                                                                                                                                                                                                                                                                                                                                                                                                                                                                             ,https://kms.kaysis.gov.tr/Home/Goster/45531,
128919,19,7978,GEÇİŞ BELGELERİ DAĞITIM ESASLARI YÖNERGESİ (OCAK 2018/REVİZE),                                                  ,0001-01-01T00:00:00,Yönerge                                                                                                                                                                                                                                                                                                                                                                                                                                                                                                             ,https://kms.kaysis.gov.tr/Home/Goster/128919,
139993,19,14307,GEMİ ACENTELERİ EĞİTİM YÖNERGESİ,                                                  ,0001-01-01T00:00:00,Yönerge                                                                                                                                                                                                                                                                                                                                                                                                                                                                                                             ,https://kms.kaysis.gov.tr/Home/Goster/139993,
53377,19,16848,GEMİ TRAFİK HİZMETLERİ SİSTEMLERİNİN DENETLENMESİNE İLİŞKİN YÖNERGE,                                                  ,0001-01-01T00:00:00,Yönerge                                                                                                                                                                                                                                                                                                                                                                                                                                                                                                             ,https://kms.kaysis.gov.tr/Home/Goster/53377,
143834,19,12159,GEMİADAMLARI VE KLAVUZ KAPTANLAR EĞİTİM VE SINAV YÖNERGESİ,                                                  ,0001-01-01T00:00:00,Yönerge                                                                                                                                                                                                                                                                                                                                                                                                                                                                                                             ,https://kms.kaysis.gov.tr/Home/Goster/143834,
132312,19,50794,GEMİLERİN GEMİ ADAMLARI İLE DONATILMASINA İLİŞKİN YÖNERGEDE DEĞİŞİKLİK YAPILMASINA DAİR YÖNERGE,                                                  ,0001-01-01T00:00:00,Yönerge                                                                                                                                                                                                                                                                                                                                                                                                                                                                                                             ,https://kms.kaysis.gov.tr/Home/Goster/132312,
45302,19,71258285-010-04/1944,"HABERLEŞME GENEL MÜDÜRLÜĞÜNÜN TEŞKİLAT, GÖREV VE SORUMLULUKLARININ BELİRLENMESİNE İLİŞKİN YÖNERGE",                                                  ,0001-01-01T00:00:00,Yönerge                                                                                                                                                                                                                                                                                                                                                                                                                                                                                                             ,https://kms.kaysis.gov.tr/Home/Goster/45302,
164745,19,39291,HAVAYOLUYLA TEHLİKELİ MADDE TAŞIMA YETKİ BELGESİ HAKKINDA YÖNERGE,                                                  ,0001-01-01T00:00:00,Yönerge                                                                                                                                                                                                                                                                                                                                                                                                                                                                                                             ,https://kms.kaysis.gov.tr/Home/Goster/164745,
23169,19,6876,KARAYOLU DÜZENLEME GENEL MÜDÜRLÜĞÜ EMRİYLE UBAK İZİN BELGELERİ DAĞITIM ESASLARI YÖNERGESİ,,0001-01-01T00:00:00,Yönerge                                                                                                                                                                                                                                                                                                                                                                                                                                                                                                             ,https://kms.kaysis.gov.tr/Home/Goster/23169,
23424,19,50645,KARAYOLUYLA TEHLİKELİ MADDE TAŞIYAN ARAÇ ŞOFÖRLERİNE YÖNELİK MESLEKİ YETERLİLİK EĞİTİMİ YÖNERGESİ,,0001-01-01T00:00:00,Yönerge                                                                                                                                                                                                                                                                                                                                                                                                                                                                                                             ,https://kms.kaysis.gov.tr/Home/Goster/23424,
106290,19,30296,KIYI TESİSİ TEHLİKELİ MADDE UYGUNLUK BELGESİ DÜZENLENMESİ HAKKINDA YÖNERGE,                                                  ,0001-01-01T00:00:00,Yönerge                                                                                                                                                                                                                                                                                                                                                                                                                                                                                                             ,https://kms.kaysis.gov.tr/Home/Goster/106290,
106258,19,1444,RADYOAKTİF MADDE İÇEREN PAKETLERİN HAVAALANLARINDA GEÇİCİ DEPOLANMASINA DAİR YÖNERGE,                                                  ,0001-01-01T00:00:00,Yönerge                                                                                                                                                                                                                                                                                                                                                                                                                                                                                                             ,https://kms.kaysis.gov.tr/Home/Goster/106258,
53378,19,7381,SERVİS DIŞI BEKLEME İŞLEMLERİNDE TAKİP EDİLECEK USUL VE ESASLARA İLİŞKİN YÖNERGE,                                                  ,0001-01-01T00:00:00,Yönerge                                                                                                                                                                                                                                                                                                                                                                                                                                                                                                             ,https://kms.kaysis.gov.tr/Home/Goster/53378,
46146,19,63089,TEHLİKELİ MADDE FAALİYET BELGESİ DÜZENLENMESİNE İLİŞKİN USUL VE ESASLAR HAKKINDA YÖNERGE,                                                  ,0001-01-01T00:00:00,Yönerge                                                                                                                                                                                                                                                                                                                                                                                                                                                                                                             ,https://kms.kaysis.gov.tr/Home/Goster/46146,
132247,19,58352,TEHLİKELİ MADDE GÜVENLİK DANIŞMANLIĞI KURULUŞLARININ YETKİLENDİRİLMESİ HAKKINDA YÖNERGE,                                                  ,0001-01-01T00:00:00,Yönerge                                                                                                                                                                                                                                                                                                                                                                                                                                                                                                             ,https://kms.kaysis.gov.tr/Home/Goster/132247,
106287,19,98853,TEHLİKELİ MADDE TAŞIYAN ESKİ ARAÇ VE ÜST YAPILARIN MUAYENE VE BELGELENDİRİLMELERİ HAKKINDA YÖNERGE,                                                  ,0001-01-01T00:00:00,Yönerge                                                                                                                                                                                                                                                                                                                                                                                                                                                                                                             ,https://kms.kaysis.gov.tr/Home/Goster/106287,
106266,19,71905,TEHLİKELİ MADDELERİN DEMİRYOLUYLA TAŞINMASI HAKKINDA EĞİTİM YÖNERGESİ,                                                  ,0001-01-01T00:00:00,Yönerge                                                                                                                                                                                                                                                                                                                                                                                                                                                                                                             ,https://kms.kaysis.gov.tr/Home/Goster/106266,
106259,19,71089,TEHLİKELİ MADDELERİN HAVAYOLUYLA TAŞINMASI HAKKINDA EĞİTİM YÖNERGESİ,                                                  ,0001-01-01T00:00:00,Yönerge                                                                                                                                                                                                                                                                                                                                                                                                                                                                                                             ,https://kms.kaysis.gov.tr/Home/Goster/106259,
106267,19,49238,"TEHLİKELİ MAL KOMBİNE TAŞIMACILIK DÜZENLEME GENEL MÜDÜRLÜĞÜ TEŞKİLAT, GÖREV, YETKİ VE SORUMLULUK YÖNERGESİ",                                                  ,0001-01-01T00:00:00,Yönerge                                                                                                                                                                                                                                                                                                                                                                                                                                                                                                             ,https://kms.kaysis.gov.tr/Home/Goster/106267,
106276,19,36327,TEHLİKELİ YÜKLERLE İLGİLİ GÖZETİM HİZMETİ FAALİYETİNDE BULUNACAK GÖZETİM ŞİRKETLERİNİN YETKİLENDİRİLMESİ HAKKINDA YÖNERGE,                                                  ,0001-01-01T00:00:00,Yönerge                                                                                                                                                                                                                                                                                                                                                                                                                                                                                                             ,https://kms.kaysis.gov.tr/Home/Goster/106276,
45533,19,7978,UBAK İZİN BELGESİ DAĞITIM ESASLARI YÖNERGESİ,                                                  ,0001-01-01T00:00:00,Yönerge                                                                                                                                                                                                                                                                                                                                                                                                                                                                                                             ,https://kms.kaysis.gov.tr/Home/Goster/45533,
45396,19,22851706-706/608,"ULAŞTIRMA, DENİZCİLİK VE HABERLEŞME BAKANLIĞI BİLGİ GÜVENLİĞİ POLİTİKALARI YÖNERGESİ",                                                  ,0001-01-01T00:00:00,Yönerge                                                                                                                                                                                                                                                                                                                                                                                                                                                                                                             ,https://kms.kaysis.gov.tr/Home/Goster/45396,
45265,19,31740,"ULAŞTIRMA, DENİZCİLİK VE HABERLEŞME BAKANLIĞI GÜVENLİK SORUŞTURMASI VE ARŞİV ARAŞTIRMASI YÖNERGESİ",                                                  ,0001-01-01T00:00:00,Yönerge                                                                                                                                                                                                                                                                                                                                                                                                                                                                                                             ,https://kms.kaysis.gov.tr/Home/Goster/45265,
54125,19,11,"ULAŞTIRMA, DENİZCİLİK VE HABERLEŞME BAKANLIĞI HAVACILIK VE UZAY TEKNOLOJİLERİ GENEL MÜDÜRLÜĞÜ TEŞKİLAT, GÖREV YETKİ VE SORUMLULUK YÖNERGESİ",                                                  ,0001-01-01T00:00:00,Yönerge                                                                                                                                                                                                                                                                                                                                                                                                                                                                                                             ,https://kms.kaysis.gov.tr/Home/Goster/54125,
45403,19,31555,"ULAŞTIRMA, DENİZCİLİK VE HABERLEŞME BAKANLIĞI İZİN YÖNERGESİ",                                                  ,0001-01-01T00:00:00,Yönerge                                                                                                                                                                                                                                                                                                                                                                                                                                                                                                             ,https://kms.kaysis.gov.tr/Home/Goster/45403,
22979,19,39197,YOLA ELVERİŞLİLİK MUAYENESİ VE MUAYENE SONUCU BELİRLENEN EKSİKLİKLERE İLİŞKİN KUSUR GRUPLARI YÖNERGESİ,,0001-01-01T00:00:00,Yönerge                                                                                                                                                                                                                                                                                                                                                                                                                                                                                                             ,https://kms.kaysis.gov.tr/Home/Goster/22979,
46319,14,4282,"""İLK SÖRVEY"" TERİMİNİN UYGULANMASI KONULU UYGULAMA TALİMATI 2013/39",                                                  ,0001-01-01T00:00:00,Talimat / Talimatname / İç Emir                                                                                                                                                                                                                                                                                                                                                                                                                                                                                     ,https://kms.kaysis.gov.tr/Home/Goster/46319,
46321,14,8477,"""PERİYODİK SÜRVEY"" TERİMİNİN ANLAMI HAKKINDA UYGULAMA TALİMATI 2013/189",                                                  ,0001-01-01T00:00:00,Talimat / Talimatname / İç Emir                                                                                                                                                                                                                                                                                                                                                                                                                                                                                     ,https://kms.kaysis.gov.tr/Home/Goster/46321,
46323,14,7958,BAYRAK DEVLETİ DENETİMİ UZMANLARI ETİK KURALLARI KONULU UYGULAMA TALİMATI 2013/102,                                                  ,0001-01-01T00:00:00,Talimat / Talimatname / İç Emir                                                                                                                                                                                                                                                                                                                                                                                                                                                                                     ,https://kms.kaysis.gov.tr/Home/Goster/46323,
46325,14,4263,BAYRAK DEVLETİ İSTEĞİ ÜZERİNE GEMİYİ ALIKOYMA KONULU UYGULAMA TALİMATI 2013/20,                                                  ,0001-01-01T00:00:00,Talimat / Talimatname / İç Emir                                                                                                                                                                                                                                                                                                                                                                                                                                                                                     ,https://kms.kaysis.gov.tr/Home/Goster/46325,
46327,14,4274,BELGE ASILLARININ GEMİDE BULUNMAMASI KONULU UYGULAMA TALİMATI 2013/31,                                                  ,0001-01-01T00:00:00,Talimat / Talimatname / İç Emir                                                                                                                                                                                                                                                                                                                                                                                                                                                                                     ,https://kms.kaysis.gov.tr/Home/Goster/46327,
46330,14,4271,CAN FİLİKALARDA OLUŞAN KAZALAR KONULU UYGULAMA TALİMATI 2013/28,                                                  ,0001-01-01T00:00:00,Talimat / Talimatname / İç Emir                                                                                                                                                                                                                                                                                                                                                                                                                                                                                     ,https://kms.kaysis.gov.tr/Home/Goster/46330,
46335,14,7679,CAN KURTARMA FİLİKA TALİMLERİ KONULU UYGULAMA TALİMATI 2013/85,                                                  ,0001-01-01T00:00:00,Talimat / Talimatname / İç Emir                                                                                                                                                                                                                                                                                                                                                                                                                                                                                     ,https://kms.kaysis.gov.tr/Home/Goster/46335,
46134,14,11452,ÇANAKKALE VE GELİBOLU LİMAN BAŞKANLIKLARI YEREL DENİZ TRAFİĞİ REHBERİ,                                                  ,0001-01-01T00:00:00,Talimat / Talimatname / İç Emir                                                                                                                                                                                                                                                                                                                                                                                                                                                                                     ,https://kms.kaysis.gov.tr/Home/Goster/46134,
141328,14,80450,ÇIPLAK GEMİ KİRA SÖZLEŞMESİ (BAREBOAT CHARTER CONTRACT) KAPSAMINDA GEÇİCİ OLARAK TÜRK BAYRAĞINDAN ÇIKAN VEYA TÜRK BAYRAĞI ÇEKEN GEMİLERE İLİŞKİN UYGULAMA TALİMATI,                                                  ,0001-01-01T00:00:00,Talimat / Talimatname / İç Emir                                                                                                                                                                                                                                                                                                                                                                                                                                                                                     ,https://kms.kaysis.gov.tr/Home/Goster/141328,
54940,14,38075,DENİZ TİCARETİ GENEL MÜDÜRLÜĞÜNÜN ÖTVSİ İNDİRİLMİŞ YAKIT 2011 YILI UYGULAMASI,                                                  ,0001-01-01T00:00:00,Talimat / Talimatname / İç Emir                                                                                                                                                                                                                                                                                                                                                                                                                                                                                     ,https://kms.kaysis.gov.tr/Home/Goster/54940,
54926,14,1960,DENİZ TİCARETİ GENEL MÜDÜRLÜĞÜNÜN ÖTVSİZ YAKIT UYGULAMA TALİMATI,                                                  ,0001-01-01T00:00:00,Talimat / Talimatname / İç Emir                                                                                                                                                                                                                                                                                                                                                                                                                                                                                     ,https://kms.kaysis.gov.tr/Home/Goster/54926,
45441,14,2013/10,DENİZ VE İÇSULAR DÜZENLEME GENEL MÜDÜRLÜĞÜ'NÜN 2013/10 SAYILI VE COSPAS-SARSAT EPIRB CİHAZLARI İLE İLGİLİ HİZMET VE DÜZENLEMELER KONULU UYGULAMA TALİMATI,                                                  ,0001-01-01T00:00:00,Talimat / Talimatname / İç Emir                                                                                                                                                                                                                                                                                                                                                                                                                                                                                     ,https://kms.kaysis.gov.tr/Home/Goster/45441,
45443,14,2013/11,DENİZ VE İÇSULAR DÜZENLEME GENEL MÜDÜRLÜĞÜ'NÜN 2013/11 SAYILI VE ARAMA VE KURTARMA HİZMETLERİNDE GECİKMELERİN ÖNLENMESİ KONULU UYGULAMA TALİMATI,                                                  ,0001-01-01T00:00:00,Talimat / Talimatname / İç Emir                                                                                                                                                                                                                                                                                                                                                                                                                                                                                     ,https://kms.kaysis.gov.tr/Home/Goster/45443,
45988,14,8363,DENİZ VE İÇSULAR DÜZENLEME GENEL MÜDÜRLÜĞÜ'NÜN 2013/112 SAYILI UYGULAMA TALİMATI,                                                  ,0001-01-01T00:00:00,Talimat / Talimatname / İç Emir                                                                                                                                                                                                                                                                                                                                                                                                                                                                                     ,https://kms.kaysis.gov.tr/Home/Goster/45988,
46019,14,8365,DENİZ VE İÇSULAR DÜZENLEME GENEL MÜDÜRLÜĞÜ'NÜN 2013/113 SAYILI UYGULAMA TALİMATI,                                                  ,0001-01-01T00:00:00,Talimat / Talimatname / İç Emir                                                                                                                                                                                                                                                                                                                                                                                                                                                                                     ,https://kms.kaysis.gov.tr/Home/Goster/46019,
45997,14,8367,DENİZ VE İÇSULAR DÜZENLEME GENEL MÜDÜRLÜĞÜ'NÜN 2013/114 SAYILI UYGULAMA TALİMATI,                                                  ,0001-01-01T00:00:00,Talimat / Talimatname / İç Emir                                                                                                                                                                                                                                                                                                                                                                                                                                                                                     ,https://kms.kaysis.gov.tr/Home/Goster/45997,
46554,14,19463099-599- 8076,DENİZ VE İÇSULAR DÜZENLEME GENEL MÜDÜRLÜĞÜNÜN 2013/134 SAYILI UYGULAMA TALİMATI,                                                  ,0001-01-01T00:00:00,Talimat / Talimatname / İç Emir                                                                                                                                                                                                                                                                                                                                                                                                                                                                                     ,https://kms.kaysis.gov.tr/Home/Goster/46554,
46555,14,19463099-599-8075,DENİZ VE İÇSULAR DÜZENLEME GENEL MÜDÜRLÜĞÜNÜN 2013/135 SAYILI UYGULAMA TALİMATI,                                                  ,0001-01-01T00:00:00,Talimat / Talimatname / İç Emir                                                                                                                                                                                                                                                                                                                                                                                                                                                                                     ,https://kms.kaysis.gov.tr/Home/Goster/46555,
46560,14,19463099-599-8074,DENİZ VE İÇSULAR DÜZENLEME GENEL MÜDÜRLÜĞÜNÜN 2013/137 SAYILI UYGULAMA TALİMATI,                                                  ,0001-01-01T00:00:00,Talimat / Talimatname / İç Emir                                                                                                                                                                                                                                                                                                                                                                                                                                                                                     ,https://kms.kaysis.gov.tr/Home/Goster/46560,
46549,14,19463099-599-8077,DENİZ VE İÇSULAR DÜZENLEME GENEL MÜDÜRLÜĞÜNÜN 2013/145 SAYILI UYGULAMA TALİMATI,                                                  ,0001-01-01T00:00:00,Talimat / Talimatname / İç Emir                                                                                                                                                                                                                                                                                                                                                                                                                                                                                     ,https://kms.kaysis.gov.tr/Home/Goster/46549,
46006,14,8391,DENİZ VE İÇSULAR DÜZENLEME GENEL MÜDÜRLÜĞÜ'NÜN 2013/147 SAYILI UYGULAMA TALİMATI,                                                  ,0001-01-01T00:00:00,Talimat / Talimatname / İç Emir                                                                                                                                                                                                                                                                                                                                                                                                                                                                                     ,https://kms.kaysis.gov.tr/Home/Goster/46006,
46003,14,8392,DENİZ VE İÇSULAR DÜZENLEME GENEL MÜDÜRLÜĞÜ'NÜN 2013/148 SAYILI UYGULAMA TALİMATI,                                                  ,0001-01-01T00:00:00,Talimat / Talimatname / İç Emir                                                                                                                                                                                                                                                                                                                                                                                                                                                                                     ,https://kms.kaysis.gov.tr/Home/Goster/46003,
45448,14,2013/16,DENİZ VE İÇSULAR DÜZENLEME GENEL MÜDÜRLÜĞÜ'NÜN 2013/16 SAYILI UYGULAMA TALİMATI,                                                  ,0001-01-01T00:00:00,Talimat / Talimatname / İç Emir                                                                                                                                                                                                                                                                                                                                                                                                                                                                                     ,https://kms.kaysis.gov.tr/Home/Goster/45448,
45449,14,2013/17,DENİZ VE İÇSULAR DÜZENLEME GENEL MÜDÜRLÜĞÜ'NÜN 2013/17 SAYILI VE GMDSS MASTER PLAN VE GLOBAL SAR PLAN GÜNCELLEMELERİ UYGULAMA TALİMATI,                                                  ,0001-01-01T00:00:00,Talimat / Talimatname / İç Emir                                                                                                                                                                                                                                                                                                                                                                                                                                                                                     ,https://kms.kaysis.gov.tr/Home/Goster/45449,
46021,14,8445,DENİZ VE İÇSULAR DÜZENLEME GENEL MÜDÜRLÜĞÜ'NÜN 2013/170 SAYILI UYGULAMA TALİMATI,                                                  ,0001-01-01T00:00:00,Talimat / Talimatname / İç Emir                                                                                                                                                                                                                                                                                                                                                                                                                                                                                     ,https://kms.kaysis.gov.tr/Home/Goster/46021,
46017,14,8530,DENİZ VE İÇSULAR DÜZENLEME GENEL MÜDÜRLÜĞÜ'NÜN 2013/178 SAYILI UYGULAMA TALİMATI,                                                  ,0001-01-01T00:00:00,Talimat / Talimatname / İç Emir                                                                                                                                                                                                                                                                                                                                                                                                                                                                                     ,https://kms.kaysis.gov.tr/Home/Goster/46017,
46026,14,8532,DENİZ VE İÇSULAR DÜZENLEME GENEL MÜDÜRLÜĞÜ'NÜN 2013/179 SAYILI UYGULAMA TALİMATI,                                                  ,0001-01-01T00:00:00,Talimat / Talimatname / İç Emir                                                                                                                                                                                                                                                                                                                                                                                                                                                                                     ,https://kms.kaysis.gov.tr/Home/Goster/46026,
45472,14,3548,DENİZ VE İÇSULAR DÜZENLEME GENEL MÜDÜRLÜĞÜ'NÜN 2013/210 SAYILI EK TALİMATI,                                                  ,0001-01-01T00:00:00,Talimat / Talimatname / İç Emir                                                                                                                                                                                                                                                                                                                                                                                                                                                                                     ,https://kms.kaysis.gov.tr/Home/Goster/45472,
46139,14,2013/210,DENİZ VE İÇSULAR DÜZENLEME GENEL MÜDÜRLÜĞÜ'NÜN 2013/210 SAYILI UYGULAMA TALİMATI,                                                  ,0001-01-01T00:00:00,Talimat / Talimatname / İç Emir                                                                                                                                                                                                                                                                                                                                                                                                                                                                                     ,https://kms.kaysis.gov.tr/Home/Goster/46139,
45469,14,36712415-160.99 - 8623,"DENİZ VE İÇSULAR DÜZENLEME GENEL MÜDÜRLÜĞÜ'NÜN 2013/210 SAYILI VE DENİZDE YAKIT, YAĞ VE SU İKMAL OPERASYONLARI KONULU UYGULAMA TALİMATI",                                                  ,0001-01-01T00:00:00,Talimat / Talimatname / İç Emir                                                                                                                                                                                                                                                                                                                                                                                                                                                                                     ,https://kms.kaysis.gov.tr/Home/Goster/45469,
46140,14,36712415-143.01- 8766,DENİZ VE İÇSULAR DÜZENLEME GENEL MÜDÜRLÜĞÜ'NÜN 2013/231 SAYILI UYGULAMA TALİMATI,                                                  ,0001-01-01T00:00:00,Talimat / Talimatname / İç Emir                                                                                                                                                                                                                                                                                                                                                                                                                                                                                     ,https://kms.kaysis.gov.tr/Home/Goster/46140,
45474,14,36712415-143.01- 8766,DENİZ VE İÇSULAR DÜZENLEME GENEL MÜDÜRLÜĞÜ'NÜN 2013/231 SAYILI VE GEMİDE YAĞLI ATIK KİRLİLİĞİNİ ÖNLEME PLANI HK. KONULU UYGULAMA TALİMATI,                                                  ,0001-01-01T00:00:00,Talimat / Talimatname / İç Emir                                                                                                                                                                                                                                                                                                                                                                                                                                                                                     ,https://kms.kaysis.gov.tr/Home/Goster/45474,
45478,14,36712415-143.01- 8765,DENİZ VE İÇSULAR DÜZENLEME GENEL MÜDÜRLÜĞÜ'NÜN 2013/232 SAYILI VE YAĞ KAYIT DEFTERİNE OPERASYONLARIN KAYIT EDİLMESİ KONULU UYGULAMA TALİMATI,                                                  ,0001-01-01T00:00:00,Talimat / Talimatname / İç Emir                                                                                                                                                                                                                                                                                                                                                                                                                                                                                     ,https://kms.kaysis.gov.tr/Home/Goster/45478,
46143,14,2013/232,DENİZ VE İÇSULAR DÜZENLEME GENEL MÜDÜRLÜĞÜ'NÜN 2013/232 UYGULAMA TALİMA,                                                  ,0001-01-01T00:00:00,Talimat / Talimatname / İç Emir                                                                                                                                                                                                                                                                                                                                                                                                                                                                                     ,https://kms.kaysis.gov.tr/Home/Goster/46143,
46016,14,9525,DENİZ VE İÇSULAR DÜZENLEME GENEL MÜDÜRLÜĞÜ'NÜN 2013/244 SAYILI UYGULAMA TALİMATI,                                                  ,0001-01-01T00:00:00,Talimat / Talimatname / İç Emir                                                                                                                                                                                                                                                                                                                                                                                                                                                                                     ,https://kms.kaysis.gov.tr/Home/Goster/46016,
46001,14,9544,DENİZ VE İÇSULAR DÜZENLEME GENEL MÜDÜRLÜĞÜ'NÜN 2013/245 SAYILI UYGULAMA TALİMATI,                                                  ,0001-01-01T00:00:00,Talimat / Talimatname / İç Emir                                                                                                                                                                                                                                                                                                                                                                                                                                                                                     ,https://kms.kaysis.gov.tr/Home/Goster/46001,
46010,14,9637,DENİZ VE İÇSULAR DÜZENLEME GENEL MÜDÜRLÜĞÜ'NÜN 2013/246 SAYILI UYGULAMA TALİMATI,                                                  ,0001-01-01T00:00:00,Talimat / Talimatname / İç Emir                                                                                                                                                                                                                                                                                                                                                                                                                                                                                     ,https://kms.kaysis.gov.tr/Home/Goster/46010,
46008,14,10071,DENİZ VE İÇSULAR DÜZENLEME GENEL MÜDÜRLÜĞÜ'NÜN 2013/247 SAYILI UYGULAMA TALİMATI,                                                  ,0001-01-01T00:00:00,Talimat / Talimatname / İç Emir                                                                                                                                                                                                                                                                                                                                                                                                                                                                                     ,https://kms.kaysis.gov.tr/Home/Goster/46008,
46024,14,10072,DENİZ VE İÇSULAR DÜZENLEME GENEL MÜDÜRLÜĞÜ'NÜN 2013/248 SAYILI UYGULAMA TALİMATI,                                                  ,0001-01-01T00:00:00,Talimat / Talimatname / İç Emir                                                                                                                                                                                                                                                                                                                                                                                                                                                                                     ,https://kms.kaysis.gov.tr/Home/Goster/46024,
46551,14,19463099-135.04-5163,DENİZ VE İÇSULAR DÜZENLEME GENEL MÜDÜRLÜĞÜNÜN 2013/52 SAYILI UYGULAMA TALİMATI,                                                  ,0001-01-01T00:00:00,Talimat / Talimatname / İç Emir                                                                                                                                                                                                                                                                                                                                                                                                                                                                                     ,https://kms.kaysis.gov.tr/Home/Goster/46551,
46568,14,19463099-599- 5228,DENİZ VE İÇSULAR DÜZENLEME GENEL MÜDÜRLÜĞÜNÜN 2013/56 SAYILI UYGULAMA TALİMATI,                                                  ,0001-01-01T00:00:00,Talimat / Talimatname / İç Emir                                                                                                                                                                                                                                                                                                                                                                                                                                                                                     ,https://kms.kaysis.gov.tr/Home/Goster/46568,
46544,14,19463099-135.05- 5227,DENİZ VE İÇSULAR DÜZENLEME GENEL MÜDÜRLÜĞÜNÜN 2013/57 SAYILI UYGULAMA TALİMATI,                                                  ,0001-01-01T00:00:00,Talimat / Talimatname / İç Emir                                                                                                                                                                                                                                                                                                                                                                                                                                                                                     ,https://kms.kaysis.gov.tr/Home/Goster/46544,
46137,14,36712415-143.01-,DENİZ VE İÇSULAR DÜZENLEME GENEL MÜDÜRLÜĞÜ'NÜN 2013/59 SAYILI V UYGULAMA TALİMATI,                                                  ,0001-01-01T00:00:00,Talimat / Talimatname / İç Emir                                                                                                                                                                                                                                                                                                                                                                                                                                                                                     ,https://kms.kaysis.gov.tr/Home/Goster/46137,
45483,14,36712415-143.01-,DENİZ VE İÇSULAR DÜZENLEME GENEL MÜDÜRLÜĞÜ'NÜN 2013/59 SAYILI VE GEMİLERDE BOZULMUŞ YÜKLERİN YÖNETİMİ KONULU UYGULAMA TALİMATI,                                                  ,0001-01-01T00:00:00,Talimat / Talimatname / İç Emir                                                                                                                                                                                                                                                                                                                                                                                                                                                                                     ,https://kms.kaysis.gov.tr/Home/Goster/45483,
45497,14,10311482-156-6702,"DENİZ VE İÇSULAR DÜZENLEME GENEL MÜDÜRLÜĞÜ'NÜN 2013/60 SAYILI VE SİNTİNE SUYU ARITMA SİSTEMLERİNİN BAKIMI, İŞLETİLMESİ VE ONARIMI KONULU UYGULAMA TALİMATI",                                                  ,0001-01-01T00:00:00,Talimat / Talimatname / İç Emir                                                                                                                                                                                                                                                                                                                                                                                                                                                                                     ,https://kms.kaysis.gov.tr/Home/Goster/45497,
45462,14,10311482-156-6702,DENİZ VE İÇSULAR DÜZENLEME GENEL MÜDÜRLÜĞÜ'NÜN 2013/61 SAYILI VE AKILLI TELEFONLAR VE DİĞER BİLGİSAYAR CİHAZLARI ARAMA KURTARMA UYGULAMALARI KONULU UYGULAMA TALİMAI,                                                  ,0001-01-01T00:00:00,Talimat / Talimatname / İç Emir                                                                                                                                                                                                                                                                                                                                                                                                                                                                                     ,https://kms.kaysis.gov.tr/Home/Goster/45462,
45467,14,10311482-156-6703,DENİZ VE İÇSULAR DÜZENLEME GENEL MÜDÜRLÜĞÜ'NÜN 2013/62 SAYILI CANKURTARMA İŞARETLERİ VE TEHLİKEDEKİ ŞAHISLARA YARDIM USULLERİ KONULU UYGULAMA TALİMATI,                                                  ,0001-01-01T00:00:00,Talimat / Talimatname / İç Emir                                                                                                                                                                                                                                                                                                                                                                                                                                                                                     ,https://kms.kaysis.gov.tr/Home/Goster/45467,
46242,14,10311482-156-6703,DENİZ VE İÇSULAR DÜZENLEME GENEL MÜDÜRLÜĞÜ'NÜN 2013/62 SAYILI UYGULAMA TALİMATI,                                                  ,0001-01-01T00:00:00,Talimat / Talimatname / İç Emir                                                                                                                                                                                                                                                                                                                                                                                                                                                                                     ,https://kms.kaysis.gov.tr/Home/Goster/46242,
45463,14,10311482-156-6703,DENİZ VE İÇSULAR DÜZENLEME GENEL MÜDÜRLÜĞÜ'NÜN 2013/62 SAYILI VE CANKURTARMA İŞARETLERİ VE TEHLİKEDEKİ ŞAHISLARA YARDIM USULLERİ KONULU UYGULAMA TALİMATI,                                                  ,0001-01-01T00:00:00,Talimat / Talimatname / İç Emir                                                                                                                                                                                                                                                                                                                                                                                                                                                                                     ,https://kms.kaysis.gov.tr/Home/Goster/45463,
45498,14,36712415-143.01-,DENİZ VE İÇSULAR DÜZENLEME GENEL MÜDÜRLÜĞÜ'NÜN 2013/65 SAYILI VE YARI KAPALI VE KAPALI DENİZ ALANLARINDA KRUVAZİYER GEMİLERDEN ATIK SULARIN DEŞARJI KONULU UYGULAMA TALİMATI,                                                  ,0001-01-01T00:00:00,Talimat / Talimatname / İç Emir                                                                                                                                                                                                                                                                                                                                                                                                                                                                                     ,https://kms.kaysis.gov.tr/Home/Goster/45498,
46138,14,2013/68,DENİZ VE İÇSULAR DÜZENLEME GENEL MÜDÜRLÜĞÜ'NÜN 2013/68 SAYILI UYGULAMA TALİMATI,                                                  ,0001-01-01T00:00:00,Talimat / Talimatname / İç Emir                                                                                                                                                                                                                                                                                                                                                                                                                                                                                     ,https://kms.kaysis.gov.tr/Home/Goster/46138,
45501,14,36712415-143.01-,DENİZ VE İÇSULAR DÜZENLEME GENEL MÜDÜRLÜĞÜ'NÜN 2013/68 SAYILI VE MARPOL EK VİN UYGULANMASI İÇİN 2012 IMO REHBERİ KONULU UYGULAMA TALİMATI,                                                  ,0001-01-01T00:00:00,Talimat / Talimatname / İç Emir                                                                                                                                                                                                                                                                                                                                                                                                                                                                                     ,https://kms.kaysis.gov.tr/Home/Goster/45501,
46540,14,19463099-599-3423,DENİZ VE İÇSULAR DÜZENLEME GENEL MÜDÜRLÜĞÜNÜN 2013/7 SAYILI UYGULAMA TALİMATI,                                                  ,0001-01-01T00:00:00,Talimat / Talimatname / İç Emir                                                                                                                                                                                                                                                                                                                                                                                                                                                                                     ,https://kms.kaysis.gov.tr/Home/Goster/46540,
45438,14,2013/9,DENİZ VE İÇSULAR DÜZENLEME GENEL MÜDÜRLÜĞÜ'NÜN 2013/9 SAYILI UYGULAMA TALİMATI,                                                  ,0001-01-01T00:00:00,Talimat / Talimatname / İç Emir                                                                                                                                                                                                                                                                                                                                                                                                                                                                                     ,https://kms.kaysis.gov.tr/Home/Goster/45438,
46545,14,19463099-599-7882,DENİZ VE İÇSULAR DÜZENLEME GENEL MÜDÜRLÜĞÜNÜN 2013/99 SAYILI UYGULAMA TALİMATI,                                                  ,0001-01-01T00:00:00,Talimat / Talimatname / İç Emir                                                                                                                                                                                                                                                                                                                                                                                                                                                                                     ,https://kms.kaysis.gov.tr/Home/Goster/46545,
46539,14,19463099-599- 350,DENİZ VE İÇSULAR DÜZENLEME GENEL MÜDÜRLÜĞÜNÜN 2014 / 255 SAYILI UYGULAMA TALİMATI,                                                  ,0001-01-01T00:00:00,Talimat / Talimatname / İç Emir                                                                                                                                                                                                                                                                                                                                                                                                                                                                                     ,https://kms.kaysis.gov.tr/Home/Goster/46539,
46546,14,19463099-599- 351,DENİZ VE İÇSULAR DÜZENLEME GENEL MÜDÜRLÜĞÜNÜN 2014 / 256 SAYILI UYGULAMA TALİMATI,                                                  ,0001-01-01T00:00:00,Talimat / Talimatname / İç Emir                                                                                                                                                                                                                                                                                                                                                                                                                                                                                     ,https://kms.kaysis.gov.tr/Home/Goster/46546,
46000,14,298,DENİZ VE İÇSULAR DÜZENLEME GENEL MÜDÜRLÜĞÜ'NÜN 2014/253 SAYILI UYGULAMA TALİMATI,                                                  ,0001-01-01T00:00:00,Talimat / Talimatname / İç Emir                                                                                                                                                                                                                                                                                                                                                                                                                                                                                     ,https://kms.kaysis.gov.tr/Home/Goster/46000,
46538,14,19463099-599-349,DENİZ VE İÇSULAR DÜZENLEME GENEL MÜDÜRLÜĞÜNÜN 2014/254 SAYILI UYGULAMA TALİMATI,                                                  ,0001-01-01T00:00:00,Talimat / Talimatname / İç Emir                                                                                                                                                                                                                                                                                                                                                                                                                                                                                     ,https://kms.kaysis.gov.tr/Home/Goster/46538,
45504,14,36712415-143.01- 4167,DENİZ VE İÇSULAR DÜZENLEME GENEL MÜDÜRLÜĞÜ'NÜN 2014/267 SAYILI VE MARPOL EK VI  KURAL 13 KONULU UYGULAMA TALİMATI,                                                  ,0001-01-01T00:00:00,Talimat / Talimatname / İç Emir                                                                                                                                                                                                                                                                                                                                                                                                                                                                                     ,https://kms.kaysis.gov.tr/Home/Goster/45504,
46148,14,36712415-143.01- 4167,DENİZ VE İÇSULAR DÜZENLEME GENEL MÜDÜRLÜĞÜ'NÜN 2014/267 SAYILIUYGULAMA TALİMATI,                                                  ,0001-01-01T00:00:00,Talimat / Talimatname / İç Emir                                                                                                                                                                                                                                                                                                                                                                                                                                                                                     ,https://kms.kaysis.gov.tr/Home/Goster/46148,
46149,14,36712415-160.02- 31112,DENİZ VE İÇSULAR DÜZENLEME GENEL MÜDÜRLÜĞÜ'NÜN 2014/268 SAYILI UYGULAMA TALİMATI,                                                  ,0001-01-01T00:00:00,Talimat / Talimatname / İç Emir                                                                                                                                                                                                                                                                                                                                                                                                                                                                                     ,https://kms.kaysis.gov.tr/Home/Goster/46149,
45507,14,36712415-160.02- 31112,DENİZ VE İÇSULAR DÜZENLEME GENEL MÜDÜRLÜĞÜ'NÜN 2014/268 SAYILI VE MARPOL EK VI  KURAL 13 KONULU UYGULAMA TALİMATI,                                                  ,0001-01-01T00:00:00,Talimat / Talimatname / İç Emir                                                                                                                                                                                                                                                                                                                                                                                                                                                                                     ,https://kms.kaysis.gov.tr/Home/Goster/45507,
45513,14,25032954/143.01-160.99/38394,DENİZ VE İÇSULAR DÜZENLEME GENEL MÜDÜRLÜĞÜ'NÜN 2014/269 SAYILI VE MARPOL EK VI KURAL 13 HK. KONULU UYGULAMA TALİMATI,                                                  ,0001-01-01T00:00:00,Talimat / Talimatname / İç Emir                                                                                                                                                                                                                                                                                                                                                                                                                                                                                     ,https://kms.kaysis.gov.tr/Home/Goster/45513,
46023,14,65124,DENİZ VE İÇSULAR DÜZENLEME GENEL MÜDÜRLÜĞÜ'NÜN 2014/273 SAYILI UYGULAMA TALİMATI,                                                  ,0001-01-01T00:00:00,Talimat / Talimatname / İç Emir                                                                                                                                                                                                                                                                                                                                                                                                                                                                                     ,https://kms.kaysis.gov.tr/Home/Goster/46023,
45986,14,55785,DENİZ VE İÇSULAR DÜZENLEME GENEL MÜDÜRLÜĞÜ'NÜN 27/2014 SAYILI UYGULAMA TALİMATI,                                                  ,0001-01-01T00:00:00,Talimat / Talimatname / İç Emir                                                                                                                                                                                                                                                                                                                                                                                                                                                                                     ,https://kms.kaysis.gov.tr/Home/Goster/45986,
45983,14,57507,DENİZ VE İÇSULAR DÜZENLEME GENEL MÜDÜRLÜĞÜ'NÜN 272/2014 SAYILI UYGULAMA TALİMATI,                                                  ,0001-01-01T00:00:00,Talimat / Talimatname / İç Emir                                                                                                                                                                                                                                                                                                                                                                                                                                                                                     ,https://kms.kaysis.gov.tr/Home/Goster/45983,
46131,14,19463099-599- 8080,DENİZ VE İÇSULAR DÜZENLEME GENEL MÜDÜRLÜĞÜNÜN ACİL DURUM YEDEKLEME PROSEDÜRLERİ HK 2013/136 SAYILI UYGULAMA TALİMATI,                                                  ,0001-01-01T00:00:00,Talimat / Talimatname / İç Emir                                                                                                                                                                                                                                                                                                                                                                                                                                                                                     ,https://kms.kaysis.gov.tr/Home/Goster/46131,
46133,14,19463099-599- 8083,DENİZ VE İÇSULAR DÜZENLEME GENEL MÜDÜRLÜĞÜNÜN ACİL DURUMLAR HK. 2013/141 SAYILI UYGULAMA TALİMATI,                                                  ,0001-01-01T00:00:00,Talimat / Talimatname / İç Emir                                                                                                                                                                                                                                                                                                                                                                                                                                                                                     ,https://kms.kaysis.gov.tr/Home/Goster/46133,
46135,14,19463099-599- 8079,DENİZ VE İÇSULAR DÜZENLEME GENEL MÜDÜRLÜĞÜNÜN DENİZ RADAR SİSTEMLERİ HK.2013/138 SAYILI UYGULAMA TALİMATI,                                                  ,0001-01-01T00:00:00,Talimat / Talimatname / İç Emir                                                                                                                                                                                                                                                                                                                                                                                                                                                                                     ,https://kms.kaysis.gov.tr/Home/Goster/46135,
46136,14,19463099-599- 8078,DENİZ VE İÇSULAR DÜZENLEME GENEL MÜDÜRLÜĞÜNÜN DENİZDE HABERLEŞME KONULU 2013/144 SAYILI UYGULAMA TALİMATI,                                                  ,0001-01-01T00:00:00,Talimat / Talimatname / İç Emir                                                                                                                                                                                                                                                                                                                                                                                                                                                                                     ,https://kms.kaysis.gov.tr/Home/Goster/46136,
46206,14,19463099-599-7830,DENİZ VE İÇSULAR DÜZENLEME GENEL MÜDÜRLÜĞÜNÜN DENİZDE MÜCBİR SEBEPLER VE KİŞİ KAPASİTESİNİN AŞILMASI KONULU 2013/111 SAYILI UYGULAMA TALİMATI,                                                  ,0001-01-01T00:00:00,Talimat / Talimatname / İç Emir                                                                                                                                                                                                                                                                                                                                                                                                                                                                                     ,https://kms.kaysis.gov.tr/Home/Goster/46206,
46220,14,19463099-599- 8082,DENİZ VE İÇSULAR DÜZENLEME GENEL MÜDÜRLÜĞÜNÜN ENC VE ECDIS HK. KONULU 2013/142 SAYILI UYGULAMA TALİMATI,                                                  ,0001-01-01T00:00:00,Talimat / Talimatname / İç Emir                                                                                                                                                                                                                                                                                                                                                                                                                                                                                     ,https://kms.kaysis.gov.tr/Home/Goster/46220,
46229,14,19463099-599- 8081,DENİZ VE İÇSULAR DÜZENLEME GENEL MÜDÜRLÜĞÜNÜN GECE VARDİYASI HK. KONULU 2013/143 SAYILI UYGULAMA TALİMATI,                                                  ,0001-01-01T00:00:00,Talimat / Talimatname / İç Emir                                                                                                                                                                                                                                                                                                                                                                                                                                                                                     ,https://kms.kaysis.gov.tr/Home/Goster/46229,
55052,14,92039,DENİZYOLU İLE YAPILACAK DÜZENLİ SEFERLERE DAİR YÖNETMELİĞE İLİŞKİN UYGULAMA TALİMATI,                                                  ,0001-01-01T00:00:00,Talimat / Talimatname / İç Emir                                                                                                                                                                                                                                                                                                                                                                                                                                                                                     ,https://kms.kaysis.gov.tr/Home/Goster/55052,
45390,14,19463099-090-99/409,GEMİ ADAMLARININ KARAYA ÇIKIŞLARI KONULU 2014/259 SAYILI UYGULAMA TALİMATI,                                                  ,0001-01-01T00:00:00,Talimat / Talimatname / İç Emir                                                                                                                                                                                                                                                                                                                                                                                                                                                                                     ,https://kms.kaysis.gov.tr/Home/Goster/45390,
46337,14,4283,GEMİ KAPTANLARINA SU ALMA VE OLUMSUZ HAVA ŞARTLARINDAN KAÇIŞ HAKKINDA TALİMATLAR KONULU UYGULAMA TALİMATI 2013/40,                                                  ,0001-01-01T00:00:00,Talimat / Talimatname / İç Emir                                                                                                                                                                                                                                                                                                                                                                                                                                                                                     ,https://kms.kaysis.gov.tr/Home/Goster/46337,
46341,14,7678,GEMİLERDE BULUNAN HIZ ÖLÇÜM CİHAZLARI KONULU UYGULAMA TALİMATI 2013/86,                                                  ,0001-01-01T00:00:00,Talimat / Talimatname / İç Emir                                                                                                                                                                                                                                                                                                                                                                                                                                                                                     ,https://kms.kaysis.gov.tr/Home/Goster/46341,
46342,14,7760,GEMİLERDE BULUNDURULACAK SERTİFİKALAR VE IMO YAYINLARI KONULU UYGULAMA TALİMATI 2013/105,                                                  ,0001-01-01T00:00:00,Talimat / Talimatname / İç Emir                                                                                                                                                                                                                                                                                                                                                                                                                                                                                     ,https://kms.kaysis.gov.tr/Home/Goster/46342,
46344,14,4279,GEMİLERDEKİ TEKNİK İŞLETME VE BAKIM EL KİTAPLARI KONULU UYGULAMA TALİMATI 2013/36,                                                  ,0001-01-01T00:00:00,Talimat / Talimatname / İç Emir                                                                                                                                                                                                                                                                                                                                                                                                                                                                                     ,https://kms.kaysis.gov.tr/Home/Goster/46344,
132313,14,28501,GEMİLERİN TESCİL VE TERKİNİ HAKKINDA TALİMAT,                                                  ,0001-01-01T00:00:00,Talimat / Talimatname / İç Emir                                                                                                                                                                                                                                                                                                                                                                                                                                                                                     ,https://kms.kaysis.gov.tr/Home/Goster/132313,
46347,14,7680,GEMİYE GİRİŞ-ÇIKIŞ EKİPMANLARININ EMNİYETİ KONULU UYGULAMA TALİMATI 2013/84,                                                  ,0001-01-01T00:00:00,Talimat / Talimatname / İç Emir                                                                                                                                                                                                                                                                                                                                                                                                                                                                                     ,https://kms.kaysis.gov.tr/Home/Goster/46347,
46349,14,4281,GENİŞLETİLMİŞ SÖRVEY PROGRAMINA TABİ OLMAYAN GEMİLER KONULU UYGULAMA TALİMATI 2013/38,                                                  ,0001-01-01T00:00:00,Talimat / Talimatname / İç Emir                                                                                                                                                                                                                                                                                                                                                                                                                                                                                     ,https://kms.kaysis.gov.tr/Home/Goster/46349,
46354,14,4276,IMO NUMARASININ GEMİ PLANLARINA İŞLENMESİ KONULU UYGULAMA TALİMATI 2013/33,                                                  ,0001-01-01T00:00:00,Talimat / Talimatname / İç Emir                                                                                                                                                                                                                                                                                                                                                                                                                                                                                     ,https://kms.kaysis.gov.tr/Home/Goster/46354,
46355,14,3432,IMO ORTAK YORUMLARI'NIN (UIS) UYGULANMASI KONULU UYGULAMA TALİMATI 2013/8,                                                  ,0001-01-01T00:00:00,Talimat / Talimatname / İç Emir                                                                                                                                                                                                                                                                                                                                                                                                                                                                                     ,https://kms.kaysis.gov.tr/Home/Goster/46355,
46356,14,4272,"IMO SÖZLEŞMELERİNDE ""ÖZEL DURUMLAR"" UYGULAMASI KONULU UYGULAMA TALİMATI 2013/29",                                                  ,0001-01-01T00:00:00,Talimat / Talimatname / İç Emir                                                                                                                                                                                                                                                                                                                                                                                                                                                                                     ,https://kms.kaysis.gov.tr/Home/Goster/46356,
46357,14,4381,IMO ŞİRKET NUMARASI KONULU UYGULAMA TALİMATI 2013/45,                                                  ,0001-01-01T00:00:00,Talimat / Talimatname / İç Emir                                                                                                                                                                                                                                                                                                                                                                                                                                                                                     ,https://kms.kaysis.gov.tr/Home/Goster/46357,
46358,14,8478,ISM KOD GEREKLİLİKLERİ HAKKINDA UYGULAMA TALİMATI 2013/190,                                                  ,0001-01-01T00:00:00,Talimat / Talimatname / İç Emir                                                                                                                                                                                                                                                                                                                                                                                                                                                                                     ,https://kms.kaysis.gov.tr/Home/Goster/46358,
46359,14,4284,ISM KOD İLE İLGİLİ HUSUSLAR HAKKINDA UYGULAMA TALİMATI 2013/41,                                                  ,0001-01-01T00:00:00,Talimat / Talimatname / İç Emir                                                                                                                                                                                                                                                                                                                                                                                                                                                                                     ,https://kms.kaysis.gov.tr/Home/Goster/46359,
46350,14,4264,İLGİLİ BELGELERDE STCW SÖZLEŞMESİNE YAPILAN REFERANS KONULU UYGULAMA TALİMATI 2013/21,                                                  ,0001-01-01T00:00:00,Talimat / Talimatname / İç Emir                                                                                                                                                                                                                                                                                                                                                                                                                                                                                     ,https://kms.kaysis.gov.tr/Home/Goster/46350,
46541,14,11452,İSTANBUL LİMAN BAŞKANLIĞI YEREL DENİZ TRAFİĞİ REHBERİ,                                                  ,0001-01-01T00:00:00,Talimat / Talimatname / İç Emir                                                                                                                                                                                                                                                                                                                                                                                                                                                                                     ,https://kms.kaysis.gov.tr/Home/Goster/46541,
45275,14,80951974-903.05.01/18749,İŞÇİ OLARAK ÇALIŞAN PERSONELİN YILLIK İZİN KULLANIMINA İLİŞKİN TALİMAT,                                                  ,0001-01-01T00:00:00,Talimat / Talimatname / İç Emir                                                                                                                                                                                                                                                                                                                                                                                                                                                                                     ,https://kms.kaysis.gov.tr/Home/Goster/45275,
46543,14,11452,İZMİR LİMAN BAŞKANLIĞI YEREL DENİZ TRAFİĞİ REHBERİ,                                                  ,0001-01-01T00:00:00,Talimat / Talimatname / İç Emir                                                                                                                                                                                                                                                                                                                                                                                                                                                                                     ,https://kms.kaysis.gov.tr/Home/Goster/46543,
133407,14,68550,"İZMİT, İZMİR, MERSİN GEMİ TRAFİK HİZMETLERİ UYGULAMA TALİMATI",                                                  ,0001-01-01T00:00:00,Talimat / Talimatname / İç Emir                                                                                                                                                                                                                                                                                                                                                                                                                                                                                     ,https://kms.kaysis.gov.tr/Home/Goster/133407,
54959,14,12978,KARAYOLU DÜZENLEME GENEL MÜDÜRLÜĞÜNÜN D4 YETKİ BELGESİ KONULU TALİMATI,                                                  ,0001-01-01T00:00:00,Talimat / Talimatname / İç Emir                                                                                                                                                                                                                                                                                                                                                                                                                                                                                     ,https://kms.kaysis.gov.tr/Home/Goster/54959,
54989,14,32909,KARAYOLU DÜZENLEME GENEL MÜDÜRLÜĞÜNÜN D4 YETKİ BELGESİ KONULU TALİMATI,                                                  ,0001-01-01T00:00:00,Talimat / Talimatname / İç Emir                                                                                                                                                                                                                                                                                                                                                                                                                                                                                     ,https://kms.kaysis.gov.tr/Home/Goster/54989,
54996,14,19033,KARAYOLU DÜZENLEME GENEL MÜDÜRLÜĞÜNÜN D4 YETKİ BELGESİ KONULU TALİMATI,                                                  ,0001-01-01T00:00:00,Talimat / Talimatname / İç Emir                                                                                                                                                                                                                                                                                                                                                                                                                                                                                     ,https://kms.kaysis.gov.tr/Home/Goster/54996,
54997,14,26838,KARAYOLU DÜZENLEME GENEL MÜDÜRLÜĞÜNÜN D4 YETKİ BELGESİ KONULU TALİMATI,                                                  ,0001-01-01T00:00:00,Talimat / Talimatname / İç Emir                                                                                                                                                                                                                                                                                                                                                                                                                                                                                     ,https://kms.kaysis.gov.tr/Home/Goster/54997,
55003,14,19562,KARAYOLU DÜZENLEME GENEL MÜDÜRLÜĞÜNÜN D4 YETKİ BELGESİ KONULU TALİMATI,                                                  ,0001-01-01T00:00:00,Talimat / Talimatname / İç Emir                                                                                                                                                                                                                                                                                                                                                                                                                                                                                     ,https://kms.kaysis.gov.tr/Home/Goster/55003,
46361,14,7718,LİMAN DEVLETİ DENETİMİ (PSC) UYGULAMA TALİMATI 2013/104,                                                  ,0001-01-01T00:00:00,Talimat / Talimatname / İç Emir                                                                                                                                                                                                                                                                                                                                                                                                                                                                                     ,https://kms.kaysis.gov.tr/Home/Goster/46361,
46362,14,2280,LİMAN DEVLETİ DENETİMLERİ (PSC) HAKKINDA UYGULAMA TALİMATI 2014/260,                                                  ,0001-01-01T00:00:00,Talimat / Talimatname / İç Emir                                                                                                                                                                                                                                                                                                                                                                                                                                                                                     ,https://kms.kaysis.gov.tr/Home/Goster/46362,
46598,14,4278,LİMAN DEVLETİ DENETİMLERİNDE DÖKME YÜK GEMİLERİNİN YAPISAL DURUMUNUN KONTROLLERİ HAKKINDA UYGULAMA TALİMATI 2013/35,                                                  ,0001-01-01T00:00:00,Talimat / Talimatname / İç Emir                                                                                                                                                                                                                                                                                                                                                                                                                                                                                     ,https://kms.kaysis.gov.tr/Home/Goster/46598,
46602,14,4280,LİMAN DEVLETİ KONTROLÜ UZMANLARI ETİK KURALLARI HAKKINDA UYGULAMA HAKKINDA TALİMATI 2013/37,                                                  ,0001-01-01T00:00:00,Talimat / Talimatname / İç Emir                                                                                                                                                                                                                                                                                                                                                                                                                                                                                     ,https://kms.kaysis.gov.tr/Home/Goster/46602,
46604,14,7899,LRIT SİSTEMİNİN SÖRVEY VE BELGELENDİRMESİ HAKKINDA UYGULAMA TALİMATI 2013/98,                                                  ,0001-01-01T00:00:00,Talimat / Talimatname / İç Emir                                                                                                                                                                                                                                                                                                                                                                                                                                                                                     ,https://kms.kaysis.gov.tr/Home/Goster/46604,
46605,14,8161,MEVCUT SERTİFİKALARIN YENİ DÜZENLEMELERE GÖRE YENİLENMESİ SÜRECİ HAKKINDA UYGULAMA TALİMATI 2013/40,                                                  ,0001-01-01T00:00:00,Talimat / Talimatname / İç Emir                                                                                                                                                                                                                                                                                                                                                                                                                                                                                     ,https://kms.kaysis.gov.tr/Home/Goster/46605,
46609,14,25109,MUAFİYET VE EŞDEĞER UYGULAMALAR HAKKINDA UYGULAMA TALİMATI 2013/191,                                                  ,0001-01-01T00:00:00,Talimat / Talimatname / İç Emir                                                                                                                                                                                                                                                                                                                                                                                                                                                                                     ,https://kms.kaysis.gov.tr/Home/Goster/46609,
46611,14,7819,MUAFİYETLERİN IMO'YA BİLDİRİMİ HAKKINDA UYGULAMA TALİMATI 2013/106,                                                  ,0001-01-01T00:00:00,Talimat / Talimatname / İç Emir                                                                                                                                                                                                                                                                                                                                                                                                                                                                                     ,https://kms.kaysis.gov.tr/Home/Goster/46611,
132323,14,32276,MUAYENE VE TEST SERTİFİKASI DÜZENLEME YETKİSİNE İLİŞKİN UYGULAMA REHBERİNİN UYGULANMASI TALİMATI,                                                  ,0001-01-01T00:00:00,Talimat / Talimatname / İç Emir                                                                                                                                                                                                                                                                                                                                                                                                                                                                                     ,https://kms.kaysis.gov.tr/Home/Goster/132323,
46615,14,4285,NÜKLEER GEMİLERİN ÖZEL KONTROLLERİ HAKKINDA UYGULAMA TALİMATI 2013/42,                                                  ,0001-01-01T00:00:00,Talimat / Talimatname / İç Emir                                                                                                                                                                                                                                                                                                                                                                                                                                                                                     ,https://kms.kaysis.gov.tr/Home/Goster/46615,
45392,14,62516309.155.05.01.11-1960,ÖTV'SİZ YAKIT UYGULAMA TALİMATI,                                                  ,0001-01-01T00:00:00,Talimat / Talimatname / İç Emir                                                                                                                                                                                                                                                                                                                                                                                                                                                                                     ,https://kms.kaysis.gov.tr/Home/Goster/45392,
55568,14,2534,PETROL TANKERLERİNDE BAŞ VE KIÇ YÜKLEME VE TAHLİYE TERTİBATLARI HAKKINDA UYGULAMA TALİMATI 2013/95,                                                  ,0001-01-01T00:00:00,Talimat / Talimatname / İç Emir                                                                                                                                                                                                                                                                                                                                                                                                                                                                                     ,https://kms.kaysis.gov.tr/Home/Goster/55568,
46617,14,4261,RO-RO YOLCU GEMİLERİNİN SÜRVEY DENETİMLERİ HAKKINDA UYGULAMA TALİMATI 2013/18,                                                  ,0001-01-01T00:00:00,Talimat / Talimatname / İç Emir                                                                                                                                                                                                                                                                                                                                                                                                                                                                                     ,https://kms.kaysis.gov.tr/Home/Goster/46617,
46618,14,4944,SERTİFİKALAR VE KONTROL LİSTELERİ HAKKINDA UYGULAMA TALİMATI 2013/53,                                                  ,0001-01-01T00:00:00,Talimat / Talimatname / İç Emir                                                                                                                                                                                                                                                                                                                                                                                                                                                                                     ,https://kms.kaysis.gov.tr/Home/Goster/46618,
46619,14,4944,SERTİFİKALAR VE KONTROL LİSTELERİ HAKKINDA UYGULAMA TALİMATI 2013/53,                                                  ,0001-01-01T00:00:00,Talimat / Talimatname / İç Emir                                                                                                                                                                                                                                                                                                                                                                                                                                                                                     ,https://kms.kaysis.gov.tr/Home/Goster/46619,
46621,14,8162,SİNTİNE POMPALARININ DENİZ ÇIKIŞLARI HAKKINDA UYGULAMA TALİMATI 2013/133,                                                  ,0001-01-01T00:00:00,Talimat / Talimatname / İç Emir                                                                                                                                                                                                                                                                                                                                                                                                                                                                                     ,https://kms.kaysis.gov.tr/Home/Goster/46621,
46623,14,4262,SOLAS 74 KURAL I/18 'İN UYGULANMASI HAKKINDA UYGULAMA TALİMATI 2013/19,                                                  ,0001-01-01T00:00:00,Talimat / Talimatname / İç Emir                                                                                                                                                                                                                                                                                                                                                                                                                                                                                     ,https://kms.kaysis.gov.tr/Home/Goster/46623,
46625,14,4273,SOLAS BÖLÜM II-1 HAKKINDA UYGULAMA TALİMATI 2013/30,                                                  ,0001-01-01T00:00:00,Talimat / Talimatname / İç Emir                                                                                                                                                                                                                                                                                                                                                                                                                                                                                     ,https://kms.kaysis.gov.tr/Home/Goster/46625,
128922,14,3145,SU MOTOSİKLETİ İMALAT YETKİ BELGESİ KRİTERLERİ TALİMATI,                                                  ,0001-01-01T00:00:00,Talimat / Talimatname / İç Emir                                                                                                                                                                                                                                                                                                                                                                                                                                                                                     ,https://kms.kaysis.gov.tr/Home/Goster/128922,
46628,14,4265,SÜREKLİ ÖZET KAYIT BELGESİNDEKİ BİLGİLER HAKKINDA UYGULAMA TALİMATI 2013/22,                                                  ,0001-01-01T00:00:00,Talimat / Talimatname / İç Emir                                                                                                                                                                                                                                                                                                                                                                                                                                                                                     ,https://kms.kaysis.gov.tr/Home/Goster/46628,
51495,14,689,SÜRVEY REHBERİ HAKKINDA UYGULAMA TALİMATI 2014/257,                                                  ,0001-01-01T00:00:00,Talimat / Talimatname / İç Emir                                                                                                                                                                                                                                                                                                                                                                                                                                                                                     ,https://kms.kaysis.gov.tr/Home/Goster/51495,
46626,14,4277,SÜRVEY TAMAMLANMA TARİHİNİN BELİRLENMESİ HAKKINDA UYGULAMA TALİMATI 2013/34,                                                  ,0001-01-01T00:00:00,Talimat / Talimatname / İç Emir                                                                                                                                                                                                                                                                                                                                                                                                                                                                                     ,https://kms.kaysis.gov.tr/Home/Goster/46626,
45270,14,63677920/929-64114,TALİMAT,                                                  ,0001-01-01T00:00:00,Talimat / Talimatname / İç Emir                                                                                                                                                                                                                                                                                                                                                                                                                                                                                     ,https://kms.kaysis.gov.tr/Home/Goster/45270,
55198,14,2878,TAM KAPALI CAN KURTARMA ARAÇLARINDA OLUŞAN MOTOR KAYNAKLI GAZLAR,                                                  ,0001-01-01T00:00:00,Talimat / Talimatname / İç Emir                                                                                                                                                                                                                                                                                                                                                                                                                                                                                     ,https://kms.kaysis.gov.tr/Home/Goster/55198,
52804,14,7681,TAMAMEN KAPALI CAN FİLİKALARINDA DALIŞ ELBİSELERİNİN GİYİLMESİ HAKKINDA UYGULAMA TALİMATI 2013/87,                                                  ,0001-01-01T00:00:00,Talimat / Talimatname / İç Emir                                                                                                                                                                                                                                                                                                                                                                                                                                                                                     ,https://kms.kaysis.gov.tr/Home/Goster/52804,
55089,14,3205,TERSANELER VE KIYI YAPILARI GENEL MÜDÜRLÜĞÜNÜN 1994 VE 2000 HSC KODLARINDA İDARENİN TAKDİRİNE BIRAKILAN HUSUSLAR HAKKINDA TALİMAT,                                                  ,0001-01-01T00:00:00,Talimat / Talimatname / İç Emir                                                                                                                                                                                                                                                                                                                                                                                                                                                                                     ,https://kms.kaysis.gov.tr/Home/Goster/55089,
55090,14,3197/2013-215,TERSANELER VE KIYI YAPILARI GENEL MÜDÜRLÜĞÜNÜN 2008 IS CODEDA İDARENİN TAKDİRİNE BIRAKILAN HUSUSLAR HAKKINDA TALİMAT,                                                  ,0001-01-01T00:00:00,Talimat / Talimatname / İç Emir                                                                                                                                                                                                                                                                                                                                                                                                                                                                                     ,https://kms.kaysis.gov.tr/Home/Goster/55090,
55093,14,3008-2013/152,TERSANELER VE KIYI YAPILARI GENEL MÜDÜRLÜĞÜNÜN 2009 MODU KODU HAKKINDA TALİMAT,                                                  ,0001-01-01T00:00:00,Talimat / Talimatname / İç Emir                                                                                                                                                                                                                                                                                                                                                                                                                                                                                     ,https://kms.kaysis.gov.tr/Home/Goster/55093,
55205,14,2880,TERSANELER VE KIYI YAPILARI GENEL MÜDÜRLÜĞÜ'NÜN 2013/116 SAYILI UYGULAMA TALİMATI,                                                  ,0001-01-01T00:00:00,Talimat / Talimatname / İç Emir                                                                                                                                                                                                                                                                                                                                                                                                                                                                                     ,https://kms.kaysis.gov.tr/Home/Goster/55205,
55546,14,80635150-010-2877,TERSANELER VE KIYI YAPILARI GENEL MÜDÜRLÜĞÜNÜN 2013/119 SAYILI UYGULAMA TALİMATI,                                                  ,0001-01-01T00:00:00,Talimat / Talimatname / İç Emir                                                                                                                                                                                                                                                                                                                                                                                                                                                                                     ,https://kms.kaysis.gov.tr/Home/Goster/55546,
55208,14,80635150-010-2875,TERSANELER VE KIYI YAPILARI GENEL MÜDÜRLÜĞÜNÜN 2013/121 SAYILI MAKİNE DAİRESİ YAĞ/YAKIT SİSTEMLERİ KONULU UYGULAMA TALİMATI,                                                  ,0001-01-01T00:00:00,Talimat / Talimatname / İç Emir                                                                                                                                                                                                                                                                                                                                                                                                                                                                                     ,https://kms.kaysis.gov.tr/Home/Goster/55208,
55207,14,80635150-010-2873,TERSANELER VE KIYI YAPILARI GENEL MÜDÜRLÜĞÜNÜN 2013/123 SAYILI UYGULAMA TALİMATI,                                                  ,0001-01-01T00:00:00,Talimat / Talimatname / İç Emir                                                                                                                                                                                                                                                                                                                                                                                                                                                                                     ,https://kms.kaysis.gov.tr/Home/Goster/55207,
55602,14,80635150-010-2872,TERSANELER VE KIYI YAPILARI GENEL MÜDÜRLÜĞÜNÜN 2013/124 SAYILI UYGULAMA TALİMATI,                                                  ,0001-01-01T00:00:00,Talimat / Talimatname / İç Emir                                                                                                                                                                                                                                                                                                                                                                                                                                                                                     ,https://kms.kaysis.gov.tr/Home/Goster/55602,
55206,14,2867,TERSANELER VE KIYI YAPILARI GENEL MÜDÜRLÜĞÜ'NÜN 2013/130 SAYILI UYGULAMA TALİMATI,                                                  ,0001-01-01T00:00:00,Talimat / Talimatname / İç Emir                                                                                                                                                                                                                                                                                                                                                                                                                                                                                     ,https://kms.kaysis.gov.tr/Home/Goster/55206,
55556,14,80635150-010-3003,TERSANELER VE KIYI YAPILARI GENEL MÜDÜRLÜĞÜNÜN 2013/157 SAYILI UYGULAMA TALİMATI,                                                  ,0001-01-01T00:00:00,Talimat / Talimatname / İç Emir                                                                                                                                                                                                                                                                                                                                                                                                                                                                                     ,https://kms.kaysis.gov.tr/Home/Goster/55556,
55551,14,80635150-010-3002,TERSANELER VE KIYI YAPILARI GENEL MÜDÜRLÜĞÜNÜN 2013/158 SAYILI UYGULAMA TALİMATI,                                                  ,0001-01-01T00:00:00,Talimat / Talimatname / İç Emir                                                                                                                                                                                                                                                                                                                                                                                                                                                                                     ,https://kms.kaysis.gov.tr/Home/Goster/55551,
55212,14,80635150-010-3000,TERSANELER VE KIYI YAPILARI GENEL MÜDÜRLÜĞÜNÜN 2013/159 SAYILI MAKİNE VE KARGO POMPA DAİRELERİNDEKİ EŞDEĞER SU BAZLI YANGIN SÖNDÜRME SİSTEMLERİ KONULU UYGULAMA TALİMATI,                                                  ,0001-01-01T00:00:00,Talimat / Talimatname / İç Emir                                                                                                                                                                                                                                                                                                                                                                                                                                                                                     ,https://kms.kaysis.gov.tr/Home/Goster/55212,
55536,14,80635150-010-2970,TERSANELER VE KIYI YAPILARI GENEL MÜDÜRLÜĞÜNÜN 2013/162 SAYILI UYGULAMA TALİMATI,                                                  ,0001-01-01T00:00:00,Talimat / Talimatname / İç Emir                                                                                                                                                                                                                                                                                                                                                                                                                                                                                     ,https://kms.kaysis.gov.tr/Home/Goster/55536,
55587,14,80635150-010-3019,TERSANELER VE KIYI YAPILARI GENEL MÜDÜRLÜĞÜNÜN 2013/163 SAYILI UYGULAMA TALİMATI,                                                  ,0001-01-01T00:00:00,Talimat / Talimatname / İç Emir                                                                                                                                                                                                                                                                                                                                                                                                                                                                                     ,https://kms.kaysis.gov.tr/Home/Goster/55587,
55564,14,80635150-010-3094,TERSANELER VE KIYI YAPILARI GENEL MÜDÜRLÜĞÜNÜN 2013/172 SAYILI UYGULAMA TALİMATI,                                                  ,0001-01-01T00:00:00,Talimat / Talimatname / İç Emir                                                                                                                                                                                                                                                                                                                                                                                                                                                                                     ,https://kms.kaysis.gov.tr/Home/Goster/55564,
55560,14,80635150-010-3095,TERSANELER VE KIYI YAPILARI GENEL MÜDÜRLÜĞÜNÜN 2013/173 SAYILI UYGULAMA TALİMATI,                                                  ,0001-01-01T00:00:00,Talimat / Talimatname / İç Emir                                                                                                                                                                                                                                                                                                                                                                                                                                                                                     ,https://kms.kaysis.gov.tr/Home/Goster/55560,
55577,14,80635150-010-3097,TERSANELER VE KIYI YAPILARI GENEL MÜDÜRLÜĞÜNÜN 2013/174 SAYILI UYGULAMA TALİMATI,                                                  ,0001-01-01T00:00:00,Talimat / Talimatname / İç Emir                                                                                                                                                                                                                                                                                                                                                                                                                                                                                     ,https://kms.kaysis.gov.tr/Home/Goster/55577,
55210,14,80635150-010-3194,TERSANELER VE KIYI YAPILARI GENEL MÜDÜRLÜĞÜNÜN 2013/182 SAYILI MAKİNE VE KARGO POMPA DAİRELERİ YANGINLARINI ÖNLEME TEDBİRLERİ KONULU UYGULAMA TALİMATI,                                                  ,0001-01-01T00:00:00,Talimat / Talimatname / İç Emir                                                                                                                                                                                                                                                                                                                                                                                                                                                                                     ,https://kms.kaysis.gov.tr/Home/Goster/55210,
46562,14,80635150-010-3191,TERSANELER VE KIYI YAPILARI GENEL MÜDÜRLÜĞÜNÜN 2013/185 SAYILI UYGULAMA TALİMATI,                                                  ,0001-01-01T00:00:00,Talimat / Talimatname / İç Emir                                                                                                                                                                                                                                                                                                                                                                                                                                                                                     ,https://kms.kaysis.gov.tr/Home/Goster/46562,
55303,14,3191,TERSANELER VE KIYI YAPILARI GENEL MÜDÜRLÜĞÜ'NÜN 2013/185 SAYILI UYGULAMA TALİMATI,                                                  ,0001-01-01T00:00:00,Talimat / Talimatname / İç Emir                                                                                                                                                                                                                                                                                                                                                                                                                                                                                     ,https://kms.kaysis.gov.tr/Home/Goster/55303,
55214,14,80635150-010-3204,TERSANELER VE KIYI YAPILARI GENEL MÜDÜRLÜĞÜNÜN 2013/196 SAYILI MARPOL SÖZLEŞMESİNDE İDARENİN TAKDİRİNE BIRAKILAN HUSUSLAR KONULU UYGULAMA TALİMATI,                                                  ,0001-01-01T00:00:00,Talimat / Talimatname / İç Emir                                                                                                                                                                                                                                                                                                                                                                                                                                                                                     ,https://kms.kaysis.gov.tr/Home/Goster/55214,
55232,14,80635150-010-3203,"TERSANELER VE KIYI YAPILARI GENEL MÜDÜRLÜĞÜNÜN 2013/197 SAYILI MSC.215(82), MSC.288(87) VE MSC.289(87) SAYILI KARARLARDA İDARE TAKDİRİNE BIRAKILAN HUSUSLAR KONULU UYGULAMA TALİMATI",                                                  ,0001-01-01T00:00:00,Talimat / Talimatname / İç Emir                                                                                                                                                                                                                                                                                                                                                                                                                                                                                     ,https://kms.kaysis.gov.tr/Home/Goster/55232,
55230,14,80635150-010-3202,TERSANELER VE KIYI YAPILARI GENEL MÜDÜRLÜĞÜNÜN 2013/198 SAYILI MSC.133(76) VE MSC.168(79) SAYILI KARARLAR İLE 1997 SOLAS KONFERANSINDA İDARENİN TAKDİRİNE BIRAKILAN HUSUSLAR KONULU UYGULAMA TALİMATI,                                                  ,0001-01-01T00:00:00,Talimat / Talimatname / İç Emir                                                                                                                                                                                                                                                                                                                                                                                                                                                                                     ,https://kms.kaysis.gov.tr/Home/Goster/55230,
55532,14,80635150-010-3169,TERSANELER VE KIYI YAPILARI GENEL MÜDÜRLÜĞÜNÜN 2013/203 SAYILI UYGULAMA TALİMATI,                                                  ,0001-01-01T00:00:00,Talimat / Talimatname / İç Emir                                                                                                                                                                                                                                                                                                                                                                                                                                                                                     ,https://kms.kaysis.gov.tr/Home/Goster/55532,
55189,14,80635150-010-3166,TERSANELER VE KIYI YAPILARI GENEL MÜDÜRLÜĞÜ'NÜN 2013/207 SAYILI UYGULAMA TALİMATI,                                                  ,0001-01-01T00:00:00,Talimat / Talimatname / İç Emir                                                                                                                                                                                                                                                                                                                                                                                                                                                                                     ,https://kms.kaysis.gov.tr/Home/Goster/55189,
55526,14,80635150-010-3172,TERSANELER VE KIYI YAPILARI GENEL MÜDÜRLÜĞÜNÜN 2013/209 SAYILI UYGULAMA TALİMATI,                                                  ,0001-01-01T00:00:00,Talimat / Talimatname / İç Emir                                                                                                                                                                                                                                                                                                                                                                                                                                                                                     ,https://kms.kaysis.gov.tr/Home/Goster/55526,
55573,14,80635150-010-3200,TERSANELER VE KIYI YAPILARI GENEL MÜDÜRLÜĞÜNÜN 2013/211 SAYILI UYGULAMA TALİMATI,                                                  ,0001-01-01T00:00:00,Talimat / Talimatname / İç Emir                                                                                                                                                                                                                                                                                                                                                                                                                                                                                     ,https://kms.kaysis.gov.tr/Home/Goster/55573,
55219,14,80635150-010-3292,TERSANELER VE KIYI YAPILARI GENEL MÜDÜRLÜĞÜNÜN 2013/218 SAYILI MODULARIN DEMİRLEME SİSTEMLERİ KONULU UYGULAMA TALİMATI,                                                  ,0001-01-01T00:00:00,Talimat / Talimatname / İç Emir                                                                                                                                                                                                                                                                                                                                                                                                                                                                                     ,https://kms.kaysis.gov.tr/Home/Goster/55219,
55540,14,80635150-010-3259,TERSANELER VE KIYI YAPILARI GENEL MÜDÜRLÜĞÜNÜN 2013/219 SAYILI UYGULAMA TALİMATI,                                                  ,0001-01-01T00:00:00,Talimat / Talimatname / İç Emir                                                                                                                                                                                                                                                                                                                                                                                                                                                                                     ,https://kms.kaysis.gov.tr/Home/Goster/55540,
55582,14,80635150-010-3256,TERSANELER VE KIYI YAPILARI GENEL MÜDÜRLÜĞÜNÜN 2013/222 SAYILI UYGULAMA TALİMATI,                                                  ,0001-01-01T00:00:00,Talimat / Talimatname / İç Emir                                                                                                                                                                                                                                                                                                                                                                                                                                                                                     ,https://kms.kaysis.gov.tr/Home/Goster/55582,
55203,14,3252,TERSANELER VE KIYI YAPILARI GENEL MÜDÜRLÜĞÜ'NÜN 2013/226 SAYILI UYGULAMA TALİMATI,                                                  ,0001-01-01T00:00:00,Talimat / Talimatname / İç Emir                                                                                                                                                                                                                                                                                                                                                                                                                                                                                     ,https://kms.kaysis.gov.tr/Home/Goster/55203,
55543,14,80635150-010-3249,TERSANELER VE KIYI YAPILARI GENEL MÜDÜRLÜĞÜNÜN 2013/229 SAYILI UYGULAMA TALİMATI,                                                  ,0001-01-01T00:00:00,Talimat / Talimatname / İç Emir                                                                                                                                                                                                                                                                                                                                                                                                                                                                                     ,https://kms.kaysis.gov.tr/Home/Goster/55543,
55530,14,80635150-010-3248,TERSANELER VE KIYI YAPILARI GENEL MÜDÜRLÜĞÜNÜN 2013/230 SAYILI UYGULAMA TALİMATI,                                                  ,0001-01-01T00:00:00,Talimat / Talimatname / İç Emir                                                                                                                                                                                                                                                                                                                                                                                                                                                                                     ,https://kms.kaysis.gov.tr/Home/Goster/55530,
55209,14,80635150-010-3247,TERSANELER VE KIYI YAPILARI GENEL MÜDÜRLÜĞÜNÜN 2013/233 SAYILI MAKİNE MAHALLİ VE KARGO POMPA DAİRESİ İÇİN SU BAZLI SABİT YANGIN SÖNDÜRME SİSTEMLERİ KONULU UYGULAMA TALİMATI,                                                  ,0001-01-01T00:00:00,Talimat / Talimatname / İç Emir                                                                                                                                                                                                                                                                                                                                                                                                                                                                                     ,https://kms.kaysis.gov.tr/Home/Goster/55209,
55518,14,80635150-010-3217,TERSANELER VE KIYI YAPILARI GENEL MÜDÜRLÜĞÜNÜN 2013/234 SAYILI UYGULAMA TALİMATI,                                                  ,0001-01-01T00:00:00,Talimat / Talimatname / İç Emir                                                                                                                                                                                                                                                                                                                                                                                                                                                                                     ,https://kms.kaysis.gov.tr/Home/Goster/55518,
55553,14,80635150-010-3212,TERSANELER VE KIYI YAPILARI GENEL MÜDÜRLÜĞÜNÜN 2013/239 SAYILI UYGULAMA TALİMATI,                                                  ,0001-01-01T00:00:00,Talimat / Talimatname / İç Emir                                                                                                                                                                                                                                                                                                                                                                                                                                                                                     ,https://kms.kaysis.gov.tr/Home/Goster/55553,
55227,14,80635150-180/3509,TERSANELER VE KIYI YAPILARI GENEL MÜDÜRLÜĞÜNÜN 2013/243 SAYILI MSC.1/CİRC. 1328 SİRKÜLERİNE TABİ ŞİŞİRİLEBİLİR CANSALLARI KONULU UYGULAMA TALİMATI,                                                  ,0001-01-01T00:00:00,Talimat / Talimatname / İç Emir                                                                                                                                                                                                                                                                                                                                                                                                                                                                                     ,https://kms.kaysis.gov.tr/Home/Goster/55227,
55234,14,80635150-010-2487,TERSANELER VE KIYI YAPILARI GENEL MÜDÜRLÜĞÜNÜN 2013/80 SAYILI ONDÜLE PERDELERDE EMNİYET TEDBİRLERİ KONULU UYGULAMA TALİMATI,                                                  ,0001-01-01T00:00:00,Talimat / Talimatname / İç Emir                                                                                                                                                                                                                                                                                                                                                                                                                                                                                     ,https://kms.kaysis.gov.tr/Home/Goster/55234,
55521,14,80635150-010-2486,TERSANELER VE KIYI YAPILARI GENEL MÜDÜRLÜĞÜNÜN 2013/81 SAYILI UYGULAMA TALİMATI,                                                  ,0001-01-01T00:00:00,Talimat / Talimatname / İç Emir                                                                                                                                                                                                                                                                                                                                                                                                                                                                                     ,https://kms.kaysis.gov.tr/Home/Goster/55521,
55297,14,2540,TERSANELER VE KIYI YAPILARI GENEL MÜDÜRLÜĞÜ'NÜN 2013/89 SAYILI UYGULAMA TALİMATI,                                                  ,0001-01-01T00:00:00,Talimat / Talimatname / İç Emir                                                                                                                                                                                                                                                                                                                                                                                                                                                                                     ,https://kms.kaysis.gov.tr/Home/Goster/55297,
55217,14,35052247-010-1178,TERSANELER VE KIYI YAPILARI GENEL MÜDÜRLÜĞÜNÜN 2014/264 SAYILI MODU KODU KONULU UYGULAMA TALİMATI,                                                  ,0001-01-01T00:00:00,Talimat / Talimatname / İç Emir                                                                                                                                                                                                                                                                                                                                                                                                                                                                                     ,https://kms.kaysis.gov.tr/Home/Goster/55217,
55095,14,2971-2013/160,TERSANELER VE KIYI YAPILARI GENEL MÜDÜRLÜĞÜNÜN ACİL DURUM YANGIN POMPASININ KAPASİTESİ,                                                  ,0001-01-01T00:00:00,Talimat / Talimatname / İç Emir                                                                                                                                                                                                                                                                                                                                                                                                                                                                                     ,https://kms.kaysis.gov.tr/Home/Goster/55095,
55098,14,2881-2013/115,TERSANELER VE KIYI YAPILARI GENEL MÜDÜRLÜĞÜNÜN ASBEST İÇEREN MALZEMELER HAKKINDA TALİMAT,                                                  ,0001-01-01T00:00:00,Talimat / Talimatname / İç Emir                                                                                                                                                                                                                                                                                                                                                                                                                                                                                     ,https://kms.kaysis.gov.tr/Home/Goster/55098,
55099,14,2868-2013/129,TERSANELER VE KIYI YAPILARI GENEL MÜDÜRLÜĞÜNÜN BÜYÜK YANGIN KAPILARININ YANGIN PERFORMANSININ DEĞERLENDİRİLMESİ VE ONAYLANMASI HAKKINDA TALİMAT,                                                  ,0001-01-01T00:00:00,Talimat / Talimatname / İç Emir                                                                                                                                                                                                                                                                                                                                                                                                                                                                                     ,https://kms.kaysis.gov.tr/Home/Goster/55099,
55100,14,3213/2013/238,TERSANELER VE KIYI YAPILARI GENEL MÜDÜRLÜĞÜNÜN CAN FİLİKALARININ YÜKTE BIRAKMA DONANIMININ DEĞİŞİM TARİHİ HAKKINDA TALİMAT,                                                  ,0001-01-01T00:00:00,Talimat / Talimatname / İç Emir                                                                                                                                                                                                                                                                                                                                                                                                                                                                                     ,https://kms.kaysis.gov.tr/Home/Goster/55100,
55101,14,2993-2013/169,TERSANELER VE KIYI YAPILARI GENEL MÜDÜRLÜĞÜNÜN CAN FİLİKASI VE İNDİRME DONANIMI SERVİS SAĞLAYICILARI HAKKINDA TALİMAT,                                                  ,0001-01-01T00:00:00,Talimat / Talimatname / İç Emir                                                                                                                                                                                                                                                                                                                                                                                                                                                                                     ,https://kms.kaysis.gov.tr/Home/Goster/55101,
55102,14,3098-2013/176,TERSANELER VE KIYI YAPILARI GENEL MÜDÜRLÜĞÜNÜN CAN SALLARI SERBEST YÜZME TERTİBATLARI HAKKINDA TALİMAT,                                                  ,0001-01-01T00:00:00,Talimat / Talimatname / İç Emir                                                                                                                                                                                                                                                                                                                                                                                                                                                                                     ,https://kms.kaysis.gov.tr/Home/Goster/55102,
55103,14,3201-2013/199,TERSANELER VE KIYI YAPILARI GENEL MÜDÜRLÜĞÜNÜN COLREGSTE İDARENİN TAKDİRİNE BIRAKILAN HUSUSLAR HAKKINDA TALİMAT,                                                  ,0001-01-01T00:00:00,Talimat / Talimatname / İç Emir                                                                                                                                                                                                                                                                                                                                                                                                                                                                                     ,https://kms.kaysis.gov.tr/Home/Goster/55103,
55104,14,1176-2014/262,TERSANELER VE KIYI YAPILARI GENEL MÜDÜRLÜĞÜNÜN ÇAPRAZ SU BASMASI DÜZENEĞİ DEĞERLENDİRME YÖNTEMİ HAKKINDA TALİMAT,                                                  ,0001-01-01T00:00:00,Talimat / Talimatname / İç Emir                                                                                                                                                                                                                                                                                                                                                                                                                                                                                     ,https://kms.kaysis.gov.tr/Home/Goster/55104,
55105,14,3009-2013/151,TERSANELER VE KIYI YAPILARI GENEL MÜDÜRLÜĞÜNÜN ÇOCUK CAN YELEĞİ SEMBOLÜ HAKKINDA TALİMAT,                                                  ,0001-01-01T00:00:00,Talimat / Talimatname / İç Emir                                                                                                                                                                                                                                                                                                                                                                                                                                                                                     ,https://kms.kaysis.gov.tr/Home/Goster/55105,
55106,14,2538-2013/91,TERSANELER VE KIYI YAPILARI GENEL MÜDÜRLÜĞÜNÜN DİNAMİK KONUMLANDIRMA SİSTEMLERİNE SAHİP GEMİLER HAKKINDA TALİMAT,                                                  ,0001-01-01T00:00:00,Talimat / Talimatname / İç Emir                                                                                                                                                                                                                                                                                                                                                                                                                                                                                     ,https://kms.kaysis.gov.tr/Home/Goster/55106,
55108,14,3165-2013/208,TERSANELER VE KIYI YAPILARI GENEL MÜDÜRLÜĞÜNÜN DOĞALGAZ YAKITLI MAKİNE İLE DONATILMIŞ GEMİLER HAKKINDA TALİMAT,                                                  ,0001-01-01T00:00:00,Talimat / Talimatname / İç Emir                                                                                                                                                                                                                                                                                                                                                                                                                                                                                     ,https://kms.kaysis.gov.tr/Home/Goster/55108,
55109,14,3192-2013/184,TERSANELER VE KIYI YAPILARI GENEL MÜDÜRLÜĞÜNÜN DÖKME HALDE NGHP TAŞIYAN GEMİLERİN İNŞAATI VE EKİPMANLARI İÇİN GEÇİCİ REHBER HAKKINDA TALİMAT,                                                  ,0001-01-01T00:00:00,Talimat / Talimatname / İç Emir                                                                                                                                                                                                                                                                                                                                                                                                                                                                                     ,https://kms.kaysis.gov.tr/Home/Goster/55109,
55110,14,3210-2013/241,TERSANELER VE KIYI YAPILARI GENEL MÜDÜRLÜĞÜNÜN DÖKME YÜK GEMİLERİ İÇİN IACS BİRLEŞTİRİLMİŞ GEREKLİLİKLERİ HAKKINDA TALİMAT,                                                  ,0001-01-01T00:00:00,Talimat / Talimatname / İç Emir                                                                                                                                                                                                                                                                                                                                                                                                                                                                                     ,https://kms.kaysis.gov.tr/Home/Goster/55110,
55111,14,3010-2013/150,TERSANELER VE KIYI YAPILARI GENEL MÜDÜRLÜĞÜNÜN DÖKME YÜK GEMİLERİNDE GEREKLİ STABİLİTE KOŞULLARI HAKKINDA TALİMAT,                                                  ,0001-01-01T00:00:00,Talimat / Talimatname / İç Emir                                                                                                                                                                                                                                                                                                                                                                                                                                                                                     ,https://kms.kaysis.gov.tr/Home/Goster/55111,
55112,14,2488-2013/79,TERSANELER VE KIYI YAPILARI GENEL MÜDÜRLÜĞÜNÜN DÖKME YÜK GEMİLERİNİN AMBAR KAPAKLARI HAKKINDA TALİMAT,                                                  ,0001-01-01T00:00:00,Talimat / Talimatname / İç Emir                                                                                                                                                                                                                                                                                                                                                                                                                                                                                     ,https://kms.kaysis.gov.tr/Home/Goster/55112,
55113,14,3260-2013/217,TERSANELER VE KIYI YAPILARI GENEL MÜDÜRLÜĞÜNÜN DÖKME YÜK GEMİLERİNİN EMNİYETİ HAKKINDA TALİMAT,                                                  ,0001-01-01T00:00:00,Talimat / Talimatname / İç Emir                                                                                                                                                                                                                                                                                                                                                                                                                                                                                     ,https://kms.kaysis.gov.tr/Home/Goster/55113,
55114,14,2493/2013/74,TERSANELER VE KIYI YAPILARI GENEL MÜDÜRLÜĞÜNÜN DUMAN DEDEKTÖRLERİNE EŞDEĞER NİTELİKTEKİ DETEKTÖRLER HAKKINDA TALİMAT,                                                  ,0001-01-01T00:00:00,Talimat / Talimatname / İç Emir                                                                                                                                                                                                                                                                                                                                                                                                                                                                                     ,https://kms.kaysis.gov.tr/Home/Goster/55114,
55522,14,2865/2013/132,TERSANELER VE KIYI YAPILARI GENEL MÜDÜRLÜĞÜNÜN DÜŞME ÖNLEYİCİ DONANIMLAR (FPD),                                                  ,0001-01-01T00:00:00,Talimat / Talimatname / İç Emir                                                                                                                                                                                                                                                                                                                                                                                                                                                                                     ,https://kms.kaysis.gov.tr/Home/Goster/55522,
55527,14,1179-2014/265,TERSANELER VE KIYI YAPILARI GENEL MÜDÜRLÜĞÜNÜN ELEKTRONİK YALPA ÖLÇERLERİN PERFORMANS STANDARTLARI,                                                  ,0001-01-01T00:00:00,Talimat / Talimatname / İç Emir                                                                                                                                                                                                                                                                                                                                                                                                                                                                                     ,https://kms.kaysis.gov.tr/Home/Goster/55527,
55531,14,1177-2014/263,TERSANELER VE KIYI YAPILARI GENEL MÜDÜRLÜĞÜNÜN ENERJİ VERİMLİLİĞİ DİZAYN ENDEKSİ (EEDI) 2013 REHBERİ,                                                  ,0001-01-01T00:00:00,Talimat / Talimatname / İç Emir                                                                                                                                                                                                                                                                                                                                                                                                                                                                                     ,https://kms.kaysis.gov.tr/Home/Goster/55531,
55535,14,3250-2013/228,TERSANELER VE KIYI YAPILARI GENEL MÜDÜRLÜĞÜNÜN FİLİKA KONTROL DÜZENLEMELERİNİN STANDARDİZASYONU İÇİN REHBER,                                                  ,0001-01-01T00:00:00,Talimat / Talimatname / İç Emir                                                                                                                                                                                                                                                                                                                                                                                                                                                                                     ,https://kms.kaysis.gov.tr/Home/Goster/55535,
55541,14,2994-2013/168,TERSANELER VE KIYI YAPILARI GENEL MÜDÜRLÜĞÜNÜN FSS KOD UYGULAMASI HAKKINDA REHBER,                                                  ,0001-01-01T00:00:00,Talimat / Talimatname / İç Emir                                                                                                                                                                                                                                                                                                                                                                                                                                                                                     ,https://kms.kaysis.gov.tr/Home/Goster/55541,
55548,14,2869-2013/128,TERSANELER VE KIYI YAPILARI GENEL MÜDÜRLÜĞÜNÜN GAZLI SABİT YANGIN SÖNDÜRME SİSTEMLERİ,                                                  ,0001-01-01T00:00:00,Talimat / Talimatname / İç Emir                                                                                                                                                                                                                                                                                                                                                                                                                                                                                     ,https://kms.kaysis.gov.tr/Home/Goster/55548,
55552,14,3190-2013/187,TERSANELER VE KIYI YAPILARI GENEL MÜDÜRLÜĞÜNÜN GEMİ İNŞA DOSYASINA DAHİL EDİLECEK BİLGİLER HAKKINDA REHBER,                                                  ,0001-01-01T00:00:00,Talimat / Talimatname / İç Emir                                                                                                                                                                                                                                                                                                                                                                                                                                                                                     ,https://kms.kaysis.gov.tr/Home/Goster/55552,
55554,14,3211-2013/240,TERSANELER VE KIYI YAPILARI GENEL MÜDÜRLÜĞÜNÜN GEMİ MANEVRA KABİLİYETİ STANDARTLARI,                                                  ,0001-01-01T00:00:00,Talimat / Talimatname / İç Emir                                                                                                                                                                                                                                                                                                                                                                                                                                                                                     ,https://kms.kaysis.gov.tr/Home/Goster/55554,
55561,14,3005-2013/155,"TERSANELER VE KIYI YAPILARI GENEL MÜDÜRLÜĞÜNÜN GEMİ TASARIMI, YAPISI, TAMİRİ VE BAKIMI",                                                  ,0001-01-01T00:00:00,Talimat / Talimatname / İç Emir                                                                                                                                                                                                                                                                                                                                                                                                                                                                                     ,https://kms.kaysis.gov.tr/Home/Goster/55561,
55589,14,2537-2013/92,TERSANELER VE KIYI YAPILARI GENEL MÜDÜRLÜĞÜNÜN GEMİLERDEKİ HELİKOPTER TESİSLERİNE İLİŞKİN STANDARTLAR,                                                  ,0001-01-01T00:00:00,Talimat / Talimatname / İç Emir                                                                                                                                                                                                                                                                                                                                                                                                                                                                                     ,https://kms.kaysis.gov.tr/Home/Goster/55589,
55623,14,2876-2013/120,TERSANELER VE KIYI YAPILARI GENEL MÜDÜRLÜĞÜNÜN GEMİLERDEKİ YANGIN KONTROL PLANLARINDA KULLANILACAK GRAFİKSEL SEMBOLLER,                                                  ,0001-01-01T00:00:00,Talimat / Talimatname / İç Emir                                                                                                                                                                                                                                                                                                                                                                                                                                                                                     ,https://kms.kaysis.gov.tr/Home/Goster/55623,
55628,14,3189-2013/186,TERSANELER VE KIYI YAPILARI GENEL MÜDÜRLÜĞÜNÜN GEMİYE BİNME VE GEMİDEN İNME ARAÇLARI,                                                  ,0001-01-01T00:00:00,Talimat / Talimatname / İç Emir                                                                                                                                                                                                                                                                                                                                                                                                                                                                                     ,https://kms.kaysis.gov.tr/Home/Goster/55628,
55643,14,2536-2013/93,TERSANELER VE KIYI YAPILARI GENEL MÜDÜRLÜĞÜNÜN GÜVERTE KAPLAMALARININ TUTUŞABİLİRLİĞİ İLE İLGİLİ YANGIN TEST PROSEDÜRLERİ,                                                  ,0001-01-01T00:00:00,Talimat / Talimatname / İç Emir                                                                                                                                                                                                                                                                                                                                                                                                                                                                                     ,https://kms.kaysis.gov.tr/Home/Goster/55643,
55656,14,3215-2013/235,TERSANELER VE KIYI YAPILARI GENEL MÜDÜRLÜĞÜNÜN HAM PETROL TANKERLERİNE MUAFİYET TANINMASI,                                                  ,0001-01-01T00:00:00,Talimat / Talimatname / İç Emir                                                                                                                                                                                                                                                                                                                                                                                                                                                                                     ,https://kms.kaysis.gov.tr/Home/Goster/55656,
55657,14,3255-2013/223,TERSANELER VE KIYI YAPILARI GENEL MÜDÜRLÜĞÜNÜN HAM PETROL TANKERLERİNİN KARGO TANKLARININ KAPLAMA SİSTEMLERİNİN BAKIM VE ONARIMI HAKKINDA REHBER,                                                  ,0001-01-01T00:00:00,Talimat / Talimatname / İç Emir                                                                                                                                                                                                                                                                                                                                                                                                                                                                                     ,https://kms.kaysis.gov.tr/Home/Goster/55657,
55711,14,2870-2013/127,TERSANELER VE KIYI YAPILARI GENEL MÜDÜRLÜĞÜNÜN HASAR KONTROL PLAN VE KİTAPÇIKLARI HAKKINDA TALİMAT,                                                  ,0001-01-01T00:00:00,Talimat / Talimatname / İç Emir                                                                                                                                                                                                                                                                                                                                                                                                                                                                                     ,https://kms.kaysis.gov.tr/Home/Goster/55711,
55716,14,3214-2013/236,TERSANELER VE KIYI YAPILARI GENEL MÜDÜRLÜĞÜNÜN HELİKOPTER TESİSLERİNDEKİ YANGIN SÖNDÜRME TEÇHİZATININ ONAYI HAKKINDA TALİMAT,                                                  ,0001-01-01T00:00:00,Talimat / Talimatname / İç Emir                                                                                                                                                                                                                                                                                                                                                                                                                                                                                     ,https://kms.kaysis.gov.tr/Home/Goster/55716,
55718,14,3006-2013/154,TERSANELER VE KIYI YAPILARI GENEL MÜDÜRLÜĞÜNÜN HİPERBARİK TAHLİYE SİSTEMLERİ HAKKINDA TALİMAT,                                                  ,0001-01-01T00:00:00,Talimat / Talimatname / İç Emir                                                                                                                                                                                                                                                                                                                                                                                                                                                                                     ,https://kms.kaysis.gov.tr/Home/Goster/55718,
55721,14,3171-2013/206,TERSANELER VE KIYI YAPILARI GENEL MÜDÜRLÜĞÜNÜN IBC KOD BÖLÜM 17 MİNİMUM GEREKLİLİKLER HAKKINDA TALİMAT,                                                  ,0001-01-01T00:00:00,Talimat / Talimatname / İç Emir                                                                                                                                                                                                                                                                                                                                                                                                                                                                                     ,https://kms.kaysis.gov.tr/Home/Goster/55721,
55730,14,3220-2013/200,TERSANELER VE KIYI YAPILARI GENEL MÜDÜRLÜĞÜNÜN IMSBC VE GRAİN KODLARINDA KONSTRÜKSİYON VE STABİLİTE KAPSAMINDA İDARENİN TAKDİRİNE BIRAKILAN HUSUSLAR HK,                                                  ,0001-01-01T00:00:00,Talimat / Talimatname / İç Emir                                                                                                                                                                                                                                                                                                                                                                                                                                                                                     ,https://kms.kaysis.gov.tr/Home/Goster/55730,
55724,14,3173-2013/202,TERSANELER VE KIYI YAPILARI GENEL MÜDÜRLÜĞÜNÜN İÇİNDE HAVA KULLANILAN YÜKSEK GENLEŞMELİ KÖPÜK SİSTEMİ HAKKINDA TALİMAT,                                                  ,0001-01-01T00:00:00,Talimat / Talimatname / İç Emir                                                                                                                                                                                                                                                                                                                                                                                                                                                                                     ,https://kms.kaysis.gov.tr/Home/Goster/55724,
55731,14,3261-2013/216,TERSANELER VE KIYI YAPILARI GENEL MÜDÜRLÜĞÜNÜN KAPALI YÜK ALANLARININ DRENAJI,                                                  ,0001-01-01T00:00:00,Talimat / Talimatname / İç Emir                                                                                                                                                                                                                                                                                                                                                                                                                                                                                     ,https://kms.kaysis.gov.tr/Home/Goster/55731,
55733,14,3257-2013/221,TERSANELER VE KIYI YAPILARI GENEL MÜDÜRLÜĞÜNÜN KATEGORİ A MAKİNE MAHALLERİNDE SU BAZLI LOKAL YANGIN SÖNDÜRME SİSTEMLERİ,                                                  ,0001-01-01T00:00:00,Talimat / Talimatname / İç Emir                                                                                                                                                                                                                                                                                                                                                                                                                                                                                     ,https://kms.kaysis.gov.tr/Home/Goster/55733,
55735,14,3004-2013/156,TERSANELER VE KIYI YAPILARI GENEL MÜDÜRLÜĞÜNÜN KIYIDA ENERJİ TEMİNİ,                                                  ,0001-01-01T00:00:00,Talimat / Talimatname / İç Emir                                                                                                                                                                                                                                                                                                                                                                                                                                                                                     ,https://kms.kaysis.gov.tr/Home/Goster/55735,
55737,14,2535-2013/94,TERSANELER VE KIYI YAPILARI GENEL MÜDÜRLÜĞÜNÜN KUTUP SULARINDA SEYREDEN GEMİLER,                                                  ,0001-01-01T00:00:00,Talimat / Talimatname / İç Emir                                                                                                                                                                                                                                                                                                                                                                                                                                                                                     ,https://kms.kaysis.gov.tr/Home/Goster/55737,
55738,14,3199-2013/212,TERSANELER VE KIYI YAPILARI GENEL MÜDÜRLÜĞÜNÜN LSA KODUNDA İDARENİN TAKDİRİNE BIRAKILAN HUSUSLAR,                                                  ,0001-01-01T00:00:00,Talimat / Talimatname / İç Emir                                                                                                                                                                                                                                                                                                                                                                                                                                                                                     ,https://kms.kaysis.gov.tr/Home/Goster/55738,
55739,14,2997-2013/165,TERSANELER VE KIYI YAPILARI GENEL MÜDÜRLÜĞÜNÜN MAKİNE DAİRELERİNDE SABİT YANGIN SÖNDÜRME SİSTEMLERİ,                                                  ,0001-01-01T00:00:00,Talimat / Talimatname / İç Emir                                                                                                                                                                                                                                                                                                                                                                                                                                                                                     ,https://kms.kaysis.gov.tr/Home/Goster/55739,
55201,14,3168,TERSANELER VE KIYI YAPILARI GENEL MÜDÜRLÜĞÜ'NÜN TANK BOYALARININ PERFORMANS STANDARTLARI KONULU UYGULAMA TALİMATI,                                                  ,0001-01-01T00:00:00,Talimat / Talimatname / İç Emir                                                                                                                                                                                                                                                                                                                                                                                                                                                                                     ,https://kms.kaysis.gov.tr/Home/Goster/55201,
52806,14,4266,TUTULMA DURUMUNDA BAYRAK DEVLETİNİ BİLGİLENDİRME KONULU UYGULAMA TALİMATI 2013/23,                                                  ,0001-01-01T00:00:00,Talimat / Talimatname / İç Emir                                                                                                                                                                                                                                                                                                                                                                                                                                                                                     ,https://kms.kaysis.gov.tr/Home/Goster/52806,
52808,14,4382,TÜRK BAYRAKLI GEMİLERE DÜZENLENEN BELGELERİN GEÇERLİLİK SÜRESİ HAKKINDA UYGULAMA TALİMATI 2013/46,                                                  ,0001-01-01T00:00:00,Talimat / Talimatname / İç Emir                                                                                                                                                                                                                                                                                                                                                                                                                                                                                     ,https://kms.kaysis.gov.tr/Home/Goster/52808,
52810,14,4380,TÜRK BAYRAKLI GEMİLERE IMO SÖZLEŞMELERİ KAPSAMINDA DÜZENLENEN BELGE FORMLARI HAKKINDA UYGULAMA TALİMATI 2013/44,                                                  ,0001-01-01T00:00:00,Talimat / Talimatname / İç Emir                                                                                                                                                                                                                                                                                                                                                                                                                                                                                     ,https://kms.kaysis.gov.tr/Home/Goster/52810,
52811,14,8513,TÜRK BAYRAKLI GEMİLERİN GENEL DENETİMİ HAKKINDA UYGULAMA TALİMATI 2013/194,                                                  ,0001-01-01T00:00:00,Talimat / Talimatname / İç Emir                                                                                                                                                                                                                                                                                                                                                                                                                                                                                     ,https://kms.kaysis.gov.tr/Home/Goster/52811,
132321,14,98/11860,TÜRK BOĞAZLARI DENİZ TRAFİK DÜZENİ TÜZÜĞÜ UYGULAMA TALİMATI,                                                  ,0001-01-01T00:00:00,Talimat / Talimatname / İç Emir                                                                                                                                                                                                                                                                                                                                                                                                                                                                                     ,https://kms.kaysis.gov.tr/Home/Goster/132321,
55223,14,1960,"ULAŞTIRMA, DENİZCİLİK VE HABERLEŞME BAKANLIĞI DENİZ TİCARETİ GENEL MÜDÜRLÜĞÜ, GENEL UYGULAMA TALİMATI 2014",                                                  ,0001-01-01T00:00:00,Talimat / Talimatname / İç Emir                                                                                                                                                                                                                                                                                                                                                                                                                                                                                     ,https://kms.kaysis.gov.tr/Home/Goster/55223,
55538,14,2995,ULUSLARARASI HASARSIZ STABİLİTE KODU UYGULAMA TALİMATI 2013/167,                                                  ,0001-01-01T00:00:00,Talimat / Talimatname / İç Emir                                                                                                                                                                                                                                                                                                                                                                                                                                                                                     ,https://kms.kaysis.gov.tr/Home/Goster/55538,
52812,14,8163,ULUSLARARASI HAVA KİRLİLİĞİNİ ÖNLEME SERTİFİKASI EKİNE AİT REVİZYONLAR HAKKINDA UYGULAMA TALİMATI 2013/139,                                                  ,0001-01-01T00:00:00,Talimat / Talimatname / İç Emir                                                                                                                                                                                                                                                                                                                                                                                                                                                                                     ,https://kms.kaysis.gov.tr/Home/Goster/52812,
52814,14,2281,UYGULAMA TALİMATI 2014/261,                                                  ,0001-01-01T00:00:00,Talimat / Talimatname / İç Emir                                                                                                                                                                                                                                                                                                                                                                                                                                                                                     ,https://kms.kaysis.gov.tr/Home/Goster/52814,
52817,14,4270,YABANCI BAYRAKLI GEMİLERE SERTİFİKA DÜZENLENMESİ HAKKINDA UYGULAMA TALİMATI 2013/27,                                                  ,0001-01-01T00:00:00,Talimat / Talimatname / İç Emir                                                                                                                                                                                                                                                                                                                                                                                                                                                                                     ,https://kms.kaysis.gov.tr/Home/Goster/52817,
55544,14,3196,YANGIN EMNİYET SİSTEMLERİ ULUSLARARASI KODU'NDA İDARENİN TAKDİRİNE BIRAKILAN HUSUSLAR HAKKINDA UYGULAMA TALİMATI 2013/214,                                                  ,0001-01-01T00:00:00,Talimat / Talimatname / İç Emir                                                                                                                                                                                                                                                                                                                                                                                                                                                                                     ,https://kms.kaysis.gov.tr/Home/Goster/55544,
53379,14,1814,YEDEKLİ SEYİR İŞLEMLERİNDE TAKİP EDİLECEK ESASLARA İLİŞKİN UYGULAMA TALİMATI,                                                  ,0001-01-01T00:00:00,Talimat / Talimatname / İç Emir                                                                                                                                                                                                                                                                                                                                                                                                                                                                                     ,https://kms.kaysis.gov.tr/Home/Goster/53379,
55525,14,3170,YOLCU GEMİLERİNDE CAN SALI İNDİRME DONANIMI UYGULAMA TALİMATI 2013/201,                                                  ,0001-01-01T00:00:00,Talimat / Talimatname / İç Emir                                                                                                                                                                                                                                                                                                                                                                                                                                                                                     ,https://kms.kaysis.gov.tr/Home/Goster/55525,
55523,14,2491,YOLCU GEMİLERİNDE SU BASKINI TESPİT SİSİTEMLERİ UYGULAMA TALİMATI 2013/76,                                                  ,0001-01-01T00:00:00,Talimat / Talimatname / İç Emir                                                                                                                                                                                                                                                                                                                                                                                                                                                                                     ,https://kms.kaysis.gov.tr/Home/Goster/55523,
52819,14,4267,YOLCU GEMİLERİNDEKİ GEMİYİ TERK VE YANGIN TALİMLERİNİN PERİYODİK DENETİM HAKKINDA UYGULAMA TALİMATI 2013/24,                                                  ,0001-01-01T00:00:00,Talimat / Talimatname / İç Emir                                                                                                                                                                                                                                                                                                                                                                                                                                                                                     ,https://kms.kaysis.gov.tr/Home/Goster/52819,
52821,14,8500,YOLCU GEMİLERİNİN EMNİYETİNİN ARTIRILMASI HAKKINDA UYGULAMA TALİMATI 2013/192,                                                  ,0001-01-01T00:00:00,Talimat / Talimatname / İç Emir                                                                                                                                                                                                                                                                                                                                                                                                                                                                                     ,https://kms.kaysis.gov.tr/Home/Goster/52821,
55586,14,3096,YÜKLEME SINIRI SÖZLEŞMESİNDE İDARENİN TAKDİRİNE BIRAKILAN HUSUSLAR HAKKINDA UYGULAMA TALİMATI 2013/175,                                                  ,0001-01-01T00:00:00,Talimat / Talimatname / İç Emir                                                                                                                                                                                                                                                                                                                                                                                                                                                                                     ,https://kms.kaysis.gov.tr/Home/Goster/55586,
55575,14,2539,YÜKLEME VE STABİLİTE PROGRAMLARI HAKKINDA UYGULAMA TALİMATI 2013/90,                                                  ,0001-01-01T00:00:00,Talimat / Talimatname / İç Emir                                                                                                                                                                                                                                                                                                                                                                                                                                                                                     ,https://kms.kaysis.gov.tr/Home/Goster/55575,
55581,14,3167,YÜKSEK GENLEŞMELİ SABİT KÖPÜK SİSTEMİNİN TEST VE ONAYI HAKKINDA UYGULAMA TALİMATI 2013/204,                                                  ,0001-01-01T00:00:00,Talimat / Talimatname / İç Emir                                                                                                                                                                                                                                                                                                                                                                                                                                                                                     ,https://kms.kaysis.gov.tr/Home/Goster/55581,
52822,14,8432,YÜKSEK HIZLI TEKNELERİN BAKIM-TUTUM VE KONTROL GEREKLERİ HAKKINDA UYGULAMA TALİMATI 2013/177,                                                  ,0001-01-01T00:00:00,Talimat / Talimatname / İç Emir                                                                                                                                                                                                                                                                                                                                                                                                                                                                                     ,https://kms.kaysis.gov.tr/Home/Goster/52822,
52824,14,4269,YÜKSEK HIZLI TEKNELERİN İŞLETME İZİNLERİNDE ÖZEL KOŞULLAR HAKKINDA UYGULAMA TALİMATI 2013/26,                                                  ,0001-01-01T00:00:00,Talimat / Talimatname / İç Emir                                                                                                                                                                                                                                                                                                                                                                                                                                                                                     ,https://kms.kaysis.gov.tr/Home/Goster/52824,
45530,18,19381,DENİZ VE İÇSULAR DÜZENLEME GENEL MÜDÜRLÜĞÜ'NÜN 31.10.2012 TARİHLİ LİMANLAR YÖNETMELİĞİNİN UYGULANMASI HK. UYGULAMA ESASI,                                                  ,0001-01-01T00:00:00,Uygulama / Program Esasları                                                                                                                                                                                                                                                                                                                                                                                                                                                                                         ,https://kms.kaysis.gov.tr/Home/Goster/45530,
55037,18,30294,"ULAŞTIRMA, DENİZCİLİK VE HABERLEŞME BAKANLIĞI, DENİZ TİCARETİ GENEL MÜDÜRLÜĞÜ YEŞİL LİMAN/EKO LİMAN PROJESİ UYGULAMA ESASLARI",                                                  ,0001-01-01T00:00:00,Uygulama / Program Esasları                                                                                                                                                                                                                                                                                                                                                                                                                                                                                         ,https://kms.kaysis.gov.tr/Home/Goster/55037,
168524,7,,ULUSAL AKILLI ULAŞIM SİSTEMLERİ STRATEJİ BELGESİ VE 2020-2023 EYLEM PLANI,                                                  ,0001-01-01T00:00:00,Plan / Program                                                                                                                                                                                                                                                                                                                                                                                                                                                                                                      ,https://kms.kaysis.gov.tr/Home/Goster/168524,
45585,11,22037,"T.C. ULAŞTIRMA, DENİZCİLİK VE HABERLEŞME BAKANLIĞI UHDESİNDE BULUNAN BİR KISIM İŞ VE İŞLEMLERİN TÜRKİYE ODALAR VE BORSALAR BİRLİĞİ TARAFINDAN YÜRÜTÜLMESİ AMACIYLA YAPILAN YETKİLENDİRMEYE İLİŞKİN PROTOKOL",                                                  ,0001-01-01T00:00:00,Sözleşme / Protokol                                                                                                                                                                                                                                                                                                                                                                                                                                                                                                 ,https://kms.kaysis.gov.tr/Home/Goster/45585,
55220,34,30294,"ULAŞTIRMA, DENİZCİLİK VE HABERLEŞME BAKANLIĞI DENİZ TİCARETİ GENEL MÜDÜRLÜĞÜ YEŞİL LİMAN/EKO LİMAN PROJESİ SEKTÖREL KRİTERLER DÖKÜMANI",,0001-01-01T00:00:00,Doküman / Yardımcı Yayın                                                                                                                                                                                                                                                                                                                                                                                                                                                                                            ,https://kms.kaysis.gov.tr/Home/Goster/55220,
